Free Cash Flow Yield Normalized Score -S&P 500 Index,,,,,,,,,,,,,,,,,,,,,,,,,,,,,
Company Name,Stock Symbol,TTM,Latest Fiscal Year,Latest Qtr,Previous Qtr,2 QTR ago,3 Qtr Ago,4 QTR Ago,2024,2023,2022,2021,2020,2019,2018,2017,2016,2015,2014,2013,2012,2011,2010,2009,2008,2007,2006,2005,2004
Nvidia Corp,NVDA,16.00,18.20,26.30,35.20,49.00,32.80,23.60,16.80,13.60,17.60,18.60,33.90,44.70,17.80,28.20,78.30,77.50,75.10,82.80,77.20,34.30,36.90,8.60,63.40,49.90,57.00,24.80,11.60
Apple Inc.,AAPL,36.60,33.50,33.10,43.00,53.20,53.60,28.60,38.60,41.40,56.60,51.60,45.90,70.20,64.20,79.90,87.10,89.50,86.10,90.00,64.30,68.70,51.00,44.80,60.50,41.00,33.30,58.50,57.00
Microsoft Corp,MSFT,25.00,22.20,29.70,34.60,46.20,21.80,33.80,23.80,23.20,43.00,34.20,34.10,44.10,42.90,73.40,73.20,74.60,82.50,85.40,87.30,82.30,80.30,59.30,58.90,62.40,63.00,63.90,47.30
Amazon.com Inc,AMZN,20.20,21.40,16.80,19.60,30.20,68.80,26.20,NA,21.40,8.40,10.20,22.60,23.50,20.40,16.40,28.60,24.40,19.10,15.90,15.00,23.00,24.70,39.30,52.80,38.70,38.10,33.30,30.70
"Meta Platforms, Inc. Class A",META,45.60,60.10,50.70,46.00,63.60,55.40,68.00,NA,60.80,69.00,54.60,35.30,42.50,39.70,39.40,35.40,22.10,20.80,20.50,15.20,15.40,13.20,16.50,22.10,19.60,NA,NA,NA
Alphabet Inc. Class A,GOOGL,28.60,47.10,39.40,30.60,57.00,24.00,54.20,NA,46.60,64.00,44.80,43.30,37.00,29.10,38.70,51.50,29.30,32.20,27.40,55.30,46.30,29.30,34.50,48.50,27.10,24.50,23.00,18.70
"Tesla, Inc.",TSLA,11.20,12.80,19.60,15.80,17.60,20.60,13.40,NA,12.00,22.20,13.20,17.20,16.50,10.70,3.40,4.70,3.50,5.20,10.70,2.50,2.80,2.20,10.30,19.20,15.90,18.00,NA,NA
Alphabet Inc. Class C,GOOG,28.60,47.10,39.40,30.60,57.00,24.00,54.20,NA,46.60,64.00,44.80,43.30,37.00,29.10,38.70,51.50,29.30,32.20,27.40,55.30,46.30,29.30,34.50,48.50,27.10,24.50,23.00,18.70
Berkshire Hathaway Class B,BRK-B,21.20,45.50,12.30,51.60,47.20,49.20,42.40,NA,45.60,41.40,52.40,60.10,50.50,48.00,83.20,54.00,53.50,53.00,62.80,45.60,56.90,49.50,55.40,35.40,39.90,43.20,59.30,48.50
Broadcom Inc.,AVGO,26.80,62.30,34.10,36.80,55.20,57.80,47.60,NA,63.00,82.40,72.80,80.80,82.70,82.60,66.70,44.60,62.20,37.00,43.90,52.50,65.70,62.50,22.60,38.40,39.20,NA,NA,NA
Jpmorgan Chase & Co.,JPM,0.60,26.70,0.80,90.80,0.00,98.80,98.80,NA,26.20,98.40,95.80,2.40,16.70,43.50,10.80,74.60,99.20,0.00,0.40,0.00,1.10,87.20,100.00,0.70,0.50,0.90,3.30,2.60
Eli Lilly & Co.,LLY,10.00,9.40,14.50,12.60,26.80,12.40,9.60,NA,10.20,18.60,26.40,33.70,29.20,18.40,49.50,52.80,17.40,40.50,84.30,72.60,84.90,88.50,68.40,86.20,74.90,60.50,21.10,21.00
Unitedhealth Group Incorporated,UNH,27.60,64.90,80.20,61.40,28.40,8.00,50.20,NA,65.40,58.00,56.40,71.10,70.80,63.20,70.00,61.80,78.90,78.60,79.90,86.10,81.70,86.60,85.90,79.00,71.80,82.40,54.10,70.20
Exxon Mobil Corporation,XOM,76.60,82.40,77.80,45.80,85.20,70.20,77.00,NA,82.80,89.40,92.60,12.20,19.50,63.40,52.30,20.00,16.70,30.40,22.80,50.60,51.20,48.80,19.60,73.40,75.60,79.70,84.50,82.70
Visa Inc.,V,36.40,38.30,52.10,47.00,52.00,31.00,55.60,42.60,50.40,59.80,39.00,27.70,35.20,34.20,42.40,27.20,37.60,58.60,20.30,37.80,41.60,31.00,18.00,22.80,23.50,23.80,19.90,14.90
Mastercard Incorporated,MA,32.60,29.50,52.30,36.60,33.40,45.20,31.80,NA,29.20,37.20,29.80,24.20,23.90,25.70,37.70,36.20,32.60,30.10,36.00,40.50,45.80,43.20,30.80,26.40,30.30,50.30,36.30,60.80
Costco Wholesale Corp,COST,18.00,17.20,20.00,27.80,24.40,58.00,34.80,15.80,28.40,19.20,32.80,48.70,25.40,24.10,76.50,17.40,30.00,39.70,25.30,32.90,49.90,58.80,31.40,28.40,33.90,36.70,45.00,73.30
"Home Depot, Inc.",HD,53.60,62.10,38.80,62.00,74.20,48.40,48.40,70.30,40.40,46.00,68.60,55.30,62.60,41.70,62.90,53.80,56.40,68.40,63.20,73.20,50.50,68.80,74.50,38.60,59.00,39.00,37.50,32.90
Procter & Gamble Company,PG,51.80,52.90,36.60,61.60,69.00,39.80,44.60,59.40,45.20,49.40,61.60,59.90,52.50,62.60,51.90,59.30,57.90,54.30,51.90,49.80,49.00,61.20,60.20,56.90,62.60,60.70,55.00,55.30
Johnson & Johnson,JNJ,68.20,56.50,62.60,62.40,50.20,65.20,63.60,NA,56.60,47.60,58.20,61.50,64.60,60.30,62.30,56.20,67.60,60.10,57.90,61.60,55.70,65.30,62.40,59.40,69.50,68.80,56.70,50.40
Walmart Inc.,WMT,62.80,38.10,81.80,55.60,24.60,78.00,6.00,41.60,32.20,34.60,75.20,56.30,74.40,64.00,92.50,82.60,70.20,45.10,58.60,46.20,46.90,56.40,49.20,31.60,31.90,27.30,20.60,29.60
Netflix Inc,NFLX,19.60,35.10,33.70,21.40,53.80,35.60,43.80,NA,34.00,16.40,11.40,18.20,7.00,7.30,7.10,7.20,8.50,10.40,10.50,11.40,41.80,21.50,23.70,39.50,93.20,40.00,81.70,96.20
"Salesforce, Inc.",CRM,46.40,39.70,19.20,82.00,68.80,33.20,18.00,44.60,42.60,27.40,23.80,29.30,24.10,23.90,36.70,23.90,23.80,19.50,21.80,26.20,13.90,22.10,41.50,32.10,28.50,27.90,55.70,39.50
Bank of America Corporation,BAC,9.20,95.60,1.00,96.40,1.80,99.00,92.40,NA,95.60,7.60,8.20,93.80,98.00,95.50,41.20,85.70,96.70,96.70,99.80,3.60,100.00,99.60,99.60,34.10,57.20,65.80,7.70,10.40
Abbvie Inc.,ABBV,68.60,82.20,69.30,33.60,69.20,65.00,82.80,NA,82.60,82.20,83.40,85.20,87.10,82.80,76.70,75.90,78.70,28.10,74.70,86.30,79.30,64.40,68.80,NA,NA,NA,NA,NA
Oracle Corp,ORCL,22.00,42.30,58.00,51.00,70.20,13.00,65.60,47.50,31.00,30.20,70.60,75.20,79.90,74.50,79.10,81.60,75.60,81.90,83.90,83.80,53.50,62.30,60.40,51.20,60.80,67.00,56.20,53.90
Chevron Corporation,CVX,79.00,77.20,77.20,43.60,62.40,83.60,61.20,NA,77.20,86.20,84.20,19.40,70.00,79.10,34.90,8.20,3.90,8.90,8.80,33.10,60.60,52.10,14.50,56.20,50.80,73.00,82.90,76.10
"Merck & Co., Inc.",MRK,74.60,34.70,84.80,67.40,46.80,13.60,81.20,NA,33.80,64.60,63.20,31.90,55.90,46.20,37.30,68.50,82.90,38.30,76.20,65.80,76.50,68.30,23.50,66.60,58.50,71.60,82.40,88.20
Wells Fargo & Co.,WFC,90.80,98.80,78.00,98.20,1.20,97.60,98.60,NA,98.80,93.20,3.80,23.40,32.80,92.30,20.10,1.80,0.80,0.80,97.90,0.40,76.80,19.50,98.90,11.30,1.60,98.40,6.80,95.70
Coca-Cola Company,KO,15.60,44.90,9.90,56.20,27.80,34.40,63.00,NA,44.40,44.00,58.80,44.50,41.60,27.30,31.40,36.60,46.90,51.40,44.60,43.20,33.50,39.50,37.10,46.50,46.50,49.20,63.00,54.10
Advanced Micro Devices,AMD,12.40,12.60,17.20,15.40,28.80,17.00,15.00,NA,11.60,38.60,22.60,17.60,14.30,10.50,11.80,14.10,1.70,2.30,2.90,1.10,27.50,2.80,16.30,1.40,1.10,7.90,15.50,8.70
"Cisco Systems, Inc.",CSCO,65.40,64.50,67.90,76.20,84.60,21.00,40.80,72.30,85.20,76.00,73.80,78.40,71.80,68.20,87.60,85.50,82.00,85.90,86.00,90.50,78.00,58.10,53.60,64.10,59.20,71.80,61.40,48.20
"Pepsico, Inc.",PEP,32.80,37.70,50.30,28.00,15.40,51.80,72.00,NA,36.80,25.20,37.40,37.30,28.80,37.70,52.50,54.80,64.00,63.40,59.40,51.10,47.10,40.80,38.50,45.60,43.10,48.00,47.80,43.30
Accenture Plc,ACN,51.00,48.30,63.80,73.20,55.80,19.60,61.00,55.40,53.40,60.00,53.20,63.10,59.80,56.10,70.60,68.30,73.30,71.70,69.20,83.10,72.30,83.90,87.00,72.70,85.40,94.50,88.10,87.00
Adobe Inc.,ADBE,34.20,25.30,35.40,48.80,38.80,27.20,27.80,NA,24.60,57.00,28.80,27.90,28.00,28.10,35.90,40.90,27.50,31.00,31.40,68.60,77.60,51.60,43.10,71.30,61.50,45.00,46.60,42.60
Linde Plc,LIN,24.80,28.10,34.70,20.20,38.00,37.00,32.80,NA,27.80,44.20,50.40,33.30,22.90,34.00,49.90,39.70,40.50,31.20,22.00,19.20,19.40,16.70,27.30,30.50,29.60,43.60,40.50,41.10
Mcdonald's Corporation,MCD,37.00,37.30,41.40,30.20,58.80,37.80,49.20,NA,36.40,34.00,47.40,33.10,47.30,28.30,30.60,41.30,46.70,52.80,45.60,39.50,35.20,42.70,45.10,46.70,50.60,57.50,68.60,61.00
"Servicenow, Inc.",NOW,17.80,19.60,18.60,16.60,50.60,42.00,14.80,NA,20.00,32.80,18.40,21.20,18.90,16.20,24.30,14.70,19.60,17.30,12.60,14.80,38.60,8.90,15.40,22.10,19.60,NA,NA,NA
"Thermo Fisher Scientific, Inc.",TMO,52.40,37.50,36.40,40.40,38.20,63.40,40.60,NA,36.60,41.60,33.00,44.90,33.80,41.90,61.30,53.60,46.10,50.90,43.10,70.70,71.00,44.70,58.50,64.80,62.20,45.70,51.80,46.80
Abbott Laboratories,ABT,37.60,27.10,49.50,41.20,34.40,51.20,30.00,NA,26.80,50.80,44.60,34.50,29.80,36.40,58.40,37.40,28.10,40.70,34.30,94.30,93.40,95.00,88.80,88.30,84.30,91.00,92.30,84.40
Ge Aerospace,GE,31.00,35.30,29.90,23.00,36.60,77.00,58.60,NA,34.20,81.20,38.60,17.00,54.30,3.00,31.60,5.50,76.90,89.20,86.60,90.10,94.20,95.40,90.30,95.50,91.30,69.70,87.10,87.50
Texas Instruments Incorporated,TXN,12.80,14.00,18.20,18.00,22.40,25.80,18.60,NA,14.20,49.20,49.00,43.90,60.20,70.90,59.00,67.30,76.70,73.60,68.20,75.90,64.60,55.50,45.50,84.40,80.90,35.30,51.10,46.30
International Business Machines Corporation,IBM,79.60,83.00,71.30,50.60,86.80,81.20,75.60,NA,83.40,76.20,82.00,93.40,90.50,89.30,91.50,86.90,88.80,87.50,75.30,69.40,64.20,72.50,73.40,84.70,76.10,76.00,79.90,67.40
Intuit Inc,INTU,29.20,26.30,17.60,80.20,34.00,14.60,23.80,28.70,35.80,36.00,27.20,32.50,31.40,35.80,49.30,31.30,45.20,64.20,67.20,59.10,48.60,57.70,51.20,49.40,66.30,59.10,67.70,72.30
Philip Morris International Inc.,PM,64.40,67.70,66.10,86.20,24.00,73.20,75.20,NA,68.20,72.00,78.40,76.60,79.70,77.90,58.60,53.40,58.90,62.20,70.10,56.10,63.50,65.10,60.70,60.90,52.80,61.20,48.70,41.80
Caterpillar Inc.,CAT,67.00,74.30,65.10,66.40,49.40,74.20,77.20,NA,74.20,51.60,56.60,53.90,63.60,52.20,44.40,55.20,84.50,87.30,89.30,14.60,46.10,32.50,78.20,33.20,88.20,81.10,25.30,5.40
Goldman Sachs Group Inc.,GS,2.80,1.20,0.20,99.60,72.80,18.80,0.00,NA,1.40,51.80,7.40,2.20,97.80,97.60,0.60,27.80,74.40,2.50,44.10,96.60,98.70,4.80,98.00,21.20,0.70,1.20,1.90,0.90
Intuitive Surgical Inc.,ISRG,11.00,13.40,18.80,16.00,22.60,14.00,17.80,NA,12.60,15.20,17.80,20.20,19.10,16.80,26.00,41.10,34.10,28.50,52.50,31.40,26.90,33.40,24.20,35.90,26.70,32.30,20.80,17.00
Qualcomm Inc,QCOM,75.20,9.60,14.90,57.60,82.40,66.20,84.20,5.00,81.80,63.00,69.20,39.50,79.10,25.90,67.70,83.00,62.00,71.30,73.20,41.40,43.30,41.00,65.30,35.00,51.70,48.70,35.40,38.30
The Walt Disney Company,DIS,63.80,61.10,86.50,34.20,65.00,26.40,76.80,67.30,35.00,13.80,13.60,23.00,15.30,62.30,71.60,66.50,39.70,46.20,64.60,41.10,52.20,59.00,53.80,56.70,64.00,80.60,53.90,67.60
Amgen Inc,AMGN,54.00,59.10,72.30,63.20,33.80,19.20,66.40,NA,59.80,72.40,75.00,77.60,70.40,79.60,88.00,87.50,77.30,73.00,71.50,73.40,67.20,76.10,73.80,67.30,81.50,62.10,47.50,32.20
Comcast Corp,CMCSA,83.20,77.60,87.70,46.80,89.80,44.00,76.00,NA,77.60,81.00,77.80,67.30,76.30,79.40,69.60,56.60,74.80,72.10,58.20,80.80,88.70,78.50,71.20,63.20,47.60,30.30,24.40,33.60
Verizon Communications,VZ,88.80,90.40,85.70,89.00,70.60,79.40,91.60,NA,90.80,73.60,82.40,82.60,77.50,73.50,34.50,21.90,70.50,80.90,95.60,80.60,84.60,91.10,89.90,81.70,79.30,74.60,81.30,80.60
Booking Holdings Inc.,BKNG,66.20,68.10,67.70,76.00,86.20,45.40,45.60,NA,68.60,78.80,31.40,14.80,63.20,66.00,66.90,57.10,50.80,55.10,35.10,52.70,49.70,31.50,42.60,76.10,39.60,68.10,64.60,40.20
Morgan Stanley,MS,1.20,0.40,1.80,0.60,97.20,0.60,75.40,NA,0.40,5.00,96.80,1.80,100.00,78.50,4.10,19.60,39.30,14.10,100.00,99.60,95.50,99.80,0.70,100.00,1.40,0.50,0.70,1.40
Rtx Corporation,RTX,59.60,46.90,51.10,68.60,19.80,85.60,78.80,NA,46.40,36.20,49.80,23.80,84.50,78.30,70.20,34.80,84.70,87.10,77.40,77.00,89.30,83.50,80.20,88.70,87.20,89.80,86.90,85.80
American Express Company,AXP,78.80,91.40,8.10,82.60,92.40,92.20,96.20,NA,91.80,93.40,86.80,53.30,92.00,84.60,97.20,91.00,95.50,91.70,79.70,81.00,92.30,90.70,79.80,96.20,90.90,90.50,89.20,92.70
S&p Global Inc.,SPGI,40.00,25.90,40.20,54.00,47.60,41.60,32.00,NA,25.40,27.00,39.80,55.90,48.70,48.40,56.20,52.10,12.60,54.10,29.50,38.20,73.30,78.30,73.20,79.20,87.70,54.30,74.70,55.80
At&t Inc.,T,93.20,95.80,86.30,89.60,92.20,93.80,92.20,NA,95.80,84.60,97.60,96.80,93.80,95.30,91.30,88.80,91.10,82.30,88.90,91.80,80.60,83.10,87.50,80.60,84.10,76.40,90.20,84.60
Lowe's Companies Inc.,LOW,68.80,60.30,26.10,77.60,91.40,23.00,21.40,66.30,62.40,62.40,78.00,36.10,75.30,49.60,82.60,63.20,71.10,75.90,64.00,69.20,63.80,59.70,26.40,24.60,24.40,23.10,17.10,21.50
Danaher Corporation,DHR,34.80,37.90,30.30,31.80,53.00,34.00,30.60,NA,37.00,54.60,42.80,47.90,39.20,59.70,66.30,72.80,81.00,86.50,84.70,86.70,80.40,71.80,72.50,85.30,82.50,86.80,82.70,77.10
Applied Materials Inc,AMAT,60.40,10.80,54.90,33.20,77.40,49.40,69.80,7.90,76.40,70.40,50.80,72.10,65.60,85.80,69.80,78.90,54.30,70.70,20.10,90.70,87.80,73.30,16.90,70.90,77.00,72.50,45.70,56.00
"Nextra Energy, Inc.",NEE,42.00,16.00,57.00,59.40,39.60,30.60,32.60,NA,16.00,9.60,11.00,16.20,6.20,13.00,17.40,38.70,53.90,48.00,53.60,8.90,12.60,32.80,57.10,48.10,71.50,40.90,15.20,81.80
Progressive Corporation,PGR,89.80,88.60,89.90,85.20,93.40,79.20,89.80,NA,89.20,83.20,91.00,89.20,94.60,96.60,93.90,95.30,91.90,92.50,91.20,90.30,83.60,84.40,79.60,86.90,90.70,86.10,76.80,92.90
"Uber Technologies, Inc.",UBER,53.40,27.30,57.80,56.40,57.80,29.60,36.80,NA,27.00,15.00,10.00,9.20,1.60,4.50,4.70,3.70,NA,NA,NA,NA,NA,NA,NA,NA,NA,NA,NA,NA
Pfizer Inc.,PFE,72.00,30.70,89.10,5.40,31.40,80.20,54.60,NA,30.20,84.00,82.60,68.70,60.40,61.90,82.80,82.80,77.70,86.90,83.10,78.10,83.80,61.60,82.00,86.70,79.00,85.20,77.30,72.60
"Eaton Corporation, Plcs",ETN,29.80,31.50,57.20,31.40,30.60,48.20,41.20,NA,31.20,39.40,28.40,65.30,81.50,73.70,76.90,77.70,81.40,42.00,47.10,54.40,38.40,43.00,77.80,84.00,65.40,87.10,76.30,48.70
Union Pacific Corp.,UNP,51.20,34.30,53.70,37.40,58.00,41.40,35.20,NA,33.40,55.40,50.20,49.50,50.10,55.50,47.30,49.90,41.50,28.30,42.30,37.10,42.40,27.10,71.40,37.20,21.90,21.50,27.20,25.80
"Blackrock, Inc.",BLK,33.40,33.90,14.90,63.00,19.00,61.60,60.40,NA,33.00,52.40,41.60,37.90,37.60,47.80,56.80,33.70,57.60,59.50,72.00,55.10,67.00,52.30,33.60,78.10,28.00,61.70,34.90,43.50
"Honeywell International, Inc.",HON,48.40,33.10,57.40,42.20,29.00,71.80,48.60,NA,32.40,39.80,47.60,42.90,59.60,63.80,57.20,59.70,67.40,63.00,51.30,52.30,42.00,72.00,80.00,84.20,75.20,76.90,63.70,58.90
"Tjx Companies, Inc.",TJX,40.40,46.10,37.20,18.60,86.40,34.20,34.00,52.50,27.60,26.60,65.60,49.70,62.20,39.10,69.20,44.80,52.50,44.50,69.70,40.10,59.70,82.20,54.10,51.90,68.10,66.10,59.50,34.30
Citigroup Inc.,C,2.00,0.00,0.40,4.20,98.40,10.60,99.40,NA,0.00,97.20,99.80,2.60,2.00,98.60,4.30,99.80,98.10,99.00,98.70,80.20,99.60,96.10,0.40,99.80,0.90,15.70,97.90,11.10
Blackstone Inc.,BX,18.60,47.50,80.00,23.20,26.40,40.20,48.00,NA,47.00,86.80,56.80,50.50,62.80,11.90,1.80,7.00,93.60,85.00,96.90,64.60,91.30,4.30,74.90,99.30,4.30,0.70,99.30,14.90
Boston Scientific Corp.,BSX,0.00,21.00,0.00,29.80,25.00,38.20,25.40,NA,21.20,18.20,27.00,26.70,23.10,11.30,38.50,22.90,18.00,68.20,55.60,91.10,71.90,13.00,28.60,60.30,40.10,75.30,33.70,53.70
Conocophillips,COP,95.20,72.50,98.20,66.80,73.40,66.60,74.20,NA,72.80,88.20,90.40,16.60,73.80,80.80,47.10,10.40,5.20,11.00,13.60,13.30,70.40,73.80,24.00,49.90,90.00,74.10,84.10,56.30
Stryker Corporation,SYK,22.20,28.50,44.20,20.00,27.00,52.20,33.00,NA,28.20,24.40,33.40,35.10,21.10,32.80,20.70,30.30,20.70,49.50,66.30,66.90,54.20,51.80,51.60,52.40,36.20,37.40,38.40,26.20
Vertex Pharmaceuticals Inc,VRTX,8.40,33.70,55.60,2.60,61.60,17.60,53.80,NA,32.80,65.40,57.20,60.70,26.60,24.70,19.50,18.20,8.90,8.50,9.60,22.80,14.90,3.30,5.50,14.00,8.90,16.20,7.30,3.30
"Palo Alto Networks, Inc.",PANW,27.20,31.70,21.20,25.80,44.20,72.80,23.20,34.70,38.20,45.20,48.40,39.90,52.70,55.90,74.00,60.10,22.90,17.50,24.70,53.00,14.30,11.30,13.60,NA,NA,NA,NA,NA
Automatic Data Processing,ADP,42.20,42.50,32.50,58.20,72.40,42.60,15.60,48.50,47.80,35.60,38.80,45.70,30.20,32.60,44.20,35.80,44.60,50.10,45.20,67.70,53.70,65.90,65.10,63.00,50.10,74.80,68.40,63.60
"Fiserv, Inc.",FI,46.60,59.90,70.30,57.20,39.40,62.20,67.00,NA,60.60,60.20,55.60,53.70,40.40,39.30,57.60,56.00,54.50,69.60,57.10,58.20,74.20,70.90,67.00,72.90,59.70,58.70,58.30,69.50
Palantir Technologies Inc. Class A,PLTR,12.20,19.80,26.50,17.20,31.60,36.60,19.60,NA,20.20,18.40,15.20,13.60,9.70,10.30,NA,NA,NA,NA,NA,NA,NA,NA,NA,NA,NA,NA,NA,NA
Bristol-Myers Squibb Co.,BMY,91.40,91.20,92.90,83.80,87.80,89.20,87.80,NA,91.60,79.40,88.40,85.60,77.10,65.20,53.30,20.70,15.70,27.00,32.00,88.40,66.30,71.60,51.90,50.80,53.30,34.40,31.40,50.10
Lockheed Martin Corp.,LMT,65.80,68.30,64.80,63.80,67.80,59.60,79.20,NA,68.80,59.40,79.40,73.30,66.40,21.50,72.80,65.40,72.50,58.20,80.30,21.30,85.10,79.60,62.60,76.70,78.60,79.00,80.30,83.70
Gilead Sciences Inc,GILD,86.00,78.60,90.70,64.80,87.60,72.00,66.60,NA,78.40,79.20,90.00,87.20,88.50,84.20,95.90,97.10,94.20,87.90,23.20,45.40,81.90,71.40,57.40,41.80,47.80,46.70,34.00,33.10
"Micron Technology, Inc.",MU,10.40,12.00,19.00,17.80,21.60,11.60,4.40,12.90,2.60,61.00,37.20,16.40,77.90,90.70,88.20,1.40,76.40,88.60,39.70,65.20,10.40,98.70,81.50,2.90,1.80,64.40,29.00,18.00
"T-Mobile Us, Inc.",TMUS,45.40,49.70,34.30,70.20,70.40,57.00,64.00,NA,49.20,11.00,4.60,10.20,10.10,6.50,1.60,4.10,5.60,1.50,5.40,81.90,27.70,37.70,17.10,8.80,13.70,4.20,9.10,14.90
The Charles Schwab Corporation,SCHW,97.80,5.60,99.60,2.40,9.20,98.40,1.00,NA,6.00,14.60,14.20,80.60,94.20,97.80,16.60,46.80,24.20,58.40,41.00,58.90,91.90,10.20,46.60,20.50,59.90,75.10,35.10,34.00
Starbucks Corp,SBUX,53.80,31.90,71.70,53.40,22.20,64.40,46.00,35.60,39.20,30.00,44.20,16.00,31.20,91.50,40.80,40.50,28.70,10.20,27.80,23.60,32.20,54.90,47.70,31.80,25.10,25.90,19.70,27.20
Medtronic Plc,MDT,65.00,61.50,24.40,22.20,87.20,71.00,16.00,69.30,42.40,54.00,34.80,57.10,62.40,29.80,63.70,37.80,59.50,82.70,88.30,82.30,63.10,60.50,69.00,45.40,45.10,27.50,43.30,40.70
"Marsh & Mclennan Companies, Inc.",MMC,43.00,50.10,68.90,54.20,14.20,69.40,68.60,NA,49.40,46.60,47.20,64.50,39.80,58.30,48.10,56.40,62.40,66.50,32.40,49.20,70.80,24.50,24.40,36.80,12.50,43.40,18.00,86.30
"Analog Devices, Inc.",ADI,32.20,10.80,32.70,32.40,61.00,40.40,31.20,7.90,53.60,62.20,45.40,52.90,61.40,72.10,32.50,70.30,42.10,51.80,54.40,54.90,60.30,70.10,39.60,65.70,71.30,53.60,49.90,44.20
Boeing Company,BA,4.00,28.90,5.70,2.00,3.60,72.40,10.60,NA,28.60,22.40,6.00,3.00,6.40,75.10,80.50,85.10,78.10,80.50,63.60,84.20,34.80,29.70,78.70,12.60,90.20,83.80,85.00,62.20
Intel Corp,INTC,1.00,3.60,4.20,3.80,3.20,9.00,13.20,NA,4.20,3.40,58.40,88.00,75.50,71.10,62.70,81.20,78.30,65.90,81.40,67.50,68.20,76.60,46.20,58.50,57.40,50.10,64.90,64.30
"Prologis, Inc.",PLD,48.20,52.50,54.50,44.20,52.40,31.40,64.20,NA,52.20,49.60,23.60,27.50,37.80,23.30,60.20,51.30,40.90,28.90,21.30,23.40,4.50,10.60,7.00,4.30,3.20,2.50,2.10,2.40
Chubb Limited,CB,94.80,94.40,89.30,94.00,92.80,88.80,93.60,NA,94.40,88.40,94.20,95.80,90.30,88.30,81.10,87.30,88.20,94.60,92.30,93.70,89.80,91.30,92.70,92.10,97.70,98.80,98.80,98.80
Kkr & Co. Inc.,KKR,74.20,7.40,50.10,87.60,89.00,82.20,87.60,NA,7.80,1.60,2.40,1.40,0.00,0.00,0.00,0.60,20.00,96.90,99.20,100.00,4.90,96.30,1.80,0.20,0.20,NA,NA,NA
Deere & Company,DE,59.40,45.10,74.90,25.40,10.40,89.40,61.80,NA,44.80,14.80,60.40,74.10,11.70,7.10,9.50,29.70,35.50,27.70,25.50,9.30,19.60,23.60,29.00,28.70,44.60,23.60,52.70,55.10
Arista Networks,ANET,30.40,27.90,45.50,46.20,41.00,33.60,46.80,NA,27.40,16.20,26.60,38.90,73.00,24.90,44.60,20.20,35.70,35.80,12.30,15.80,13.00,NA,NA,NA,NA,NA,NA,NA
Lam Research Corp,LRCX,69.20,32.50,60.00,27.40,62.20,56.00,40.40,36.60,69.40,51.00,46.80,54.30,87.90,77.50,85.80,89.60,51.40,61.50,78.20,77.40,88.50,50.10,8.40,81.90,87.90,62.60,86.70,39.70
"Elevance Health, Inc.",ELV,13.40,71.70,72.70,13.60,75.00,4.60,76.20,NA,71.60,68.80,74.40,90.00,76.10,37.40,73.60,79.60,87.20,86.30,87.20,88.80,86.60,36.40,70.80,74.50,79.70,81.50,67.90,73.50
The Southern Company,SO,81.00,7.60,97.20,23.80,14.80,9.60,16.80,NA,8.20,7.80,8.80,13.20,5.40,7.50,7.50,4.50,7.40,11.40,18.20,14.10,28.60,10.80,6.40,19.00,17.80,16.90,19.40,28.40
"United Parcel Service, Inc. Class B",UPS,49.60,42.70,27.90,47.80,82.60,20.80,28.20,NA,41.80,71.60,69.60,41.50,23.30,77.10,6.30,35.60,69.20,34.30,57.70,68.40,62.70,26.20,49.70,76.50,15.70,39.50,48.20,35.50
Ge Vernova Inc.,GEV,34.40,14.80,60.40,75.60,8.80,92.00,14.40,NA,15.20,8.80,3.60,NA,NA,NA,NA,NA,NA,NA,NA,NA,NA,NA,NA,NA,NA,NA,NA,NA
The Cigna Group,CI,71.60,89.80,11.50,11.80,96.20,53.80,83.40,NA,90.40,77.60,79.00,90.20,90.70,73.10,84.40,92.00,69.80,66.70,14.20,90.90,74.60,87.90,36.30,94.80,75.90,44.60,50.60,92.20
Trane Technologies Plc,TT,35.60,43.10,60.60,44.80,31.20,61.00,68.80,NA,42.00,39.60,35.80,45.10,77.70,67.20,85.40,87.90,63.80,67.60,74.50,76.20,87.20,35.40,91.00,23.70,77.70,81.80,69.80,62.60
"Nike, Inc.",NKE,78.60,56.30,18.00,72.20,69.60,61.40,11.20,61.40,31.40,26.80,35.40,18.60,48.10,32.00,32.70,23.50,46.30,31.40,43.50,25.90,28.10,65.70,35.80,41.30,63.10,72.10,65.80,70.70
"Altria Group, Inc.",MO,85.20,92.20,82.40,11.40,94.40,91.60,88.80,NA,92.60,85.00,84.60,88.40,83.90,81.60,40.60,28.40,57.00,53.80,60.00,56.80,50.30,42.10,61.30,87.60,96.80,99.30,98.40,97.90
American Tower Corporation,AMT,48.00,30.30,44.60,55.40,61.80,30.20,45.80,NA,29.80,21.40,32.20,32.90,28.20,40.70,41.80,47.20,36.80,29.30,25.10,26.60,23.90,25.60,27.90,42.40,38.30,40.20,44.50,44.90
Parker-Hannifin Corporation,PH,42.40,56.90,35.80,74.20,62.80,45.00,42.80,62.40,64.20,77.20,71.60,79.00,79.30,70.40,67.10,80.40,75.40,73.20,70.50,86.50,57.80,83.70,80.90,67.70,70.40,83.10,83.60,74.90
The Sherwin-Williams Company,SHW,22.60,36.10,40.40,61.20,18.40,35.80,67.80,NA,35.20,23.40,24.00,58.30,44.50,49.40,56.40,45.00,58.70,36.00,51.50,42.60,54.80,52.50,76.30,79.90,87.00,77.80,82.00,70.90
Intercontinental Exchange Inc.,ICE,50.20,51.50,41.00,62.20,66.20,48.80,39.40,NA,51.20,66.20,46.20,47.50,56.70,58.10,52.90,62.20,38.00,60.30,28.90,69.60,63.30,45.10,43.50,47.40,26.20,29.60,27.90,23.60
Kla Corporation,KLAC,48.60,27.70,41.80,38.40,57.40,32.40,50.60,30.70,62.00,73.20,52.80,65.90,67.80,75.30,84.20,75.10,72.30,69.00,87.90,85.40,83.20,69.40,32.70,66.10,56.90,37.60,57.10,33.80
"Paypal Holdings, Inc.",PYPL,84.40,72.30,71.50,80.80,89.40,89.00,65.40,NA,72.60,72.20,27.40,24.60,26.40,50.20,23.70,59.90,44.00,41.80,34.90,24.70,NA,NA,NA,NA,NA,NA,NA,NA
Amphenol Corporation,APH,29.60,41.90,30.10,32.80,49.60,53.20,41.80,NA,41.00,50.00,28.00,40.50,44.90,30.60,40.00,44.20,62.80,43.90,42.90,48.50,52.00,26.50,50.80,69.10,41.20,46.40,49.20,53.00
"Mondelez International, Inc. Class A",MDLZ,56.80,42.10,47.10,25.00,65.60,53.40,35.60,NA,41.20,41.80,43.00,45.30,46.90,52.00,27.20,26.00,29.80,31.60,79.30,47.00,55.40,48.20,87.30,77.40,74.50,73.90,74.50,75.90
Regeneron Pharmaceuticals Inc,REGN,54.60,46.50,45.90,14.00,71.20,38.80,41.40,NA,46.20,68.20,85.80,47.10,61.20,42.30,26.40,24.90,16.30,17.90,16.70,12.40,7.20,11.50,4.00,11.70,22.10,28.40,9.80,8.50
Duke Energy Corporation,DUK,8.20,5.80,28.90,12.00,13.00,9.40,28.00,NA,6.20,4.80,8.40,12.00,4.40,5.30,7.30,8.40,10.50,22.70,17.80,12.00,8.10,9.30,8.10,14.40,21.00,26.60,38.90,94.80
"Equinix, Inc. Reit",EQIX,30.00,13.00,80.80,19.40,22.80,16.00,16.60,NA,12.20,15.80,10.80,15.40,11.50,9.50,13.60,11.50,12.20,14.60,12.80,11.20,7.70,6.10,14.30,11.10,5.90,11.80,28.60,23.40
Synopsys Inc,SNPS,15.20,22.00,25.70,26.80,21.80,22.40,29.60,NA,21.80,45.00,34.60,30.50,30.40,20.90,55.60,68.70,60.70,80.70,79.50,79.10,75.90,63.80,48.60,80.80,86.60,58.20,80.10,83.90
Pnc Financial Services Group,PNC,94.60,95.40,90.90,79.00,85.40,96.60,16.40,NA,95.40,91.00,100.00,0.20,0.60,93.30,2.80,74.00,90.70,0.20,93.90,0.80,3.40,97.80,99.80,9.90,2.30,10.20,10.30,19.40
Aon Plc Class A,AON,43.80,67.10,56.60,37.80,37.80,73.60,59.20,NA,67.80,58.60,38.00,66.50,35.80,39.90,19.70,81.00,76.00,58.00,58.40,61.20,41.20,36.70,21.50,55.50,81.10,78.80,69.60,93.60
"Motorola Solutions, Inc.",MSI,32.40,39.30,44.00,15.60,42.60,75.80,56.20,NA,37.80,46.80,45.20,60.30,71.00,47.00,85.60,74.80,71.30,4.40,40.80,50.00,37.10,86.80,28.40,15.30,23.00,88.20,91.10,90.10
Cadence Design Systems,CDNS,14.60,17.80,26.70,14.80,31.00,21.60,24.60,NA,18.20,29.60,24.20,26.30,39.40,48.60,44.80,64.00,66.30,62.40,84.10,72.20,66.70,61.80,13.00,18.30,73.80,75.50,75.20,81.10
"Waste Management, Inc.",WM,26.00,25.50,33.30,29.20,54.20,25.20,36.20,NA,24.80,37.40,45.80,43.10,52.10,53.20,57.40,58.90,61.00,59.00,61.70,44.90,65.90,54.70,55.20,65.90,76.80,70.20,73.10,57.90
Cme Group Inc.,CME,57.60,54.50,54.70,53.20,67.20,57.60,45.20,NA,54.60,61.60,35.20,47.30,38.40,34.80,43.40,42.50,51.70,42.40,45.40,62.00,64.40,46.00,33.40,65.50,31.20,30.50,30.20,36.90
"Chipotle Mexican Grill, Inc.",CMG,17.60,20.60,20.60,24.00,42.00,18.00,27.40,NA,20.60,24.20,21.40,17.80,18.50,24.30,35.10,17.00,28.30,22.50,19.70,24.30,22.00,21.90,40.90,30.20,19.80,21.00,15.00,7.60
General Dynamics Corporation,GD,34.00,66.70,63.60,39.80,17.20,54.00,68.40,NA,67.40,62.80,70.20,74.70,47.90,59.10,71.80,35.00,49.00,80.20,81.60,79.70,83.40,75.10,69.70,82.20,72.90,69.30,77.00,74.00
Zoetis Inc.,ZTS,33.60,18.40,40.80,22.40,43.80,36.40,28.40,NA,18.80,21.60,19.20,25.90,22.30,33.40,37.90,21.50,21.10,22.00,28.00,21.50,21.70,13.90,14.70,NA,NA,NA,NA,NA
Mckesson Corporation,MCK,74.00,62.70,88.50,4.60,97.60,18.20,55.40,71.30,85.80,81.60,90.80,96.00,95.40,90.90,96.10,86.10,57.40,78.80,82.60,88.60,75.30,80.50,72.70,35.20,75.40,96.10,90.90,53.40
U.S. Bancorp,USB,54.80,92.00,87.30,1.40,95.00,48.60,96.40,NA,92.40,99.20,91.20,71.30,65.00,92.70,84.00,71.40,92.60,2.10,6.10,2.70,2.10,5.20,86.60,6.10,5.50,13.20,66.50,82.30
Welltower Inc.,WELL,19.20,36.90,38.60,36.00,40.80,25.40,37.20,NA,36.00,54.40,44.40,63.50,58.10,67.00,76.30,77.50,68.40,57.20,72.60,55.90,0.00,0.90,6.60,7.20,7.70,6.20,1.60,0.70
"Crowdstrike Holdings, Inc. Class A",CRWD,15.80,15.40,25.50,22.00,37.60,28.20,23.00,14.90,27.20,15.40,13.80,15.80,10.70,9.70,11.00,NA,NA,NA,NA,NA,NA,NA,NA,NA,NA,NA,NA,NA
Transdigm Group Incorporated,TDG,30.60,23.00,31.30,39.20,31.80,46.00,33.60,24.80,26.00,31.80,27.60,50.90,34.00,49.20,65.70,39.30,40.30,56.80,63.00,46.80,49.30,46.20,54.30,80.10,56.30,17.60,71.70,86.50
Cintas Corp,CTAS,21.00,24.60,23.20,45.20,56.60,26.20,22.00,27.70,26.60,41.00,41.40,51.10,38.00,34.40,47.50,21.30,37.80,71.90,69.50,62.20,27.10,82.40,74.10,62.30,53.10,52.70,46.10,52.50
"Eog Resources, Inc.",EOG,86.40,78.40,90.50,73.00,75.40,76.20,62.60,NA,78.20,35.00,85.40,66.10,42.30,31.80,14.00,11.20,6.00,17.00,13.40,4.90,3.60,2.00,11.20,17.80,13.40,15.50,42.90,15.80
Colgate-Palmolive Company,CL,58.40,56.70,54.10,55.20,51.20,59.00,64.40,NA,56.80,33.60,52.20,56.90,59.20,55.30,47.70,45.40,38.80,44.30,40.40,48.70,44.30,56.00,51.00,42.00,49.20,48.50,54.80,54.40
Moody's Corporation,MCO,31.20,26.90,34.90,39.60,61.40,27.80,26.60,NA,26.40,26.20,31.60,45.50,42.10,56.50,25.80,71.80,61.80,55.30,54.00,66.70,75.70,72.90,67.70,70.40,83.60,45.30,43.10,40.00
Constellation Energy Corporation,CEG,2.60,0.60,9.30,5.20,5.40,0.80,1.80,NA,0.60,1.80,1.60,4.40,82.30,89.70,13.20,13.10,11.40,13.10,10.90,13.70,NA,NA,NA,NA,NA,NA,NA,NA
Illinois Tool Works Inc.,ITW,43.60,46.30,47.50,42.80,44.80,49.60,47.40,NA,46.00,34.80,37.00,49.30,57.10,64.40,46.00,50.10,70.00,33.90,64.20,56.30,61.00,39.30,62.00,76.30,76.30,74.40,66.00,47.80
Emerson Electric Co.,EMR,52.00,57.30,63.20,70.60,63.20,29.80,5.00,63.40,11.80,66.80,66.60,72.90,70.60,49.80,43.60,79.80,72.70,78.00,70.70,65.60,71.20,58.60,65.70,64.60,62.90,65.60,62.10,71.60
Northrop Grumman Corp.,NOC,62.40,31.30,77.60,73.40,11.20,76.80,50.80,NA,30.80,21.00,45.60,68.50,64.80,66.80,37.10,47.60,53.30,77.30,82.00,92.60,77.80,79.00,67.50,90.50,85.00,58.00,82.20,71.90
3m Company,MMM,14.00,86.40,3.40,63.60,50.40,85.20,86.60,NA,87.00,76.40,75.60,79.20,75.10,57.90,52.70,69.30,73.80,68.00,55.90,68.10,68.90,63.30,64.60,70.20,65.10,64.70,71.00,64.50
Capital One Financial,COF,99.40,99.80,98.60,99.40,96.80,99.40,99.60,NA,99.80,99.40,97.00,99.20,99.20,99.00,99.60,99.00,98.60,97.70,97.10,97.90,98.30,98.50,88.40,93.50,99.80,91.20,94.40,96.70
"O'reilly Automotive, Inc.",ORLY,44.20,10.80,73.70,34.00,40.00,46.60,46.60,7.90,39.60,58.40,68.80,76.40,35.40,45.30,57.00,37.20,34.30,40.30,34.10,77.60,65.50,31.90,10.80,20.30,21.60,16.40,16.90,27.00
Target Corporation,TGT,81.80,69.50,80.40,29.60,94.20,63.80,57.80,77.20,8.60,59.60,81.80,77.20,76.50,89.10,93.30,90.60,67.10,87.70,53.10,29.30,68.00,79.80,30.10,21.00,28.20,31.40,17.60,16.30
Csx Corporation,CSX,58.60,57.90,66.90,43.40,52.20,50.80,62.80,NA,58.00,65.00,52.60,46.50,68.80,61.10,32.00,22.10,30.60,25.80,30.80,28.30,44.60,47.30,25.90,71.10,31.00,36.50,5.60,44.70
Cvs Health Corporation,CVS,26.60,86.60,6.50,89.40,95.80,3.40,78.20,NA,87.20,86.40,89.80,95.20,90.10,85.60,87.80,89.80,65.90,64.40,44.40,71.50,64.80,47.70,26.60,40.40,34.90,19.40,18.70,10.60
"Air Products & Chemicals, Inc.",APD,6.00,68.50,14.90,9.20,9.60,7.60,8.00,75.20,7.60,13.60,20.20,20.00,21.50,22.90,19.90,69.50,31.60,21.80,12.10,18.80,23.20,24.10,18.20,41.50,31.40,21.90,45.90,36.20
Williams Companies Inc.,WMB,56.60,81.80,47.30,64.00,76.20,80.80,50.00,NA,81.60,75.00,81.00,83.60,67.40,12.10,14.20,79.30,7.90,3.50,5.00,8.60,33.90,9.80,20.70,19.60,13.90,8.80,23.40,87.20
"Becton, Dickinson and Co.",BDX,64.80,54.30,14.90,71.40,41.40,45.80,54.00,60.40,29.00,30.60,62.20,54.70,41.90,26.30,56.00,55.00,45.50,60.90,49.80,71.90,62.30,53.80,48.40,47.00,40.50,44.30,72.60,67.10
Autodesk Inc,ADSK,18.20,23.80,20.40,49.80,51.80,15.80,17.60,26.70,53.20,31.40,26.00,36.50,15.70,10.90,14.80,33.30,60.30,49.70,63.40,60.50,48.40,30.60,86.20,57.60,62.00,51.50,55.50,67.80
Marriot International Class A,MAR,51.60,47.90,67.10,48.60,59.20,42.20,49.60,NA,47.60,53.20,23.20,42.30,21.70,50.60,55.80,68.90,73.60,37.80,50.40,25.30,69.70,45.60,58.90,40.20,23.20,33.90,18.50,55.60
"Hca Healthcare, Inc.",HCA,80.60,73.30,78.40,43.20,78.80,74.00,73.40,NA,73.20,69.60,74.80,89.00,78.70,76.50,86.20,92.40,85.10,81.70,83.30,95.40,95.30,86.30,84.80,27.80,18.20,18.90,88.80,88.40
Fedex Corporation,FDX,45.00,61.30,28.30,83.00,37.00,34.80,56.60,68.30,59.60,63.80,65.20,10.60,13.30,8.50,12.20,22.30,22.30,20.00,43.70,27.60,19.80,15.20,19.10,28.00,28.90,44.10,37.90,79.70
General Motors Company,GM,2.20,2.80,69.70,7.00,1.40,1.00,51.60,NA,3.40,2.40,3.20,7.00,1.00,1.20,1.20,0.80,1.00,6.20,50.80,30.60,29.00,38.40,0.90,1.60,NA,NA,NA,NA
Freeport-Mcmoran Inc.,FCX,85.80,13.80,94.90,58.60,60.40,15.20,13.60,NA,13.40,37.80,83.20,31.70,3.40,90.10,95.70,60.50,0.00,3.30,20.70,16.70,84.20,70.70,65.50,58.20,92.30,95.80,93.40,31.70
Arthur J. Gallagher & Co.,AJG,47.00,43.90,62.80,15.00,74.80,56.80,65.00,NA,43.40,61.40,60.00,76.00,68.60,50.80,79.50,46.00,82.20,51.60,41.60,67.30,57.10,53.60,64.40,46.00,85.60,34.20,62.50,82.00
Carrier Global Corporation,CARR,16.60,54.10,10.50,49.60,23.80,66.40,74.60,NA,54.40,50.40,53.80,53.10,97.00,97.20,98.00,NA,NA,NA,NA,NA,NA,NA,NA,NA,NA,NA,NA,NA
"Oneok, Inc.",OKE,55.00,83.60,64.00,77.80,30.80,76.40,68.20,NA,84.20,68.40,76.20,11.40,3.60,12.30,65.50,70.80,6.40,4.20,2.10,3.40,12.80,40.10,89.70,5.00,41.70,92.10,2.80,10.90
"Ecolab, Inc.",ECL,33.20,29.70,35.20,32.00,47.40,46.40,49.40,NA,29.40,30.40,25.60,26.50,32.40,31.60,36.90,35.20,34.90,32.80,26.40,26.80,20.90,45.30,31.00,39.30,41.50,34.90,39.80,36.60
Schlumberger Limited,SLB,84.20,71.90,85.90,64.40,23.60,85.40,51.20,NA,71.80,31.00,80.20,68.90,74.60,72.90,43.00,32.50,75.00,73.40,46.40,19.40,21.10,20.60,27.50,47.90,34.60,39.70,31.90,22.00
Truist Financial Corporation,TFC,93.80,96.40,68.70,81.80,42.80,98.00,100.00,NA,96.40,94.60,85.20,87.00,60.00,4.00,95.10,12.10,14.30,3.70,89.70,95.10,96.60,87.00,7.90,95.70,55.10,31.60,71.40,92.00
"Fortinet, Inc.",FTNT,25.80,43.70,44.80,35.80,68.20,22.20,39.80,NA,43.20,47.80,25.00,48.50,47.70,53.40,75.90,62.80,52.10,33.30,42.70,43.70,31.30,35.60,81.10,77.70,35.30,20.80,NA,NA
Hilton Worldwide Holdings Inc.,HLT,31.80,40.90,49.70,36.40,43.20,39.00,62.00,NA,40.00,56.40,11.80,24.80,44.30,55.10,31.20,54.20,77.10,65.30,93.10,36.30,39.00,37.50,NA,NA,NA,NA,NA,NA
Norfolk Southern Corp.,NSC,8.80,16.20,51.30,49.00,5.80,12.80,17.00,NA,16.60,49.80,51.80,42.70,43.70,46.60,46.20,36.00,21.70,23.30,36.40,37.60,35.00,43.80,24.60,56.00,59.50,60.00,65.10,46.60
Paccar Inc,PCAR,62.20,69.70,70.10,11.20,81.20,62.80,76.40,NA,70.40,58.20,22.80,56.50,36.00,57.70,42.00,19.40,58.10,25.60,22.40,10.30,11.10,54.40,70.50,18.70,46.70,65.40,21.80,23.20
"Roper Technologies, Inc.",ROP,49.20,36.50,58.60,31.20,56.80,44.80,45.40,NA,35.60,19.00,51.00,39.10,46.30,54.30,58.00,55.80,52.70,61.70,59.80,55.70,59.10,53.40,56.30,77.00,65.60,63.30,75.90,35.90
"Airbnb, Inc. Class A",ABNB,64.20,54.90,59.40,54.60,83.20,17.20,59.00,NA,55.00,73.00,25.40,11.80,12.50,12.80,13.80,NA,NA,NA,NA,NA,NA,NA,NA,NA,NA,NA,NA,NA
"The Travelers Companies, Inc.",TRV,96.80,96.60,97.00,90.00,90.40,92.60,97.60,NA,96.60,92.80,97.40,97.00,95.20,91.90,92.10,94.90,86.00,92.70,91.60,88.00,72.50,82.00,88.10,82.60,95.40,93.50,90.40,97.40
Sempra,SRE,11.40,5.00,93.50,3.60,21.00,5.00,6.60,NA,5.40,3.60,7.00,7.60,8.50,9.10,8.70,3.50,9.30,5.80,5.60,6.10,0.90,15.80,7.50,6.30,25.70,12.50,3.70,9.90
"United Rentals, Inc.",URI,16.20,17.00,11.30,9.60,61.20,69.20,11.40,NA,17.40,36.40,24.60,82.80,65.20,71.30,26.20,77.30,60.50,11.90,7.70,1.50,2.60,46.90,93.60,67.90,10.70,10.90,5.90,13.70
Bank of New York Mellon Corporation,BK,3.20,89.60,7.90,91.40,0.60,1.40,99.20,NA,90.20,99.60,41.20,86.20,6.60,86.00,77.90,92.80,81.60,85.40,6.50,30.40,56.70,77.20,75.20,64.30,82.70,89.10,8.90,90.30
Johnson Controls International Plc,JCI,28.00,21.20,78.80,78.60,15.00,10.00,85.80,20.80,57.40,52.80,56.20,36.90,21.90,67.80,5.10,25.20,23.10,47.00,65.90,10.80,8.70,50.30,22.90,74.00,80.20,61.40,26.50,44.40
Nxp Semiconductors N.v.,NXPI,72.60,51.70,76.80,38.80,59.80,60.20,57.00,NA,51.40,74.40,46.40,55.70,60.60,94.70,60.00,66.90,55.80,70.50,60.70,65.00,10.90,18.40,1.30,4.10,NA,NA,NA,NA
Fair Isaac Corporation,FICO,14.20,15.00,23.40,27.60,29.60,23.60,29.80,13.90,22.00,57.80,49.20,31.50,27.40,25.10,62.50,43.40,43.20,88.40,63.80,66.00,88.90,64.20,83.50,83.70,78.80,78.30,70.30,83.20
"Digital Realty Trust, Inc.",DLR,16.80,49.30,88.30,10.80,15.60,7.00,3.40,NA,49.00,7.00,8.60,12.60,12.30,11.70,9.90,17.60,12.40,10.00,90.60,66.50,5.50,0.70,5.10,6.80,2.70,1.40,0.50,0.50
Aflac Inc.,AFL,66.60,74.10,75.40,24.40,81.40,66.80,83.00,NA,74.00,82.60,91.60,97.60,94.40,96.80,98.80,98.20,98.80,98.80,98.50,99.40,99.40,96.70,94.50,91.40,95.70,97.90,98.10,97.20
Royal Caribbean Group,RCL,9.00,18.00,53.50,6.40,92.00,2.40,62.20,NA,18.60,1.20,1.20,1.20,24.50,9.90,89.90,13.90,18.60,11.20,68.80,17.30,45.40,6.30,1.10,4.50,17.50,13.60,74.20,42.80
"Simon Property Group, Inc.",SPG,74.40,75.40,73.50,77.00,76.60,70.80,73.80,NA,75.20,80.60,71.40,76.20,75.70,63.60,68.80,49.70,32.40,35.10,40.60,34.20,35.80,44.30,52.10,54.60,33.00,33.00,34.20,45.20
"Ameriprise Financial, Inc.",AMP,95.60,90.80,95.40,90.20,93.00,93.40,80.00,NA,91.20,90.40,85.60,97.40,87.70,95.70,73.80,91.60,93.80,88.80,58.80,84.00,90.80,85.20,2.40,96.60,49.70,42.00,78.90,83.00
"W.W. Grainger, Inc.",GWW,39.80,45.30,48.30,39.00,65.80,49.80,44.40,NA,45.00,48.80,31.00,53.50,54.70,57.30,75.70,58.30,55.40,33.70,39.10,36.10,33.00,39.90,64.20,49.20,45.60,58.90,56.00,49.20
"Autozone, Inc.",AZO,45.20,40.10,58.80,45.00,37.40,55.20,60.80,45.50,58.20,68.60,80.60,80.00,71.60,76.70,81.90,52.60,51.20,59.30,72.80,57.60,73.10,67.20,62.20,62.80,77.20,84.10,54.30,71.20
Phillips 66,PSX,73.00,80.20,61.20,88.00,11.80,81.00,86.00,NA,79.80,94.00,92.20,10.00,20.30,90.50,42.20,15.10,11.00,10.60,87.00,72.40,94.50,34.90,4.60,NA,NA,NA,NA,NA
Public Storage,PSA,59.80,63.90,49.30,71.00,66.40,52.40,63.20,NA,64.60,66.40,46.00,57.90,63.00,47.60,53.10,41.90,33.10,48.90,50.20,43.90,41.40,48.40,60.00,55.30,67.20,52.00,43.80,68.60
"Kinder Morgan, Inc.",KMI,77.20,87.00,53.10,84.20,77.00,90.80,65.80,NA,87.80,80.80,90.60,84.00,64.20,68.00,42.80,42.10,47.50,21.00,18.40,24.50,43.10,89.40,34.90,22.10,19.60,NA,NA,NA
Marathon Petroleum Corporation,MPC,89.40,97.80,72.50,94.20,70.80,46.80,96.60,NA,97.80,97.60,76.80,12.40,92.20,85.20,94.90,43.60,79.80,74.00,78.90,93.50,93.60,60.30,9.90,9.50,NA,NA,NA,NA
The Allstate Corporation,ALL,97.20,87.60,96.00,95.40,94.00,85.00,89.40,NA,88.20,90.00,92.40,95.40,93.20,96.20,93.50,96.10,94.40,90.90,96.00,92.80,84.40,94.60,94.90,91.20,96.10,92.40,94.10,94.10
"American Electric Power Company, Inc.",AEP,93.40,4.40,99.00,10.20,14.40,10.80,16.20,NA,5.00,7.20,4.80,7.40,4.80,6.70,5.50,9.00,15.10,18.90,16.90,30.00,42.60,15.40,12.10,11.50,11.20,9.90,10.80,68.80
Realty Income Corporation,O,78.20,79.00,63.40,78.20,81.00,69.00,74.00,NA,78.60,74.20,58.60,65.70,58.60,57.50,72.40,66.30,68.60,72.30,78.00,61.40,61.40,52.70,67.30,79.70,10.50,2.30,2.30,13.20
"L3harris Technologies, Inc.",LHX,50.00,50.30,66.50,68.80,17.40,64.20,46.40,NA,49.80,59.20,67.40,70.50,19.30,48.80,43.80,34.40,81.20,88.10,81.80,89.00,87.00,71.10,77.10,86.50,68.30,53.80,40.70,61.50
Vistra Corp.,VST,81.20,99.00,96.40,81.60,12.20,87.40,98.40,NA,99.00,4.00,2.80,98.40,98.20,81.40,93.70,3.10,6.60,16.00,10.90,13.70,NA,NA,NA,NA,NA,NA,NA,NA
Copart Inc,CPRT,18.40,20.20,29.30,40.00,28.20,26.00,21.80,19.80,21.00,32.40,19.80,22.00,17.70,16.60,58.20,28.20,43.60,43.70,9.80,53.80,34.50,31.70,33.80,29.30,17.30,23.30,36.80,30.00
Cummins Inc.,CMI,12.00,82.80,39.00,3.20,32.00,81.80,88.60,NA,83.20,38.20,61.40,72.70,84.90,76.10,73.00,69.10,83.50,66.10,53.80,32.50,69.90,22.80,67.90,57.30,38.50,87.30,93.20,92.40
D.R. Horton Inc.,DHI,48.80,34.90,86.10,65.20,16.00,12.20,93.00,39.60,89.80,21.20,14.80,51.50,39.00,27.10,22.10,51.90,70.70,1.90,0.60,6.30,11.70,93.90,95.80,98.00,98.60,3.00,8.20,6.40
"Dominion Energy, Inc.",D,1.60,1.60,2.80,0.80,6.20,3.00,2.80,NA,2.00,4.20,6.80,13.00,13.50,13.80,8.10,5.90,7.00,5.00,7.90,13.50,8.50,5.40,14.90,16.30,5.70,18.70,12.20,16.10
"Quanta Services, Inc.",PWR,46.00,41.70,52.70,32.60,38.40,82.40,36.00,NA,40.80,43.40,16.20,81.40,55.30,13.60,23.50,31.50,90.30,13.70,24.30,10.10,15.10,18.20,40.00,25.70,34.20,40.60,32.30,90.50
Newmont Corporation,NEM,20.40,12.40,56.20,59.20,21.20,11.20,53.00,NA,11.40,35.80,66.40,78.00,53.90,43.70,78.70,89.20,84.10,36.20,6.30,8.00,23.70,47.90,40.40,18.10,12.30,15.20,16.40,45.60
"American International Group, Inc.",AIG,87.40,92.40,87.90,70.00,56.20,78.40,94.80,NA,92.80,82.00,89.40,82.20,1.80,1.60,0.20,7.60,36.60,18.50,80.50,60.10,85.70,99.10,99.10,7.40,43.70,20.30,26.90,35.70
"Fidelity National Information Services, Inc.",FIS,69.80,85.00,26.90,46.40,80.80,88.20,78.40,NA,85.60,72.60,66.20,46.30,24.90,40.50,45.20,61.60,45.00,52.00,47.90,69.80,81.20,64.60,69.20,80.40,36.00,57.70,29.30,43.70
Fastenal Co,FAST,23.20,38.90,28.70,28.80,45.60,39.40,42.00,NA,37.40,33.80,21.20,40.10,29.00,31.20,33.30,26.40,32.20,23.70,17.40,20.00,16.00,16.90,33.20,34.30,36.40,21.20,20.40,15.40
"Metlife, Inc.",MET,99.20,99.20,96.80,97.40,96.40,97.20,97.80,NA,99.20,97.40,99.00,96.20,97.40,89.90,97.40,95.10,97.50,98.30,98.10,99.20,97.70,86.10,81.80,94.60,36.90,96.50,98.60,98.30
Paychex Inc,PAYX,38.00,48.10,49.10,21.20,75.20,33.40,55.00,54.50,49.60,38.80,40.20,64.30,45.50,51.20,51.70,50.70,49.60,64.00,41.80,54.20,44.80,43.60,47.30,44.90,42.60,44.80,42.20,28.60
Ross Stores Inc,ROST,44.00,41.50,38.40,26.60,78.00,34.60,51.40,46.50,25.00,44.40,61.80,49.90,61.00,44.30,64.10,43.80,39.50,33.10,42.10,31.60,52.70,85.50,70.30,33.40,69.70,56.80,41.90,40.90
Te Connectivity Ltd,TEL,77.40,71.30,71.10,76.80,69.80,55.80,79.00,81.20,72.20,59.00,55.40,57.30,66.80,53.60,70.40,64.60,66.10,68.60,72.20,82.70,76.30,75.50,71.90,33.00,41.90,66.50,41.00,25.10
"Msci, Inc.",MSCI,33.80,26.10,42.20,44.40,44.60,38.60,26.00,NA,25.60,32.00,22.20,25.10,31.00,45.70,36.10,59.50,31.80,54.70,56.50,74.50,51.00,36.00,31.60,68.60,54.90,47.80,34.70,14.90
Howmet Aerospace Inc.,HWM,21.40,32.70,21.00,53.60,35.40,69.60,27.60,NA,32.00,42.00,23.00,10.80,8.90,3.60,15.60,7.40,51.00,30.80,3.60,3.80,38.00,27.50,0.00,0.00,0.00,0.00,0.00,14.90
Discover Financial Services,DFS,98.80,99.40,14.90,97.80,97.40,97.40,99.00,NA,99.40,98.00,96.20,98.00,98.40,98.40,98.40,96.30,96.50,95.80,92.70,92.00,96.80,98.00,97.60,99.10,97.90,91.70,88.30,89.40
Kenvue Inc.,KVUE,35.80,76.20,21.80,51.20,34.80,68.00,57.40,NA,76.00,53.00,12.00,72.30,66.60,NA,NA,NA,NA,NA,NA,NA,NA,NA,NA,NA,NA,NA,NA,NA
Crown Castle Inc.,CCI,44.60,38.70,82.00,52.00,44.40,45.60,22.20,NA,37.20,31.60,21.00,25.70,15.90,15.00,22.70,31.70,30.20,34.90,28.20,18.40,20.70,23.40,29.50,26.20,21.40,14.30,31.60,23.90
Pg&e Corporation,PCG,92.40,0.80,99.80,1.20,12.80,1.60,4.20,NA,1.00,0.80,1.00,0.00,0.20,2.00,18.70,5.70,4.50,4.60,1.70,17.90,9.00,7.60,6.20,13.30,16.60,28.90,48.90,51.10
Kimberly-Clark Corp.,KMB,77.60,75.80,68.30,76.60,42.40,78.20,71.80,NA,75.60,50.60,47.80,67.50,35.60,58.90,65.10,71.00,26.70,45.90,59.20,66.20,39.70,60.10,74.70,61.20,57.60,63.70,64.20,77.80
"Prudential Financial, Inc.",PRU,97.60,96.20,81.60,10.00,99.60,84.20,98.00,NA,96.20,91.20,98.40,98.80,99.80,100.00,99.40,99.60,100.00,99.40,92.50,99.80,98.90,95.70,87.70,98.60,93.60,89.60,87.80,97.60
"Ametek, Inc.",AME,47.80,51.30,51.90,48.40,59.00,54.40,50.40,NA,51.00,40.80,39.20,54.90,55.10,60.70,59.40,72.40,52.90,60.50,47.50,59.30,59.30,50.50,63.50,53.50,56.50,68.40,53.60,61.20
Valero Energy Corporation,VLO,91.00,97.40,81.40,91.80,85.60,62.60,94.60,NA,97.40,8.00,5.20,9.60,4.60,74.70,92.30,93.90,90.90,84.80,93.70,92.20,90.40,81.10,5.30,28.20,82.90,90.10,92.70,95.00
"Axon Enterprise, Inc.",AXON,11.60,13.60,17.80,19.00,23.00,29.40,19.00,NA,13.00,19.60,14.00,14.20,16.10,18.80,14.60,16.40,47.70,24.50,34.50,47.90,40.90,9.50,12.70,23.30,24.10,24.20,13.60,18.20
Ford Motor Company,F,95.80,93.00,97.40,97.20,11.40,23.40,91.00,NA,93.20,12.20,89.60,100.00,98.80,98.20,99.20,99.20,96.90,94.40,70.30,68.80,87.40,84.80,96.50,0.90,100.00,98.20,100.00,99.50
Baker Hughes Company,BKR,55.40,66.10,73.90,15.20,72.60,65.80,58.80,NA,67.00,49.00,83.60,44.10,83.50,80.40,2.20,10.20,55.60,13.10,NA,NA,NA,NA,NA,NA,NA,NA,NA,NA
Public Service Enterprise Group Incorporated,PEG,7.40,16.60,11.90,8.00,18.20,10.20,7.40,NA,17.00,6.20,6.40,16.80,13.90,4.90,5.70,5.10,13.40,19.80,20.90,17.70,72.70,11.90,16.70,37.90,32.10,64.20,14.80,31.90
Old Dominion Freight Line,ODFL,22.80,18.80,24.20,20.60,45.20,35.40,24.20,NA,19.40,35.20,20.60,35.70,36.60,28.50,18.50,23.30,20.90,15.20,16.10,11.00,16.40,17.10,4.40,27.10,14.10,9.20,11.90,14.40
"Cencora, Inc.",COR,76.80,75.20,72.10,95.20,7.20,72.60,90.40,86.10,86.60,79.80,82.80,84.20,92.60,58.70,71.40,96.50,97.30,77.50,39.50,86.90,77.20,78.70,71.00,74.70,92.50,80.80,96.00,89.60
Republic Services Inc.,RSG,33.00,44.10,41.60,56.00,40.40,31.80,49.80,NA,43.60,53.80,41.80,52.70,48.90,54.00,51.50,50.50,54.10,55.50,60.30,54.00,68.40,45.80,42.00,31.40,69.00,43.90,80.80,78.30
Targa Resources Corp.,TRGP,12.60,51.90,8.90,28.40,54.60,52.60,6.40,NA,51.60,73.40,94.80,92.20,1.40,0.40,6.10,28.00,95.70,12.90,0.80,4.40,25.20,98.30,94.10,93.00,NA,NA,NA,NA
Ingersoll Rand Inc.,IR,40.60,48.90,49.90,40.20,32.60,68.20,56.40,NA,48.60,45.80,26.20,62.70,49.50,85.00,25.60,15.70,14.70,15.40,86.80,NA,NA,NA,NA,NA,NA,NA,NA,NA
"Gartner, Inc.",IT,37.40,30.90,62.20,50.20,39.20,27.00,43.20,NA,30.40,47.20,59.00,69.50,31.60,26.70,17.60,38.90,41.30,44.90,41.40,50.80,55.90,47.50,66.40,71.60,73.10,47.30,18.30,20.10
Lennar Corporation Class A,LEN,85.00,93.60,67.50,25.60,51.00,95.80,82.40,NA,93.80,89.60,78.60,96.60,82.10,90.30,74.80,48.10,5.00,2.90,1.00,5.30,5.10,74.40,92.50,99.50,96.40,70.90,38.60,37.40
"Cbre Group, Inc.",CBRE,26.20,13.20,57.60,45.40,8.00,82.00,52.40,NA,12.40,67.20,71.20,78.20,56.10,71.50,45.60,26.80,50.00,49.30,73.80,22.60,36.20,67.90,38.90,5.40,78.10,51.00,64.40,60.30
"Delta Air Lines, Inc.",DAL,34.60,53.70,13.50,91.00,95.20,3.20,7.20,NA,54.00,12.40,11.60,2.00,86.10,59.50,37.50,91.80,93.40,76.70,83.70,46.60,96.20,87.40,20.20,2.50,86.10,93.80,3.50,1.20
Otis Worldwide Corporation,OTIS,41.00,48.50,39.80,38.00,35.60,60.60,31.40,NA,48.20,55.00,57.60,56.10,78.30,73.90,81.30,NA,NA,NA,NA,NA,NA,NA,NA,NA,NA,NA,NA,NA
"Verisk Analytics, Inc.",VRSK,24.20,24.00,30.90,21.60,60.60,28.40,24.00,NA,23.40,33.40,29.00,28.90,32.00,37.20,43.20,29.20,37.20,32.60,29.90,42.40,39.90,40.60,43.70,40.90,56.00,NA,NA,NA
"Corteva, Inc.",CTVA,61.80,39.50,19.40,48.00,0.80,99.20,7.80,NA,38.00,14.00,73.00,67.70,11.10,4.30,5.90,93.00,NA,NA,NA,NA,NA,NA,NA,NA,NA,NA,NA,NA
Cognizant Technology Solutions,CTSH,57.20,65.50,76.00,27.00,27.20,67.60,75.80,NA,66.40,78.60,62.00,73.50,72.40,66.20,65.30,39.50,59.70,42.80,36.20,33.80,26.20,21.70,36.00,44.20,27.80,25.60,22.00,19.90
Edwards Lifesciences Corp,EW,15.00,15.60,36.80,26.00,19.20,16.40,32.20,NA,15.60,23.00,22.00,19.80,20.10,19.00,41.60,26.60,26.20,79.80,50.60,24.10,24.50,17.60,21.30,30.70,64.70,70.70,41.70,59.30
Dell Technologies Inc.,DELL,41.80,86.20,42.40,24.20,71.80,83.40,95.60,95.00,19.00,93.80,99.20,99.60,99.00,98.80,94.70,98.00,97.90,NA,NA,NA,NA,NA,NA,NA,NA,NA,NA,NA
The Kroger Co.,KR,55.80,84.60,31.50,86.80,90.80,7.40,63.40,92.10,43.80,86.60,94.40,77.00,65.80,20.20,21.90,40.70,41.90,67.20,55.40,48.90,80.20,37.30,40.20,31.20,43.30,73.40,60.90,20.80
Monster Beverage Corporation,MNST,36.20,24.80,50.90,37.60,42.20,26.60,34.20,NA,24.20,16.80,26.80,30.70,29.60,38.50,28.00,25.40,14.50,29.90,23.40,25.50,30.10,36.20,30.50,51.00,39.40,32.80,35.80,51.30
Hess Corporation,HES,23.00,10.40,48.10,71.20,22.00,13.80,12.20,NA,10.80,33.00,63.60,8.00,3.80,8.70,3.90,3.30,1.40,5.40,5.90,3.20,3.00,7.40,17.40,24.20,18.90,13.90,9.60,54.60
Agilent Technologies Inc.,A,51.40,60.70,40.60,29.00,64.00,59.20,52.00,NA,61.40,28.40,33.20,30.30,43.30,45.50,38.30,48.70,30.40,41.20,80.10,87.80,84.00,57.00,36.70,77.20,80.60,53.10,73.30,69.30
Ge Healthcare Technologies Inc.,GEHC,58.80,60.90,65.50,9.40,46.40,81.60,70.60,NA,61.60,76.60,63.00,65.10,72.20,NA,NA,NA,NA,NA,NA,NA,NA,NA,NA,NA,NA,NA,NA,NA
Vulcan Materials Company,VMC,22.40,22.60,65.30,13.00,27.60,40.60,33.40,NA,22.40,26.00,24.40,43.70,34.80,24.50,16.20,20.90,19.80,15.60,15.70,22.20,16.80,17.40,44.40,25.30,37.60,27.70,43.60,69.00
Charter Comm Inc Del Cl a,CHTR,43.20,71.10,84.60,82.40,63.40,71.40,63.80,NA,71.40,87.00,77.40,61.90,53.10,30.00,61.90,0.20,28.90,18.30,7.10,23.80,62.00,92.40,84.60,13.10,10.00,6.50,7.00,7.30
"Yum! Brands, Inc.",YUM,46.80,41.30,48.90,41.40,53.40,42.40,46.20,NA,40.60,40.40,48.00,41.70,42.90,29.60,28.40,32.30,58.30,49.90,46.20,52.10,52.90,57.90,39.80,43.60,68.80,69.10,70.00,52.70
Exelon Corporation,EXC,5.60,2.60,14.70,9.00,7.00,7.80,6.80,NA,3.20,5.60,2.60,3.20,7.60,32.20,12.40,11.00,12.00,3.10,62.30,21.10,31.60,75.70,80.70,84.90,54.70,82.90,16.20,91.30
Sysco Corporation,SYY,77.00,71.50,13.30,93.40,54.80,63.20,10.80,82.20,69.00,30.80,49.60,40.30,59.00,40.90,72.00,53.00,50.20,50.30,51.70,31.90,22.20,16.50,63.70,53.00,47.40,41.80,40.00,32.40
Electronic Arts Inc,EA,59.00,70.50,25.90,14.20,77.20,86.00,15.20,78.20,48.00,58.80,60.60,68.30,57.30,42.70,61.10,65.20,62.60,80.00,37.70,20.50,32.40,8.00,12.30,27.30,26.40,37.20,37.20,39.20
"Xcel Energy, Inc.",XEL,5.00,8.40,14.10,4.40,9.40,6.40,30.80,NA,9.20,8.60,4.40,6.20,5.20,6.30,10.30,9.60,6.20,6.90,4.00,7.20,17.30,3.00,18.90,14.70,11.80,43.00,12.90,5.90
Nucor Corporation,NUE,66.40,89.00,59.20,75.80,17.80,71.60,92.00,NA,89.40,97.80,93.00,76.80,83.30,81.20,33.70,70.60,95.20,48.40,9.40,19.80,39.40,30.40,43.30,77.90,82.20,91.50,97.00,84.20
Corning Incorporated,GLW,29.00,24.20,56.00,43.80,17.00,65.60,58.20,NA,23.60,48.40,69.40,34.30,12.90,20.60,15.40,67.50,78.50,95.60,74.10,71.10,30.30,74.00,32.10,26.60,30.80,30.00,22.50,17.50
Martin Marietta Materials,MLM,17.20,29.30,45.10,9.80,25.40,51.40,43.40,NA,28.80,27.60,32.00,48.10,36.40,27.70,21.30,24.50,27.70,25.20,31.20,18.60,26.40,24.90,36.50,28.90,32.30,26.80,33.00,41.40
Arch Capital Group Ltd,ACGL,98.00,98.40,92.10,92.00,96.60,94.60,95.40,NA,98.40,92.40,97.80,97.80,92.40,92.90,89.20,95.90,91.70,96.50,91.00,94.50,92.80,92.60,94.30,93.20,98.20,99.50,99.80,100.00
Iqvia Holdings Inc.,IQV,70.60,40.50,58.20,56.80,55.00,57.20,47.20,NA,39.40,52.20,57.40,48.30,28.60,31.40,31.80,72.60,53.10,54.50,57.30,44.50,17.50,46.40,NA,NA,NA,NA,NA,NA
Microchip Technology Inc,MCHP,55.60,66.50,17.00,24.80,49.20,63.60,48.80,73.30,76.20,70.20,59.60,83.40,77.30,59.30,77.30,76.50,69.00,69.40,60.50,42.80,56.30,62.90,42.40,47.60,55.80,57.30,59.70,53.20
Keurig Dr Pepper Inc.,KDP,27.80,18.60,46.50,57.00,19.60,21.40,39.00,NA,19.20,60.80,60.80,54.50,64.40,56.90,100.00,99.40,99.00,100.00,99.60,95.80,98.50,100.00,97.80,98.40,98.90,100.00,99.50,99.10
"Constellation Brands, Inc.",STZ,47.60,36.70,72.90,34.80,29.20,40.80,53.40,40.60,47.40,51.40,61.00,67.90,51.70,18.20,27.80,21.70,19.20,43.20,67.80,94.90,85.90,70.30,84.20,69.30,31.70,62.40,40.30,74.20
Hp Inc.,HPQ,88.20,89.20,88.70,72.40,23.20,95.60,80.60,NA,89.60,90.20,95.20,94.40,96.00,86.80,89.50,93.70,94.00,99.20,99.40,98.90,97.90,92.00,92.30,94.10,88.40,97.00,95.80,90.80
Lululemon Athletica Inc.,LULU,58.00,27.50,43.20,12.20,84.40,24.60,27.20,29.70,14.00,25.80,17.60,20.40,26.20,27.90,29.00,21.10,22.70,28.70,19.20,16.90,24.90,42.30,18.70,23.00,22.80,15.90,16.40,14.90
Resmed Inc.,RMD,49.80,57.70,38.20,68.00,73.00,44.20,43.60,64.40,18.40,14.20,21.80,29.90,22.50,26.10,36.30,63.60,40.70,49.10,55.20,67.90,36.50,22.60,33.00,29.80,21.20,19.20,22.70,18.40
Idexx Laboratories Inc,IDXX,24.60,17.40,23.60,27.20,37.20,25.00,25.60,NA,17.60,16.00,16.00,21.00,16.90,15.20,24.50,27.40,21.90,24.90,27.20,29.50,24.30,26.90,30.30,30.90,28.70,27.00,46.40,37.10
M&t Bank Corp.,MTB,78.40,95.00,10.70,91.20,93.20,84.60,95.00,NA,95.00,94.80,91.80,46.10,86.70,86.20,93.10,46.20,87.40,72.80,52.10,29.10,91.70,90.20,87.90,92.80,93.40,42.70,28.30,56.70
"General Mills, Inc.",GIS,83.00,73.70,53.90,67.20,84.80,80.40,24.40,85.10,50.20,74.60,74.00,81.20,80.70,83.20,63.30,57.50,64.70,65.70,76.80,65.40,28.80,52.90,59.10,50.10,69.90,80.40,72.10,50.80
Wabtec Inc.,WAB,60.80,54.70,66.30,35.00,68.40,81.40,74.40,NA,54.80,61.20,67.20,58.10,74.80,30.20,16.80,62.60,69.40,61.10,24.90,43.50,54.60,50.80,58.20,59.60,77.40,85.90,54.60,38.50
"Extra Space Storage, Inc.",EXR,65.60,58.70,61.80,69.80,73.20,43.40,64.80,NA,59.00,71.40,40.00,64.10,64.00,65.00,69.00,65.80,33.90,57.60,61.90,54.60,7.90,11.10,63.10,83.10,5.20,3.50,4.00,0.20
"Dupont De Nemours, Inc.",DD,73.20,55.70,84.20,13.20,52.60,73.00,2.20,NA,56.00,10.40,7.80,66.90,5.60,14.00,90.70,48.30,94.60,94.20,97.30,75.10,58.60,78.10,14.10,95.90,92.70,92.60,93.00,63.40
"The Hartford Financial Services Group, Inc.",HIG,97.40,95.20,91.90,92.80,93.60,94.80,97.40,NA,95.20,92.00,96.00,98.20,96.20,96.40,90.90,91.20,95.00,90.40,66.90,95.60,92.10,98.90,97.40,98.90,97.30,97.70,92.50,91.50
Iron Mountain Inc.,IRM,8.60,8.60,12.70,11.00,12.00,22.00,7.00,NA,9.40,12.80,15.00,72.50,23.70,44.70,34.70,23.10,34.50,18.10,30.30,28.70,56.10,58.40,49.50,32.30,26.00,18.20,24.60,24.10
Occidental Petroleum Corporation,OXY,3.00,89.40,0.60,54.80,39.80,85.80,81.60,NA,90.00,96.80,98.80,62.50,18.70,65.40,30.20,10.00,4.30,47.40,57.50,19.60,57.40,59.40,17.60,32.50,38.00,83.60,83.40,85.30
"Consolidated Edison, Inc.",ED,4.80,3.20,5.90,30.00,6.40,9.80,2.40,NA,3.80,10.00,5.00,6.40,9.30,5.70,12.60,9.40,16.90,23.10,11.70,30.20,56.50,20.80,22.00,9.00,14.80,11.30,7.50,13.90
Humana Inc.,HUM,1.40,64.70,91.30,83.40,43.00,0.40,64.60,NA,65.20,66.00,20.40,81.80,86.30,38.10,91.70,49.10,17.80,57.80,81.20,92.40,85.30,95.20,90.80,82.40,80.40,96.30,58.10,52.20
"Diamondback Energy, Inc.",FANG,57.40,53.10,64.40,83.60,85.00,27.40,69.20,NA,52.80,87.60,81.60,19.00,3.00,1.40,0.80,2.00,2.30,0.40,0.00,1.30,1.70,2.40,5.70,NA,NA,NA,NA,NA
"Equifax, Incorporated",EFX,29.40,17.60,46.10,21.80,36.80,29.00,42.20,NA,18.00,13.20,29.60,26.90,10.90,28.90,54.20,45.80,50.60,64.90,64.90,63.70,62.90,47.10,68.60,73.60,74.00,71.10,68.90,79.00
"Avalonbay Communities, Inc.",AVB,62.00,63.30,70.90,55.80,76.00,47.20,65.20,NA,63.80,67.40,37.60,59.70,49.90,54.90,63.10,46.40,43.00,42.60,47.70,35.70,8.30,9.10,9.70,10.60,9.30,9.00,6.30,4.00
"Nasdaq, Inc.",NDAQ,37.20,63.70,22.60,58.00,73.80,50.60,42.60,NA,64.40,63.40,32.40,60.90,59.40,72.50,75.30,61.30,66.90,79.00,74.90,89.20,87.60,66.40,82.40,60.70,35.50,67.90,39.30,86.10
Vici Properties Inc.,VICI,80.00,75.60,69.10,79.20,81.80,67.00,71.40,NA,75.40,76.80,66.00,75.40,73.20,75.90,22.90,13.50,11.80,13.50,NA,NA,NA,NA,NA,NA,NA,NA,NA,NA
Garmin Ltd,GRMN,36.80,59.70,32.10,35.60,74.60,66.00,60.00,NA,60.40,38.00,33.60,52.30,33.40,69.00,59.60,76.90,27.30,48.20,69.00,75.50,78.30,84.20,90.50,89.60,33.50,30.90,36.10,25.30
Dow Inc.,DOW,24.00,77.00,13.90,18.80,16.40,76.60,82.60,NA,77.00,91.80,89.00,89.60,87.30,33.60,0.40,1.20,11.40,NA,NA,NA,NA,NA,NA,NA,NA,NA,NA,NA
Edison International,EIX,7.00,3.00,84.00,1.80,14.00,5.40,76.60,NA,3.60,2.60,1.40,2.80,0.80,3.20,8.90,8.60,18.20,6.70,6.90,5.90,5.80,4.10,11.90,14.20,30.10,77.40,30.40,6.90
Entergy Corporation,ETR,6.60,7.80,15.60,8.60,4.20,12.60,55.20,NA,8.40,2.20,2.20,3.40,2.40,2.40,3.00,2.70,25.00,84.00,29.30,4.60,9.60,82.60,25.50,46.30,23.70,79.40,13.80,86.80
Willis Towers Watson Public Limited Companys,WTW,49.00,53.30,60.80,60.80,23.40,71.20,59.40,NA,53.00,24.60,72.60,67.10,30.60,52.40,27.00,39.90,16.10,52.60,61.50,64.80,40.50,57.50,56.70,34.50,26.90,26.30,25.80,69.70
Centene Corporation,CNC,13.00,97.20,3.00,96.20,11.00,15.60,77.80,NA,97.20,87.20,75.80,92.60,29.40,21.30,77.10,97.80,75.20,97.50,89.50,81.20,74.80,32.10,91.90,90.30,91.10,94.70,48.00,66.90
Fifth Third Bancorp,FITB,96.00,96.00,96.20,86.60,70.00,96.00,83.80,NA,96.00,98.20,79.20,15.60,79.50,97.00,72.60,88.50,94.80,93.30,97.70,93.90,93.00,96.50,98.20,98.20,8.70,94.00,97.40,91.00
"Monolithic Power Systems, Inc.",MPWR,25.60,20.40,22.40,17.60,48.40,24.80,26.40,NA,20.40,15.60,15.60,21.40,18.10,20.00,18.90,24.30,23.30,34.70,32.20,15.60,36.70,35.10,23.30,65.20,34.40,25.20,42.40,14.70
"Rockwell Automation, Inc.",ROK,20.80,21.80,53.30,40.60,30.00,14.80,77.40,22.80,41.60,32.20,42.20,48.90,68.00,57.10,49.70,60.90,82.60,69.20,65.50,57.00,57.60,37.10,54.90,63.70,37.10,35.10,51.30,70.40
"Wec Energy Group, Inc.",WEC,14.80,20.80,12.90,61.00,79.00,8.80,23.40,NA,20.80,9.40,10.40,15.00,13.10,14.60,15.20,37.00,14.00,42.20,65.10,51.30,19.20,12.40,9.00,12.00,6.20,12.70,10.50,12.80
Costar Group Inc,CSGP,9.40,15.20,16.00,11.60,16.20,22.80,14.00,NA,15.40,18.00,17.40,20.80,20.50,22.10,23.90,30.10,18.40,22.90,18.00,28.50,14.70,8.70,28.80,49.70,50.30,29.30,26.00,24.30
Ebay Inc,EBAY,61.40,84.20,75.60,51.80,81.60,15.40,85.40,NA,84.80,79.60,65.00,66.70,84.70,75.70,77.70,76.30,87.80,97.10,93.50,81.40,88.30,85.90,92.10,95.00,89.70,87.50,71.20,20.60
Tractor Supply Co,TSCO,19.00,25.10,11.70,60.20,35.80,35.20,12.00,NA,24.40,26.40,23.40,73.10,67.60,40.30,50.70,41.50,19.40,24.10,15.50,32.10,18.10,27.80,56.90,74.30,60.60,19.60,21.30,12.50
Xylem Inc,XYL,31.60,23.20,33.90,33.80,27.40,56.20,53.60,NA,22.80,21.80,20.00,41.90,52.90,25.50,54.00,43.10,61.20,47.60,28.70,53.40,59.50,55.30,52.50,NA,NA,NA,NA,NA
Ansys Inc,ANSS,27.40,22.40,29.10,17.00,58.40,33.80,25.00,NA,22.20,35.40,19.60,23.20,22.10,36.60,39.10,44.00,46.50,56.30,35.40,39.70,47.50,25.20,34.30,62.50,42.80,61.90,51.50,52.00
"Raymond James Financial, Inc.",RJF,47.40,10.80,14.90,59.80,79.40,74.60,69.60,7.90,0.80,11.80,99.40,99.80,45.30,91.70,90.10,2.90,92.40,69.90,90.20,62.90,99.10,0.40,86.40,24.40,87.50,14.80,96.70,4.70
On Semiconductor Corp,ON,57.00,14.60,43.40,38.60,55.60,55.00,19.20,NA,15.00,69.40,59.20,34.70,14.70,88.70,87.00,80.00,55.20,72.60,46.90,16.20,58.20,67.50,45.90,91.90,73.30,66.30,85.70,9.50
"Cardinal Health, Inc.",CAH,46.20,92.60,1.60,98.40,16.80,91.20,75.00,99.00,86.80,95.40,90.20,87.60,96.80,94.90,38.10,90.80,83.90,91.10,88.70,61.00,60.80,90.00,83.70,66.80,52.20,84.80,91.30,87.90
"United Airlines Holdings, Inc.",UAL,13.80,8.00,24.00,99.20,99.20,0.00,0.80,NA,8.80,85.40,10.60,0.80,89.50,84.40,7.90,91.40,95.90,26.60,4.60,2.30,97.00,97.20,96.00,1.10,99.10,99.10,96.30,8.00
"Global Payments, Inc.",GPN,88.40,59.30,95.20,81.20,54.00,60.00,32.40,NA,60.00,70.00,69.80,33.50,30.80,61.30,24.10,58.50,56.60,56.50,21.50,34.40,4.30,88.70,80.40,82.80,67.40,58.40,62.80,73.80
Take-Two Interactive Software Inc,TTWO,7.80,9.20,9.50,8.20,20.00,12.00,14.60,4.00,9.80,13.40,55.00,58.90,80.90,25.30,73.20,81.80,83.10,99.60,8.60,4.20,78.50,1.30,89.00,13.50,29.80,22.60,15.90,40.40
"Ppg Industries, Inc.",PPG,59.20,65.30,74.70,44.60,13.40,73.40,79.40,NA,66.00,19.40,36.80,66.30,66.00,42.50,51.30,36.80,59.10,29.10,48.30,63.50,67.60,60.70,78.00,85.60,64.20,77.60,78.20,68.30
State Street Corporation,STT,95.40,10.20,98.00,0.40,2.00,100.00,20.40,NA,10.60,99.80,0.80,89.40,97.20,99.60,98.20,65.00,3.30,7.10,3.30,63.30,90.00,20.20,1.50,8.40,83.10,38.60,89.90,16.80
The Kraft Heinz Company,KHC,83.40,74.70,74.10,65.40,64.60,78.60,71.00,NA,74.60,40.00,87.40,86.40,81.30,30.80,10.50,38.40,31.00,35.60,31.80,57.80,45.20,14.10,NA,NA,NA,NA,NA,NA
Hewlett Packard Enterprise Company,HPE,88.00,82.00,79.40,82.80,4.80,98.20,88.20,NA,82.00,80.00,96.60,12.80,63.80,11.50,2.60,83.60,22.50,97.90,99.00,97.00,NA,NA,NA,NA,NA,NA,NA,NA
"Keysight Technologies, Inc.",KEYS,42.60,10.80,42.80,18.20,64.20,62.00,26.80,7.90,69.60,38.40,43.60,57.50,58.40,37.90,34.30,69.70,59.30,89.60,90.80,91.60,88.10,11.70,NA,NA,NA,NA,NA,NA
"Nvr, Inc.",NVR,57.80,74.50,51.50,49.40,41.20,75.60,85.60,NA,74.40,88.60,70.00,70.90,72.60,74.30,53.50,67.70,27.90,27.90,54.60,50.40,11.30,15.00,45.70,90.70,97.00,97.20,89.00,84.90
"Dexcom, Inc.",DXCM,18.80,14.40,19.80,22.80,33.00,18.40,25.20,NA,14.60,14.40,12.20,18.00,14.90,12.60,15.00,13.30,12.80,13.90,10.00,6.80,6.00,5.60,3.30,3.20,5.00,2.80,6.10,1.70
Dover Corporation,DOV,52.60,65.90,59.80,33.40,40.60,74.40,66.20,NA,66.80,37.60,48.80,64.70,56.50,64.60,64.30,83.20,88.60,86.70,84.90,89.50,81.00,77.70,82.90,91.00,89.10,89.40,83.80,82.50
"Pultegroup, Inc.",PHM,63.60,85.60,61.00,74.00,56.40,51.00,82.00,NA,86.00,63.60,73.60,94.60,86.90,97.40,78.10,15.30,3.70,33.50,91.40,85.70,11.50,94.10,95.20,97.70,99.50,10.60,14.50,5.00
"Leidos Holdings, Inc.",LDOS,76.00,73.90,86.70,75.20,32.20,60.80,93.20,NA,73.80,69.80,77.60,78.80,73.40,81.80,59.20,85.30,85.50,95.40,35.80,85.20,95.90,89.60,77.60,70.00,61.70,95.40,90.60,14.90
Deckers Outdoor Corp,DECK,37.80,46.70,10.90,19.80,20.60,93.60,11.00,53.50,44.60,19.80,72.40,74.50,82.50,87.00,87.20,29.00,26.90,75.50,71.80,11.80,30.70,85.70,25.30,32.70,65.80,79.90,27.60,47.00
"Ventas, Inc.",VTR,43.40,57.50,60.20,60.40,51.60,41.00,66.80,NA,57.80,50.20,38.20,63.70,51.30,46.40,62.10,58.70,73.10,67.80,75.10,44.10,16.60,18.00,48.10,58.70,3.40,7.40,4.70,5.70
Fortive Corporation,FTV,67.40,59.50,65.90,52.60,51.40,62.40,58.00,NA,60.20,65.20,43.40,69.10,68.20,68.60,64.50,76.10,74.20,70.30,73.40,60.80,NA,NA,NA,NA,NA,NA,NA,NA
Halliburton Company,HAL,86.20,73.50,73.30,84.00,39.00,84.80,49.00,NA,73.60,43.80,67.00,75.80,52.30,52.60,29.40,3.90,25.40,24.70,31.00,14.30,20.50,12.80,21.10,26.00,40.30,85.50,16.60,25.50
"Brown & Brown, Inc.",BRO,39.40,58.10,61.60,62.80,26.00,58.40,59.80,NA,58.40,64.80,61.20,63.30,69.20,74.10,75.10,70.10,85.30,83.00,84.50,51.70,64.00,68.50,66.20,81.00,66.10,63.50,52.20,56.50
Mettler-Toledo International,MTD,44.80,35.50,34.50,41.60,44.00,43.20,38.20,NA,34.40,25.40,24.80,28.10,25.80,26.50,27.40,29.40,38.20,39.90,33.70,35.00,31.10,30.80,38.00,58.00,51.90,59.40,66.30,63.80
Cdw Corporation,CDW,71.80,58.50,47.90,21.00,69.40,64.60,60.60,NA,58.80,62.00,29.40,71.90,46.70,71.90,80.30,74.40,26.40,74.40,86.40,84.40,55.20,88.10,28.10,44.50,85.20,96.80,87.40,75.20
Broadridge Financial Solutions Inc,BR,41.40,49.50,10.10,88.40,48.20,32.60,9.80,56.40,45.40,24.80,36.60,41.30,43.10,41.10,42.60,50.30,71.50,78.40,73.00,78.30,48.80,91.50,86.80,87.40,54.00,95.20,NA,NA
"Church & Dwight Co., Inc.",CHD,38.20,39.90,55.40,42.00,56.00,28.80,38.40,NA,38.40,45.60,46.60,52.50,56.90,45.10,65.90,62.40,57.20,51.10,48.70,57.20,48.00,61.40,48.80,52.10,64.90,60.30,73.80,76.80
The Hershey Company,HSY,75.60,49.10,82.80,26.20,57.60,58.60,28.80,NA,48.80,48.60,53.40,49.10,58.80,62.80,52.10,33.50,49.40,22.20,36.60,45.10,17.70,53.10,76.70,33.90,71.10,55.90,26.70,45.90
T Rowe Price Group Inc,TROW,79.40,43.30,61.40,84.40,89.20,23.20,61.60,NA,42.20,83.00,77.20,62.30,57.50,69.60,13.40,13.70,80.60,62.60,56.10,44.70,51.40,28.90,24.80,54.90,46.20,52.90,56.90,44.00
"Tyler Technologies, Inc.",TYL,19.80,19.20,47.70,16.80,34.60,36.00,37.80,NA,19.60,28.80,18.80,24.40,19.90,28.70,25.40,30.50,17.60,31.80,16.30,31.00,39.20,33.80,35.40,38.10,67.70,49.90,62.30,60.50
Eqt Corp,EQT,19.40,81.60,16.40,5.80,94.80,28.00,10.20,NA,81.40,92.60,81.40,95.00,85.70,1.80,1.00,0.40,0.20,1.00,2.70,3.00,4.70,1.70,4.20,5.20,8.20,82.00,1.20,12.10
"American Water Works Company, Inc",AWK,6.20,6.00,13.70,6.80,13.20,8.20,11.80,NA,6.40,6.00,9.40,11.20,8.20,8.30,12.00,9.80,9.70,16.60,7.30,13.10,7.50,10.00,5.90,9.70,9.60,4.40,16.40,9.70
Synchrony Financial,SYF,99.80,100.00,99.40,99.80,99.80,99.60,99.80,NA,100.00,100.00,98.60,99.40,99.60,99.80,99.80,98.80,98.30,98.50,2.50,98.30,36.00,NA,NA,NA,NA,NA,NA,NA
"Corpay, Inc.",CPAY,77.80,85.80,7.50,86.00,74.40,94.00,15.80,NA,86.20,54.80,71.00,71.70,53.30,54.50,41.00,55.40,61.60,52.40,33.10,NA,NA,NA,NA,NA,NA,NA,NA,NA
Godaddy Inc,GDDY,14.40,72.10,3.60,67.00,80.60,72.20,79.80,NA,72.00,79.00,54.00,61.10,67.00,37.00,78.30,94.70,87.00,89.40,37.90,24.90,26.00,NA,NA,NA,NA,NA,NA,NA
Smurfit Westrock Plc,SW,23.80,79.20,7.30,76.40,26.00,94.20,78.00,NA,78.80,75.60,50.00,82.00,12.10,NA,NA,NA,NA,NA,NA,NA,NA,NA,NA,NA,NA,NA,NA,NA
Veralto Corporation,VLTO,36.00,56.10,35.60,50.80,40.20,51.60,43.00,NA,56.40,53.60,57.00,60.50,NA,NA,NA,NA,NA,NA,NA,NA,NA,NA,NA,NA,NA,NA,NA,NA
Huntington Bancshares Inc,HBAN,64.60,92.80,5.10,81.40,88.00,91.80,95.20,NA,93.00,95.60,83.80,84.80,86.50,91.10,94.30,89.40,89.70,90.60,92.10,94.70,97.40,89.80,99.30,97.30,8.00,41.10,89.70,79.90
Equity Residential,EQR,66.80,63.50,74.50,59.00,76.80,47.80,60.20,NA,64.00,67.00,41.00,62.90,51.90,51.00,57.80,38.20,38.60,45.30,45.80,56.50,6.20,6.70,11.40,16.70,4.10,5.30,3.00,9.00
"Netapp, Inc",NTAP,70.40,78.00,51.70,86.40,88.80,31.20,80.40,89.10,73.40,70.60,76.40,85.40,75.90,76.30,84.80,94.50,86.80,90.00,85.80,70.50,51.80,59.90,72.10,74.90,58.30,40.40,45.20,42.10
Biogen Inc.,BIIB,87.60,35.90,90.30,73.80,74.00,14.40,52.80,NA,34.80,34.40,84.00,84.60,91.80,81.00,48.70,72.20,48.30,34.10,8.20,42.20,48.20,68.10,46.40,70.70,49.40,47.60,44.30,21.30
Archer Daniels Midland Company,ADM,93.60,80.00,20.20,56.60,97.80,57.40,92.60,NA,79.60,52.60,93.60,3.60,0.40,0.60,66.50,24.70,59.90,96.00,95.20,70.00,1.50,55.70,93.20,6.50,13.00,32.10,87.60,9.20
Hubbell Incorporated,HUBB,35.00,48.70,37.00,52.40,30.40,63.00,35.80,NA,48.40,45.40,53.60,73.70,74.20,78.10,51.10,58.10,48.60,63.20,52.30,58.00,61.60,49.90,85.50,87.10,85.90,29.10,46.80,48.90
Carnival Corporation,CCL,50.60,64.10,85.30,90.60,8.20,55.60,91.80,NA,64.80,0.00,0.20,0.40,12.70,42.10,64.90,63.40,68.00,26.80,22.60,23.00,33.30,13.70,15.20,22.60,30.50,37.90,37.70,13.50
Dte Energy Company,DTE,5.80,6.60,7.70,7.40,25.80,8.40,4.60,NA,6.80,5.20,6.60,13.40,8.00,11.10,10.10,14.90,9.50,9.60,25.70,40.70,58.80,81.30,82.60,37.50,15.00,22.20,14.10,19.60
Ppl Corporation,PPL,7.20,6.20,21.40,22.60,10.60,4.80,34.40,NA,6.60,8.20,17.20,10.40,5.80,7.70,6.50,11.90,5.40,5.60,2.30,9.70,12.40,25.80,38.70,20.10,17.10,39.30,57.60,77.30
Ameren Corporation,AEE,3.60,4.20,9.10,4.00,6.80,4.20,30.40,NA,4.80,5.80,3.00,5.00,8.70,9.30,11.20,12.90,13.80,7.70,28.50,43.00,79.10,79.40,26.20,12.40,14.60,31.90,28.10,37.80
Devon Energy Corporation,DVN,85.40,84.80,15.40,73.60,89.60,82.80,82.20,NA,85.40,82.80,86.60,38.50,16.30,15.80,14.40,2.20,2.90,0.60,4.80,1.70,6.60,7.80,13.80,22.30,24.60,8.50,58.80,85.10
Regions Financial Corp.,RF,89.60,91.00,95.60,63.40,77.80,89.60,90.60,NA,91.40,91.40,93.40,94.20,95.80,94.50,92.70,92.20,93.20,96.30,98.30,97.50,99.80,99.30,96.30,94.40,96.60,95.60,86.20,72.80
"West Pharmaceutical Services, Inc.",WST,17.00,16.80,23.00,17.40,28.60,25.60,22.60,NA,17.20,29.00,15.40,21.80,22.70,22.30,21.70,16.80,21.50,21.40,18.80,27.80,22.80,38.60,22.40,21.40,19.40,42.30,47.10,20.30
Sba Communications Corp,SBAC,61.60,52.70,43.60,71.60,60.00,52.00,45.00,NA,52.40,47.00,30.40,37.10,32.60,35.60,40.40,48.50,41.10,34.50,26.20,26.40,22.60,23.00,35.60,61.90,35.10,28.20,28.80,19.10
Cincinnati Financial Corp,CINF,90.00,91.80,90.10,91.60,82.80,87.80,89.20,NA,92.20,89.20,88.00,87.80,78.90,83.80,88.60,88.10,90.10,92.10,87.70,83.50,40.30,76.80,76.90,71.80,86.30,78.10,84.30,88.90
International Flavors & Fragrances Inc.,IFF,25.40,55.50,10.30,33.00,24.80,80.00,70.40,NA,55.80,10.20,36.00,54.10,35.00,19.60,24.70,45.20,34.70,53.40,37.40,34.80,17.10,39.00,53.20,52.60,66.70,55.70,32.80,58.20
"Ptc, Inc",PTC,38.80,38.50,22.00,49.20,66.00,39.60,17.20,43.60,38.60,42.40,30.00,25.50,28.40,14.80,20.90,31.90,42.80,74.20,62.60,69.00,24.70,92.80,56.00,92.60,89.30,55.40,25.50,34.80
"Expedia Group, Inc.",EXPE,90.20,83.80,2.20,98.80,100.00,5.80,0.40,NA,84.40,96.40,89.20,1.60,88.70,69.80,75.50,52.40,37.00,89.80,50.00,89.90,93.20,69.60,61.50,88.00,72.20,79.20,85.50,96.90
Teledyne Technologies Incorporated,TDY,56.20,39.10,50.50,72.00,73.60,29.20,52.60,NA,37.60,23.80,51.40,51.70,33.60,51.80,63.90,62.00,64.30,74.60,35.60,47.70,72.10,56.20,64.80,47.20,72.70,46.90,74.90,70.00
Weyerhaeuser Company,WY,16.40,31.10,18.40,66.20,29.40,13.20,61.40,NA,30.60,83.80,80.40,39.70,25.20,41.30,33.10,18.00,39.00,38.70,40.20,21.90,13.40,93.30,7.70,5.90,16.40,51.70,57.40,87.70
Atmos Energy Corporation,ATO,4.40,52.30,6.90,28.20,4.60,4.40,3.60,NA,52.00,2.80,0.40,5.60,4.00,6.10,6.90,6.30,8.10,8.30,3.80,6.50,9.80,56.60,89.20,16.50,68.60,9.50,31.10,64.10
Waters Corp,WAT,35.20,22.80,37.80,13.80,67.60,43.60,29.00,NA,22.60,23.60,30.60,50.10,32.20,30.40,50.30,54.60,44.20,47.80,42.50,41.80,52.50,44.00,44.20,72.00,46.90,51.30,63.20,37.60
"Zimmer Biomet Holdings, Inc.",ZBH,67.60,40.30,69.50,58.80,33.60,68.40,38.60,NA,39.00,52.00,65.80,42.50,48.30,77.70,76.10,82.20,38.40,57.40,60.90,80.00,74.40,69.00,52.70,68.80,58.80,50.60,52.90,41.60
Lyondellbasell Industries N.v. Class A,LYB,73.60,88.00,45.70,87.20,8.40,86.40,89.60,NA,88.60,92.20,97.20,59.50,78.50,87.20,88.40,90.20,91.50,95.00,77.80,87.10,77.40,56.80,2.90,23.90,69.20,NA,NA,NA
Western Digital Corp.,WDC,9.60,6.40,12.50,50.00,21.40,7.20,1.40,2.00,1.60,67.80,55.80,21.60,69.80,94.10,94.50,95.70,84.90,91.30,94.60,98.50,78.90,92.20,85.10,75.80,74.70,32.60,78.70,36.40
Steris Plc,STE,39.00,28.70,30.50,47.40,49.80,37.20,18.20,31.70,21.60,20.60,35.00,36.70,36.20,35.20,54.40,27.00,40.10,50.50,65.70,41.60,18.80,72.20,69.50,45.10,35.80,73.20,60.40,34.50
Eversource Energy,ES,100.00,1.00,100.00,5.00,2.40,3.60,3.20,NA,1.20,6.80,5.60,8.60,5.00,5.50,8.30,18.40,8.70,14.30,17.60,9.10,9.40,20.40,19.80,8.60,3.60,4.80,4.90,7.10
Kellanova,K,40.80,62.50,64.60,57.40,64.80,22.60,84.40,NA,63.20,63.20,67.80,77.80,26.80,56.70,67.50,49.50,53.70,65.50,61.10,63.10,50.70,23.20,51.40,44.70,61.30,61.00,50.40,57.40
Packaging Corp of America,PKG,31.40,69.90,44.40,16.20,65.40,56.60,69.00,NA,70.60,67.60,52.00,58.70,83.10,78.70,59.80,76.70,79.50,45.70,67.60,70.90,20.00,14.50,64.00,73.80,70.80,75.80,52.50,45.40
Northern Trust Corp,NTRS,98.40,88.40,78.60,100.00,0.40,99.80,8.40,NA,89.00,88.80,64.00,83.00,89.90,82.40,83.60,79.10,89.00,64.70,52.70,59.50,73.80,27.30,45.30,43.30,44.90,24.00,49.60,60.00
Seagate Technology Holdings Plcs,STX,35.40,32.90,16.60,74.60,45.80,26.80,20.60,37.60,61.80,81.80,66.80,83.20,85.10,88.10,96.30,96.70,93.00,93.10,94.10,97.70,50.10,94.40,31.20,88.50,20.50,49.00,81.50,16.50
"Builders Firstsource, Inc.",BLDR,84.60,84.40,83.40,81.00,58.20,78.80,85.00,NA,85.00,99.00,82.20,35.90,93.40,93.50,61.70,90.40,92.10,15.00,1.90,2.10,0.20,1.10,9.20,2.00,97.50,93.30,91.60,95.30
Firstenergy Corp.,FE,5.20,1.80,8.70,39.40,3.40,11.40,6.20,NA,2.20,10.80,20.80,5.80,10.30,3.40,83.40,25.60,44.40,4.00,8.40,7.80,36.90,76.40,20.00,15.60,20.30,41.30,67.20,79.20
Steel Dynamics Inc,STLD,20.60,86.00,33.50,10.60,25.20,70.40,84.80,NA,86.40,96.20,84.40,9.80,93.00,96.00,71.20,83.80,97.70,94.00,26.60,70.30,82.10,14.30,26.80,89.20,22.30,86.60,94.80,78.00
"Cboe Global Markets, Inc.",CBOE,87.80,67.90,95.80,69.20,54.40,61.80,90.20,NA,68.40,55.20,53.00,92.80,55.50,48.20,28.60,26.20,29.10,32.00,32.60,50.20,55.00,38.00,21.80,36.10,NA,NA,NA,NA
"Citizens Financial Group, Inc.",CFG,87.20,96.80,27.10,95.00,87.40,89.80,96.80,NA,96.80,96.60,87.80,15.20,81.70,83.00,82.40,75.30,75.80,83.80,96.40,84.60,91.50,NA,NA,NA,NA,NA,NA,NA
"Warner Bros. Discovery, Inc. Series a",WBD,99.00,98.60,92.30,95.60,83.00,98.60,97.00,NA,98.60,94.40,98.00,95.60,97.60,93.10,98.60,94.30,88.40,82.10,78.50,77.80,74.00,41.40,47.50,81.50,20.00,19.90,15.70,17.30
Zebra Technologies Corporation,ZBRA,50.80,9.00,63.00,74.40,48.60,35.00,9.40,NA,10.00,39.20,40.40,55.10,56.30,80.60,86.00,77.10,10.30,63.80,69.90,73.00,23.50,40.30,37.60,53.70,63.60,29.80,32.10,28.80
"First Solar, Inc.",FSLR,6.80,5.40,6.30,8.80,14.60,50.00,8.20,NA,5.60,11.20,6.20,9.40,2.20,0.80,95.50,10.60,3.10,90.20,91.80,93.20,0.60,14.80,29.20,22.10,19.10,5.80,11.70,11.30
"The Cooper Companies, Inc.",COO,13.60,15.80,31.10,16.40,26.60,19.40,17.40,NA,15.80,42.60,30.80,19.60,30.00,94.30,97.60,97.50,83.30,93.80,95.40,96.20,97.20,97.60,96.90,9.30,7.30,24.90,83.10,89.10
Cms Energy Corporation,CMS,63.00,8.20,3.80,14.60,84.20,95.40,2.60,NA,9.00,3.20,8.00,6.80,6.00,5.10,11.60,8.80,10.70,7.90,13.20,12.90,43.90,18.90,13.40,10.40,2.10,21.70,25.10,30.50
Labcorp Holdings Inc.,LH,56.00,53.50,39.20,84.60,13.80,75.00,37.00,NA,53.80,80.40,87.00,87.40,81.90,80.20,87.40,84.90,77.90,79.60,88.10,82.10,77.00,75.90,75.40,75.60,78.40,73.70,77.50,74.70
Clorox Company,CLX,38.40,29.90,42.00,69.00,47.00,28.60,12.60,33.70,58.60,39.00,56.00,58.50,49.70,47.40,46.90,34.60,65.70,63.60,56.70,39.20,42.90,59.20,53.40,62.10,67.00,46.20,66.70,66.20
Omnicom Group Inc.,OMC,82.80,80.40,82.60,7.60,4.00,97.80,80.80,NA,80.00,62.60,80.00,90.80,88.10,84.00,94.10,87.70,89.90,75.70,83.50,79.50,72.90,75.30,84.00,85.80,84.70,85.00,60.00,73.00
"Darden Restaurants, Inc.",DRI,68.00,69.30,32.30,69.60,86.00,41.20,24.80,76.20,61.20,65.80,62.60,27.30,66.20,60.10,68.60,75.70,99.80,15.80,43.30,20.90,46.70,69.80,42.90,61.40,53.50,81.30,61.10,54.80
International Paper Co.,IP,81.60,68.70,94.70,55.00,64.40,59.80,72.80,NA,69.20,85.20,79.80,91.20,94.00,87.70,20.50,64.40,79.30,84.20,87.40,82.90,86.40,63.10,96.70,96.40,54.20,26.10,29.50,61.90
"Centerpoint Energy, Inc.",CNP,3.40,7.00,2.40,7.20,9.00,6.80,3.00,NA,7.20,2.00,2.00,8.20,3.20,36.20,13.00,53.20,36.40,14.80,30.50,73.60,59.90,8.20,82.20,16.90,11.40,18.50,4.20,11.80
Southwest Airlines Co.,LUV,2.40,7.20,4.60,2.80,2.60,6.60,5.20,NA,7.40,9.80,77.00,7.20,88.90,88.90,55.00,78.70,39.90,38.90,80.80,81.60,54.40,80.90,37.40,4.70,95.90,20.10,78.00,7.80
"Essex Property Trust, Inc",ESS,60.60,65.10,64.20,53.80,83.60,44.60,70.00,NA,65.80,69.20,43.20,57.70,50.90,49.00,56.60,44.40,37.40,37.20,51.00,40.90,32.00,3.90,13.20,13.80,4.80,3.90,8.70,6.60
"Nrg Energy, Inc.",NRG,75.80,3.40,11.10,96.60,71.60,54.80,90.80,NA,4.00,11.60,25.80,96.40,91.30,79.80,35.30,98.40,14.90,76.50,3.10,0.60,0.40,91.80,94.70,72.20,83.40,37.00,14.30,94.30
"Mccormick & Company, Incorporated Non-Vtg Cs",MKC,49.40,68.90,24.60,23.40,38.60,83.20,34.60,NA,69.80,20.80,29.20,39.30,40.00,31.00,63.50,45.60,45.70,41.60,38.90,36.70,30.50,42.50,55.60,51.70,37.80,54.00,67.40,59.10
Live Nation Entertainment Inc.,LYV,21.60,50.90,2.60,50.40,93.80,75.40,1.20,NA,50.60,84.80,73.40,4.60,15.10,70.20,55.20,84.50,30.80,26.00,77.20,91.40,17.90,34.50,6.80,1.80,6.40,2.10,6.60,65.70
Insulet Corporation,PODD,15.40,12.20,23.80,25.20,41.60,16.80,18.40,NA,11.20,11.40,9.80,14.00,10.50,6.90,9.70,11.70,9.10,12.50,10.30,7.60,7.00,5.00,3.10,3.60,4.60,0.20,0.20,0.00
Invitation Homes Inc.,INVH,60.20,52.10,73.10,65.60,62.60,17.80,71.20,NA,51.80,56.00,36.20,37.70,34.40,38.90,27.60,33.90,24.60,11.60,NA,NA,NA,NA,NA,NA,NA,NA,NA,NA
"Molina Healthcare, Inc.",MOH,11.80,79.40,89.70,6.00,53.60,3.80,91.40,NA,79.00,44.80,88.80,94.00,53.50,4.70,97.80,97.30,99.60,99.80,64.40,96.80,91.00,88.90,93.40,25.50,91.60,86.40,88.50,66.70
Snap-on Incorporated,SNA,74.80,76.40,68.50,78.00,85.80,69.80,72.60,NA,76.60,60.40,78.80,86.80,74.00,80.00,68.00,55.60,44.80,44.10,53.30,51.90,20.30,22.30,78.90,50.60,67.90,64.90,80.60,58.60
Coterra Energy Inc.,CTRA,72.20,82.60,75.20,20.80,83.80,60.40,38.80,NA,83.00,95.80,86.40,36.30,85.90,18.60,15.80,14.30,6.80,8.70,9.20,9.50,6.80,3.50,15.80,12.90,15.50,8.30,19.20,33.30
"Mid-America Apartment Communities, Inc.",MAA,10.20,44.50,5.30,69.40,62.00,15.00,59.60,NA,44.00,53.40,28.60,31.10,33.00,43.10,31.00,60.30,65.10,62.80,74.30,59.90,2.30,3.70,10.50,12.20,18.70,5.50,11.20,4.30
"Principal Financial Group, Inc.",PFG,98.60,97.60,94.50,98.00,90.60,92.80,93.40,NA,97.60,91.60,95.60,98.60,99.40,99.40,99.00,98.60,99.40,98.10,94.80,98.70,98.10,97.00,95.60,96.80,95.00,94.90,94.60,93.90
Hologic Inc,HOLX,76.20,72.90,70.50,78.80,75.60,47.40,47.00,84.20,65.60,89.80,88.60,55.50,49.30,61.70,9.30,75.50,72.90,74.80,75.90,49.60,75.50,73.50,78.50,53.30,48.30,17.80,37.00,51.50
Jacobs Solutions Inc.,J,70.20,10.80,14.90,88.80,18.00,83.80,47.80,7.90,71.00,36.80,58.00,74.30,4.20,46.00,86.40,94.10,88.00,93.60,54.20,42.00,32.60,28.40,75.80,36.60,46.00,56.60,42.60,31.40
Factset Research Systems,FDS,41.20,42.90,37.60,65.00,47.80,37.60,35.40,49.50,38.80,36.60,43.80,38.10,41.40,38.30,60.40,40.30,47.30,54.90,62.10,47.50,37.30,44.90,54.70,36.30,48.10,55.20,48.50,22.50
Ball Corporation,BALL,5.40,55.10,17.40,40.80,1.00,83.00,86.80,NA,55.40,3.80,12.40,19.20,54.90,50.40,83.00,6.50,54.80,77.10,67.40,73.80,71.40,34.10,60.90,63.90,81.80,35.60,67.00,71.40
W.R. Berkley Corporation,WRB,96.60,94.60,94.30,90.40,91.80,88.40,94.00,NA,94.60,89.00,92.80,91.40,83.70,66.40,80.10,90.00,91.30,92.30,93.30,96.00,94.70,89.20,76.00,97.50,99.30,99.80,99.10,99.30
"Ulta Beauty, Inc.",ULTA,75.40,50.70,31.70,19.20,95.60,9.20,14.20,58.40,55.20,56.20,55.20,64.90,43.50,21.70,19.30,16.20,20.20,21.20,14.40,20.70,29.60,73.10,3.50,7.70,13.20,12.90,16.40,1.90
Trimble Inc.,TRMB,32.00,51.10,28.50,26.40,76.40,32.00,37.60,NA,50.80,32.60,40.60,44.30,61.60,58.50,44.00,57.30,66.70,59.90,37.00,35.40,32.80,17.80,41.10,50.30,55.40,53.30,44.00,39.00
Las Vegas Sands Corp.,LVS,69.40,64.30,29.50,70.40,71.00,70.00,57.20,NA,65.00,6.60,7.20,7.80,46.10,83.60,81.50,73.60,65.50,83.60,59.60,38.80,29.90,10.40,2.20,0.50,9.10,6.90,13.10,14.20
Keycorp,KEY,9.80,98.20,1.20,6.60,88.40,96.40,92.80,NA,98.20,98.60,62.80,86.60,94.80,95.10,86.60,89.00,86.40,91.90,92.90,94.10,96.40,97.40,98.70,10.80,12.80,66.70,93.90,89.80
Quest Diagnostics Inc.,DGX,70.80,69.10,62.00,74.80,35.00,84.00,29.40,NA,70.00,78.00,80.80,85.80,71.40,74.90,82.20,71.20,63.20,76.30,54.80,85.90,67.80,74.80,58.70,66.40,74.30,78.50,65.60,66.40
"Teradyne, Inc.",TER,30.80,25.70,27.30,37.20,20.20,52.80,35.00,NA,25.20,37.00,48.20,41.10,47.10,67.40,78.50,80.60,80.20,85.20,49.00,78.70,66.10,93.70,34.10,78.30,25.30,91.90,11.00,31.00
Masco Corporation,MAS,73.80,80.80,76.20,79.80,15.20,82.60,87.20,NA,80.20,68.00,60.20,70.10,60.80,84.80,54.60,63.80,66.50,71.50,77.60,29.70,24.10,67.00,85.30,89.40,94.80,82.20,84.80,79.40
"Best Buy Company, Inc.",BBY,82.00,49.90,83.00,12.80,98.00,11.00,67.20,57.40,57.60,86.00,94.60,80.20,87.50,72.30,97.00,80.20,90.50,79.20,95.00,98.10,27.90,77.40,37.80,54.40,53.80,48.30,79.40,49.90
Pentair Plc,PNR,54.40,55.30,62.40,93.60,13.60,38.00,51.80,NA,55.60,48.20,59.80,69.90,45.70,65.60,79.70,93.30,87.60,92.90,75.70,12.70,82.90,69.20,71.60,73.10,90.40,84.30,79.20,74.50
Baxter International Inc.,BAX,10.80,65.70,7.10,12.40,25.60,67.20,37.40,NA,66.60,23.20,44.00,32.30,36.80,39.50,40.20,37.60,36.20,70.90,82.40,82.50,85.50,84.60,72.30,67.00,81.30,88.70,81.00,72.10
Idex Corporation,IEX,45.80,44.70,52.50,41.00,50.00,48.00,51.00,NA,44.20,34.20,34.00,40.90,43.90,44.50,49.10,61.10,63.60,62.00,68.00,71.30,51.60,39.70,59.80,75.20,66.50,65.10,63.50,62.40
"Alexandria Real Estate Equities, Inc.",ARE,80.80,79.60,79.20,78.40,79.20,18.60,5.60,NA,79.20,66.60,1.80,4.20,45.10,2.60,3.20,1.60,4.80,6.00,4.20,5.70,1.90,1.50,3.70,8.10,2.50,1.80,2.60,2.10
Genuine Parts Company,GPC,69.00,58.90,71.90,41.80,60.20,44.40,77.60,NA,59.20,56.80,62.40,92.00,48.50,69.40,61.50,65.60,83.70,46.40,76.40,74.90,47.80,61.00,79.10,57.10,72.40,47.10,50.80,65.00
Kimco Realty Corp.,KIM,67.20,83.20,83.20,70.80,63.80,40.00,21.20,NA,83.60,75.20,40.80,68.10,65.40,92.50,50.50,64.80,49.80,76.90,68.60,47.30,15.60,26.70,11.00,19.40,6.60,7.20,8.00,10.20
"Expeditors International of Washington, Inc.",EXPD,44.40,66.30,21.60,35.40,75.80,37.40,41.60,NA,67.20,88.00,49.40,46.70,68.40,46.80,39.80,54.40,71.90,40.10,37.20,35.20,35.60,24.30,32.30,44.00,33.30,31.20,32.60,26.50
"Tyson Foods, Inc.",TSN,79.20,77.40,70.70,85.40,7.80,93.20,10.40,88.10,9.60,43.60,84.80,91.60,51.10,78.90,74.60,80.80,86.20,44.70,78.70,76.60,53.30,88.30,91.60,17.20,82.00,7.60,71.90,80.10
Dollar General Corp.,DG,88.60,23.40,79.80,52.20,80.00,41.80,19.40,25.70,13.80,48.00,70.80,44.70,57.90,43.30,66.10,40.10,51.90,39.10,33.90,33.30,34.10,44.50,40.70,39.70,29.20,45.50,22.20,51.80
"Textron, Inc.",TXT,62.60,67.50,37.40,75.40,18.60,77.20,44.80,NA,68.00,78.40,76.60,51.30,76.70,69.20,47.90,42.30,69.60,78.20,32.80,67.10,86.10,80.70,89.50,45.80,43.50,55.00,69.10,66.00
Avery Dennison Corp.,AVY,52.80,36.30,54.30,42.60,36.20,56.40,67.60,NA,35.40,55.80,57.80,51.90,54.50,23.50,53.80,71.60,67.80,47.20,25.90,84.80,75.10,67.70,81.30,81.30,54.40,56.40,50.10,59.60
Gen Digital Inc.,GEN,91.80,93.80,43.00,72.80,99.40,73.80,40.20,100.00,77.40,73.80,68.20,4.80,85.30,51.40,8.50,48.90,68.80,81.30,77.00,88.20,79.70,77.90,76.50,79.50,77.90,80.10,78.50,58.40
Nisource Inc.,NI,4.20,4.00,6.10,6.20,12.60,4.00,2.00,NA,4.60,4.60,4.20,6.00,7.40,2.20,2.00,2.50,19.00,1.70,1.50,4.00,3.20,6.90,98.50,2.30,16.20,98.60,60.70,96.50
Marathon Oil Corporation,MRO,94.00,93.20,92.70,85.00,59.60,93.00,87.00,NA,93.40,97.00,96.40,29.50,19.70,38.70,16.00,9.20,0.40,20.60,19.90,7.40,90.20,55.10,4.80,18.50,80.00,87.80,92.00,94.60
"Everest Group, Ltd.",EG,99.60,99.60,98.40,99.00,98.60,95.20,98.20,NA,99.60,98.80,99.60,99.00,96.60,72.70,96.60,100.00,97.10,97.30,94.40,87.60,89.10,93.50,88.60,86.00,92.90,88.50,97.70,98.10
Jb Hunt Transport Services Inc,JBHT,26.40,10.00,43.80,31.00,71.40,11.80,10.00,NA,10.40,17.40,17.00,30.90,20.90,13.20,30.00,22.50,20.50,9.40,14.60,18.10,22.40,26.00,16.00,51.50,10.90,3.20,9.40,5.20
Align Technology Inc,ALGN,23.60,30.10,55.20,30.40,28.00,16.20,44.00,NA,29.60,20.40,19.00,20.60,27.60,18.00,18.10,25.80,35.10,52.20,33.50,38.40,47.30,62.00,44.00,40.60,48.70,11.10,19.00,29.30
"Healthpeak Properties, Inc.",DOC,79.80,81.00,74.30,79.40,68.60,77.60,22.80,NA,80.40,20.00,15.80,38.30,24.70,14.20,46.70,28.80,21.30,16.80,0.20,15.40,14.10,NA,NA,NA,NA,NA,NA,NA
Domino's Pizza Inc.,DPZ,39.60,37.10,46.70,34.40,45.00,39.20,44.20,NA,36.20,40.60,33.80,40.70,39.60,23.10,35.70,30.70,45.90,24.30,38.30,57.40,61.80,82.90,91.20,92.30,63.80,76.20,75.60,64.80
Viatris Inc.,VTRS,92.60,97.00,94.10,84.80,95.40,75.20,94.20,NA,97.00,95.00,95.00,61.30,95.00,93.90,86.80,86.50,71.70,30.60,46.00,53.60,40.10,80.00,62.90,59.80,27.60,67.20,30.00,22.20
Verisign Inc,VRSN,64.00,43.50,59.00,45.60,72.20,43.00,39.20,NA,42.80,46.40,32.60,31.30,34.20,35.00,72.20,72.00,72.10,83.20,66.50,74.30,21.50,19.30,46.80,72.50,42.10,59.80,69.30,35.00
Jabil Inc.,JBL,78.00,76.60,87.10,87.80,18.80,47.60,86.20,87.10,57.00,40.20,37.80,65.50,51.50,7.90,91.10,12.30,80.00,7.50,90.40,27.00,78.70,15.60,79.30,29.60,15.30,38.80,61.80,59.80
Alliant Energy Corporation,LNT,47.20,2.40,97.60,5.60,10.00,5.20,5.80,NA,3.00,4.40,5.80,6.60,2.80,2.80,4.90,6.10,8.30,12.30,9.00,5.10,18.30,95.90,93.00,7.90,23.90,20.60,21.50,8.30
"Cf Industries Holding, Inc.",CF,50.40,94.20,93.30,88.20,87.00,1.20,83.20,NA,94.20,96.00,95.40,88.60,89.70,87.90,95.30,1.00,1.90,7.30,48.10,93.00,94.00,79.20,74.30,89.80,86.80,88.90,79.60,98.60
Loews Corporation,L,94.40,98.00,91.50,93.00,94.60,64.00,97.20,NA,98.00,95.20,93.80,80.40,54.10,98.00,90.50,57.70,96.30,19.30,19.00,78.50,95.10,5.90,83.30,15.10,91.80,41.60,95.60,96.00
The Estee Lauder Companies Inc. Class A,EL,71.00,44.30,4.80,75.00,46.00,74.80,5.40,50.50,8.00,24.00,31.80,29.10,27.20,35.40,46.50,38.00,50.40,37.40,27.00,30.80,26.70,51.20,50.10,37.00,45.30,64.00,34.40,43.00
Amcor Plcs,AMCR,61.20,70.90,4.00,96.80,32.80,67.40,3.80,80.20,62.80,65.60,68.00,70.70,27.80,19.20,17.80,10.80,24.00,18.70,14.00,9.90,9.20,8.50,12.50,19.90,18.50,17.10,12.40,12.30
"Revvity, Inc.",RVTY,55.20,11.80,36.00,52.80,63.00,54.60,9.20,NA,11.00,42.80,68.40,63.90,26.00,21.90,35.50,66.70,47.10,61.30,23.60,28.90,71.60,34.30,38.20,78.80,60.10,38.30,65.30,65.20
Aptiv Plc,APTV,54.20,47.70,6.70,80.60,24.20,65.40,72.20,NA,47.20,20.20,18.20,28.70,40.20,51.60,39.60,84.30,63.00,83.40,79.10,76.40,81.40,70.50,15.60,NA,NA,NA,NA,NA
"Evergy, Inc.",EVRG,6.40,6.80,85.10,3.00,5.20,5.60,78.60,NA,7.00,7.40,5.40,22.40,17.30,33.80,23.10,6.70,13.00,10.80,7.50,5.50,5.30,20.00,9.50,5.60,3.00,12.00,75.40,83.50
"Moderna, Inc.",MRNA,0.40,1.40,1.40,2.20,5.00,47.00,1.60,NA,1.80,74.80,92.00,62.10,2.60,0.20,4.50,15.50,NA,NA,NA,NA,NA,NA,NA,NA,NA,NA,NA,NA
Pool Corporation,POOL,53.20,66.90,77.40,13.40,55.40,36.80,81.40,NA,67.60,47.40,16.80,30.10,34.60,14.40,28.80,30.90,32.90,39.30,29.10,48.10,30.90,62.70,77.40,75.40,70.60,34.60,24.10,32.60
"Rollins, Inc.",ROL,23.40,23.60,28.10,29.40,41.80,31.60,25.80,NA,23.00,27.80,27.80,26.10,25.60,19.40,23.30,27.60,27.10,35.30,29.70,34.60,33.70,30.20,39.10,40.00,45.80,54.50,45.40,50.60
Nordson Corp,NDSN,52.20,61.90,46.90,37.00,67.40,54.20,48.20,NA,62.60,44.60,42.60,50.70,41.20,64.80,48.30,51.10,52.30,59.70,49.20,61.80,65.20,38.80,68.10,57.80,61.00,76.70,77.80,78.70
"F5, Inc.",FFIV,71.40,70.70,78.20,68.20,84.00,59.40,69.40,79.20,72.40,57.60,64.60,79.80,82.90,66.60,89.70,84.00,80.40,68.80,75.50,53.20,58.00,28.20,47.00,67.50,55.60,33.70,52.00,21.70
Skyworks Solutions Inc,SWKS,92.80,87.20,80.60,66.00,78.20,90.20,70.20,96.00,87.40,75.40,54.80,38.70,80.10,54.70,77.50,73.80,36.00,65.10,82.20,39.00,69.10,29.10,66.60,69.50,37.40,13.40,23.70,26.70
"Stanley Black & Decker, Inc.",SWK,76.40,70.30,52.90,92.40,3.80,91.40,83.60,NA,71.20,1.00,13.40,71.50,53.70,44.10,48.90,78.10,65.30,77.80,38.70,44.30,53.10,74.60,57.80,87.80,89.50,84.50,76.60,78.50
"Epam Systems, Inc.",EPAM,42.80,33.30,76.60,23.60,52.80,19.80,56.00,NA,32.60,22.60,16.40,28.50,17.90,36.80,33.50,42.70,18.80,43.00,23.80,27.40,90.60,41.90,75.60,NA,NA,NA,NA,NA
Akamai Technologies Inc,AKAM,80.40,28.30,59.60,77.20,65.20,58.80,38.00,NA,28.00,71.00,59.40,32.10,41.00,65.80,41.40,50.90,33.50,29.50,33.30,38.00,37.50,21.00,57.60,69.80,32.80,22.40,27.40,29.10
"Udr, Inc.",UDR,68.40,50.50,79.60,59.60,60.80,49.00,39.60,NA,50.00,57.40,34.40,46.90,37.40,41.50,48.50,47.90,31.20,39.50,47.30,27.20,1.30,4.60,10.10,2.70,3.90,4.60,5.20,3.10
"Conagra Brands, Inc.",CAG,91.20,88.80,42.60,87.00,96.00,79.00,74.80,97.00,43.00,55.60,65.40,82.40,72.00,50.00,71.00,56.90,82.40,89.00,85.60,74.70,80.00,83.30,7.30,15.80,51.30,85.70,76.10,24.60
Incyte Genomics Inc,INCY,10.60,34.50,79.00,1.00,80.20,46.20,40.00,NA,33.60,61.80,47.00,11.60,38.20,17.60,9.10,17.80,13.60,12.70,11.50,7.00,4.10,38.20,18.50,3.80,6.80,5.10,1.40,3.80
Camden Property Trust,CPT,69.60,40.70,88.10,51.40,33.20,33.00,52.20,NA,39.80,28.00,14.60,18.80,17.10,15.60,20.30,19.20,11.20,9.80,15.10,16.00,13.20,34.70,44.60,24.80,8.40,88.00,70.70,76.40
Albemarle Corporation,ALB,1.80,4.80,9.70,8.40,4.40,1.80,20.80,NA,5.20,29.40,7.60,14.40,7.80,8.10,12.80,66.10,23.60,85.70,56.30,33.50,49.50,41.60,61.10,78.60,44.40,82.70,61.60,81.30
Henry (Jack) & Associates,JKHY,30.20,29.10,36.20,64.60,36.00,19.00,36.60,32.70,16.20,27.20,30.20,28.30,24.30,22.50,29.80,29.90,48.80,55.70,55.00,60.30,61.20,57.30,66.80,55.80,60.40,69.50,35.60,38.80
"C.H. Robinson Worldwide, Inc.",CHRW,20.00,73.10,46.30,65.80,15.80,21.20,70.80,NA,73.00,90.60,12.60,42.10,80.50,68.40,29.20,42.90,80.80,50.70,30.10,36.50,27.30,19.70,27.70,42.20,36.70,52.40,38.20,30.30
Juniper Networks Inc,JNPR,41.60,79.80,56.40,10.40,88.60,13.40,85.20,NA,79.40,12.00,64.40,75.60,61.80,76.90,92.90,85.90,74.00,66.30,56.90,23.20,58.40,25.40,36.90,61.60,42.40,70.00,49.40,31.20
"Host Hotels & Resorts, Inc.",HST,82.40,70.10,67.30,85.60,82.20,43.80,56.80,NA,70.80,80.20,9.60,5.40,63.40,71.70,80.70,63.00,47.90,43.50,36.80,17.50,16.20,16.30,25.70,68.40,88.60,35.80,29.70,22.70
"Dayforce, Inc.",DAY,17.40,14.20,31.90,48.20,20.80,30.00,13.00,NA,14.40,13.00,11.20,13.80,11.90,10.10,5.30,4.30,7.60,NA,NA,NA,NA,NA,NA,NA,NA,NA,NA,NA
Allegion Public Limited Company,ALLE,63.20,57.10,68.10,67.60,29.80,67.80,55.80,NA,57.20,54.20,50.60,52.10,42.70,60.50,50.10,64.20,35.30,41.00,49.40,49.40,43.70,NA,NA,NA,NA,NA,NA,NA
Bunge Global Sa,BG,84.80,94.00,96.60,0.00,97.00,96.20,95.80,NA,94.00,0.20,0.60,1.00,1.20,1.00,45.80,93.50,10.10,46.80,89.10,1.90,92.50,0.20,2.00,93.70,10.30,6.00,12.60,62.90
"Universal Health Services, Inc. Class B",UHS,84.00,61.70,27.70,89.80,79.60,77.40,9.00,NA,62.20,29.20,12.80,93.00,72.80,52.80,68.40,19.00,15.90,21.60,70.90,10.50,79.50,51.40,41.30,49.00,20.70,8.10,72.80,65.50
Dollar Tree Inc.,DLTR,40.20,20.00,8.50,44.00,78.60,14.20,7.60,18.80,14.80,18.80,78.20,50.30,50.70,32.40,79.30,20.40,43.80,46.60,38.50,38.60,45.00,74.20,54.50,54.20,64.50,83.40,36.50,15.60
Norwegian Cruise Line Holdings Ltd.s,NCLH,28.40,2.00,5.50,93.80,98.20,2.20,0.20,NA,2.40,0.40,0.00,0.60,17.50,59.90,21.10,19.80,9.90,4.80,4.40,21.70,28.40,2.60,11.60,17.60,7.10,3.70,5.40,4.50
The J.M. Smucker Company,SJM,67.80,67.30,20.80,83.20,82.00,20.20,21.60,74.30,52.60,60.60,81.20,78.60,69.40,73.30,74.40,86.30,42.60,67.40,65.30,46.40,21.30,63.60,73.00,38.80,73.60,68.60,44.70,17.70
Regency Centers Corporation,REG,63.40,45.70,81.00,60.60,66.80,24.40,58.40,NA,45.80,71.80,39.40,74.90,45.90,63.00,17.00,16.60,25.20,55.90,59.00,72.80,18.60,16.10,20.40,14.90,7.50,12.20,11.50,6.10
Carmax Inc.,KMX,61.00,10.60,89.50,4.80,79.80,30.80,19.80,6.90,81.00,1.40,31.20,9.00,9.10,5.90,3.70,4.90,2.70,2.70,1.30,8.20,10.20,13.40,25.10,16.00,16.90,14.50,8.40,13.00
Eastman Chemical Company,EMN,65.20,62.90,77.00,80.40,8.60,79.80,84.00,NA,63.40,41.20,74.20,79.60,88.30,85.40,85.20,78.50,86.60,81.10,71.30,64.10,25.60,43.40,73.60,23.50,48.50,50.80,86.40,57.20
"Bxp, Inc.",BXP,25.20,90.60,3.20,87.40,67.00,77.80,88.00,NA,91.00,81.40,73.20,79.40,40.60,43.90,26.80,18.80,43.40,36.80,52.90,36.90,15.80,7.20,20.90,21.90,12.10,16.60,20.10,27.40
"Tapestry, Inc.",TPR,86.80,90.00,38.00,79.60,48.80,97.00,31.60,98.00,80.80,84.40,87.20,69.70,69.60,61.50,55.40,32.10,79.10,84.60,76.60,59.70,37.70,65.50,50.50,59.10,44.00,49.70,41.20,48.00
Bio-Techne Corp.,TECH,24.40,21.60,22.20,24.60,43.40,27.60,21.00,21.80,17.80,22.80,22.40,22.20,21.30,23.70,32.90,31.10,32.00,38.00,38.10,39.90,31.80,41.20,35.20,34.80,44.20,49.40,39.60,38.10
Generac Holdings Inc,GNRC,73.40,55.90,83.80,32.20,66.60,84.40,66.00,NA,56.20,10.60,18.00,34.90,49.10,70.00,85.00,86.70,81.80,79.40,66.10,85.00,86.80,90.90,97.10,33.60,95.20,NA,NA,NA
"Super Micro Computer, Inc.",SMCI,0.80,4.60,8.30,3.40,3.00,70.60,11.60,0.00,59.40,0.60,48.60,8.40,98.60,56.30,2.40,73.00,4.10,6.40,18.60,11.60,10.00,6.50,53.00,25.10,57.90,15.00,26.20,14.90
"Lamb Weston Holdings, Inc.",LW,7.60,8.80,16.20,57.80,9.80,10.40,22.40,3.00,13.20,17.20,42.40,56.70,46.50,17.00,26.60,49.30,55.00,41.40,10.90,NA,NA,NA,NA,NA,NA,NA,NA,NA
"Charles River Laboratories International, Inc.",CRL,72.80,32.30,76.40,66.60,36.40,50.20,54.80,NA,31.80,31.20,36.40,35.50,57.70,62.10,58.80,77.90,70.90,76.10,72.40,79.30,82.70,46.60,52.30,43.80,25.50,17.30,53.40,63.10
"The Interpublic Group of Companies, Inc.",IPG,85.60,32.10,66.70,42.40,10.20,95.00,67.40,NA,31.60,42.20,91.40,97.20,95.60,53.00,90.30,34.20,64.50,70.10,61.30,35.90,25.80,87.60,85.70,97.10,49.00,14.10,10.10,49.40
"Paycom Software, Inc.",PAYC,28.20,24.40,24.80,53.00,58.60,30.40,18.80,NA,23.80,17.00,14.40,17.40,15.50,16.00,19.10,23.70,17.10,16.40,14.90,16.50,10.70,NA,NA,NA,NA,NA,NA,NA
News Corporation Class A,NWSA,58.20,45.90,13.10,36.20,91.20,68.60,4.80,51.50,66.20,84.20,67.60,61.70,55.70,44.90,34.10,92.60,63.40,53.20,19.50,25.70,35.40,31.20,NA,NA,NA,NA,NA,NA
"Assurant, Inc.",AIZ,95.00,86.80,93.90,97.60,34.20,87.20,87.40,NA,87.60,70.80,74.60,94.80,96.40,88.50,89.00,17.20,25.60,73.80,96.70,97.30,94.90,81.80,47.90,93.90,94.30,92.80,95.30,95.50
"Catalent, Inc.",CTLT,13.20,9.80,15.80,64.20,16.60,20.00,4.00,5.90,5.80,9.20,9.00,14.60,13.70,34.60,45.40,16.00,15.50,25.40,13.80,12.20,13.60,NA,NA,NA,NA,NA,NA,NA
Molson Coors Beverage Company Class B,TAP,87.00,87.40,84.40,97.00,11.60,76.00,89.00,NA,88.00,78.20,87.60,88.80,90.90,92.10,83.80,39.10,24.80,81.50,85.10,83.30,67.40,49.00,65.90,29.10,29.40,67.70,17.80,88.70
Erie Indemnity Co,ERIE,27.00,19.40,32.90,31.60,35.20,38.40,15.40,NA,19.80,29.80,35.60,29.70,38.60,26.90,30.40,33.10,31.40,26.20,97.50,31.20,69.50,93.10,58.00,55.10,79.50,77.10,70.50,61.70
Pinnacle West Capital Corporation,PNW,3.80,2.20,12.10,1.60,7.40,6.00,12.80,NA,2.80,5.40,3.40,8.80,6.80,13.40,6.70,8.00,13.20,26.40,22.20,45.80,38.20,12.10,56.50,17.40,11.60,6.70,30.70,75.70
Lkq Corporation,LKQ,82.60,81.20,86.90,58.40,72.00,32.20,81.00,NA,80.60,77.00,72.00,89.80,81.10,67.60,30.80,47.40,41.70,27.20,31.60,20.30,25.40,23.90,31.90,39.10,22.60,25.40,23.90,15.10
Marketaxess Holdings Inc.,MKTX,39.20,26.50,58.40,60.00,19.40,50.40,30.20,NA,25.80,25.60,19.40,23.60,18.30,19.80,22.50,18.60,26.00,37.60,24.50,51.50,44.10,66.60,61.80,68.20,63.30,28.60,39.10,80.90
Fox Corporation Class A,FOXA,83.80,85.20,25.10,94.60,98.80,2.60,8.60,93.10,82.20,83.40,86.00,90.40,89.10,33.00,60.60,32.70,NA,NA,NA,NA,NA,NA,NA,NA,NA,NA,NA,NA
Solventum Corporation,SOLV,89.00,90.20,30.70,89.20,91.00,86.60,84.60,NA,90.60,85.80,93.20,91.80,NA,NA,NA,NA,NA,NA,NA,NA,NA,NA,NA,NA,NA,NA,NA,NA
Aes Corporation,AES,0.20,0.20,2.00,0.20,0.20,0.20,0.60,NA,0.20,3.00,9.20,59.30,14.10,17.40,22.30,14.50,7.20,8.10,96.20,75.70,40.70,85.00,8.80,10.20,18.00,72.70,85.20,77.50
Globe Life Inc.,GL,96.40,91.60,87.50,94.40,92.60,86.20,81.80,NA,92.00,87.80,94.00,93.60,91.50,93.70,96.80,96.90,96.10,95.20,95.80,96.40,93.80,94.80,95.40,90.10,94.50,94.20,93.70,91.70
Teleflex Incorporated,TFX,75.00,41.10,82.20,28.60,48.00,42.80,72.40,NA,40.20,25.00,51.20,24.00,20.70,27.50,36.50,57.90,49.20,53.60,41.20,37.30,19.00,66.80,63.30,56.40,94.10,90.30,85.90,85.60
A.O. Smith Corporation,AOS,60.00,60.50,55.80,18.40,45.40,64.80,62.40,NA,61.00,46.20,54.40,69.30,62.00,55.70,24.90,47.00,42.40,36.60,34.70,25.10,12.20,32.30,93.80,42.90,88.80,72.30,91.80,26.00
The Mosaic Company,MOS,97.00,84.00,98.80,96.00,2.20,61.20,73.60,NA,84.60,93.60,72.20,59.10,7.20,40.10,17.20,41.70,84.30,84.40,15.30,17.10,45.60,28.60,22.20,27.50,47.20,36.00,13.30,22.90
Hormel Foods Corporation,HRL,70.00,53.90,40.00,47.60,86.60,53.00,41.00,NA,54.20,43.20,42.00,32.70,33.20,36.00,64.70,36.40,56.00,48.60,48.50,46.00,42.20,54.00,70.10,37.70,51.00,46.00,74.00,57.70
Campbell Soup Company,CPB,66.00,58.30,48.50,38.20,91.60,20.40,31.00,65.30,70.20,74.00,70.40,77.40,84.10,75.50,74.20,69.90,60.10,45.50,46.70,71.70,69.30,49.20,59.60,35.70,32.60,70.40,57.80,46.10
"Caesars Entertainment, Inc.",CZR,8.00,63.10,4.40,68.40,7.60,58.20,13.80,NA,63.60,12.60,21.60,5.20,93.60,99.20,70.80,95.50,64.90,58.80,23.00,28.10,3.80,12.60,2.60,3.40,83.80,1.60,0.90,93.40
Henry Schein Inc,HSIC,56.40,34.10,56.80,88.60,77.60,8.60,73.00,NA,33.20,57.20,71.80,70.30,71.20,68.80,68.20,68.10,58.50,66.90,81.00,62.40,82.50,64.00,69.90,85.10,58.10,59.60,73.50,35.20
Federal Realty Investment Trust,FRT,38.60,30.50,41.20,62.60,59.40,23.80,36.40,NA,30.00,16.60,13.00,11.00,14.50,15.40,11.40,12.50,15.30,12.10,13.00,19.00,11.90,19.10,29.70,21.70,39.00,10.40,30.90,27.90
"Enphase Energy, Inc.",ENPH,53.00,35.70,48.70,46.60,32.40,16.60,29.20,NA,34.60,22.00,16.60,18.40,50.30,22.70,1.40,0.00,0.60,20.40,6.70,0.20,6.40,0.00,0.20,NA,NA,NA,NA,NA
Celanese Corporation,CE,92.20,81.40,27.50,61.80,20.40,90.40,73.20,NA,81.20,87.40,76.00,37.50,80.30,86.40,45.00,67.90,33.30,29.70,44.80,40.30,53.90,18.70,42.20,88.90,51.50,90.80,96.50,3.50
Ralph Lauren Corporation,RL,82.20,78.80,22.80,80.00,46.60,94.40,20.00,90.10,24.00,75.80,38.40,85.00,69.00,82.00,91.90,81.40,48.10,38.50,49.60,34.00,29.20,66.20,84.40,65.00,72.00,56.10,59.00,29.80
Mgm Resorts International,MGM,92.00,88.20,83.60,71.80,88.20,79.60,88.40,NA,88.80,77.80,54.20,3.80,73.60,16.40,21.50,5.30,5.80,20.20,71.10,76.80,65.00,35.80,83.10,20.80,9.80,11.50,47.30,76.60
"Hasbro, Inc.",HAS,86.60,78.20,69.90,72.60,80.40,92.40,71.60,NA,78.00,28.20,63.40,73.90,47.50,53.80,67.30,74.20,56.20,56.10,39.30,78.90,60.10,29.90,29.90,83.30,92.00,62.80,89.50,80.40
"Match Group, Inc",MTCH,91.60,83.40,81.20,67.80,90.20,80.60,79.60,NA,84.00,51.20,28.20,27.10,67.20,89.50,78.90,82.40,92.80,94.80,88.50,89.70,89.60,90.50,90.10,91.60,98.40,97.50,97.20,99.80
Invesco Ltd,IVZ,96.20,93.40,93.10,98.60,12.40,88.60,91.20,NA,93.60,71.20,83.00,93.20,92.80,87.40,88.80,12.70,76.20,75.30,45.00,58.60,73.60,21.30,27.00,60.00,76.50,33.50,72.40,28.10
Apa Corporation,APA,90.40,76.80,93.70,54.40,10.80,90.00,33.20,NA,76.80,93.00,98.20,22.80,9.90,8.90,7.70,22.70,2.10,1.20,5.20,8.40,70.60,33.60,19.30,41.10,33.70,22.90,33.50,49.60
"Huntington Ingalls Industries, Inc.",HII,72.40,74.90,88.90,7.80,5.60,90.60,86.40,NA,74.80,64.40,69.00,88.20,40.80,60.90,50.90,73.40,89.30,91.50,21.10,74.10,95.70,72.70,NA,NA,NA,NA,NA,NA
Wynn Resorts Ltd,WYNN,94.20,77.80,91.10,85.80,83.40,87.00,53.20,NA,77.80,6.40,4.00,4.00,9.50,3.80,69.40,7.80,1.20,9.10,66.70,75.30,76.10,49.70,17.80,7.00,14.40,9.70,4.40,2.80
Borgwarner Inc.,BWA,98.20,76.00,97.80,92.60,2.80,96.80,57.60,NA,75.80,85.60,75.40,86.00,78.10,83.40,80.90,82.00,33.70,23.50,24.10,63.90,43.50,28.00,41.80,26.90,70.20,67.40,55.30,81.60
"Mohawk Industries, Inc.",MHK,71.20,87.80,75.80,77.40,68.00,36.20,96.00,NA,88.40,17.80,63.80,92.40,85.50,47.20,18.30,46.60,28.50,17.70,17.20,58.40,14.50,33.00,91.40,83.50,93.80,93.10,60.20,27.70
Brown-Forman Corporation Class B,BF-B,21.80,19.00,14.30,47.20,50.80,17.40,12.40,17.80,16.40,28.60,25.20,25.30,27.00,17.20,32.30,24.10,25.80,27.40,26.80,32.70,38.80,48.60,49.00,48.30,40.80,42.50,56.40,47.50
Fmc Corporation,FMC,81.40,3.80,65.70,92.20,6.00,86.80,20.20,NA,4.40,33.20,64.80,47.70,31.80,21.10,25.20,67.10,2.50,23.90,16.50,22.40,29.40,33.20,32.50,43.10,52.60,36.30,41.50,42.30
Davita Inc.,DVA,90.60,94.80,92.50,95.80,6.60,87.60,93.80,NA,94.80,90.80,88.20,84.40,91.10,82.20,84.60,88.30,68.20,60.70,86.20,48.30,80.80,64.90,49.90,42.70,52.40,52.20,68.10,75.40
Paramount Global Class B,PARA,89.20,16.40,85.50,14.40,90.00,88.00,90.00,NA,16.80,9.00,39.60,81.60,38.80,77.30,33.90,60.70,61.40,36.40,40.00,62.70,70.10,81.60,55.80,95.30,84.50,71.40,95.10,93.10
"Walgreens Boots Alliance, Inc",WBA,4.60,5.20,99.20,82.20,1.60,2.00,80.20,1.00,12.80,77.40,85.00,91.00,84.30,86.60,81.70,83.40,56.80,57.00,73.60,80.40,66.50,77.00,50.30,30.00,24.80,30.70,17.30,24.80
"Franklin Resources, Inc.",BEN,80.20,80.60,91.70,93.20,43.60,6.20,94.40,91.10,83.80,94.20,79.60,83.80,11.30,91.30,54.80,84.70,85.70,71.10,68.40,32.30,62.50,54.20,23.10,54.00,56.70,54.70,53.20,68.10
"Qorvo, Inc.",QRVO,93.00,72.70,45.30,20.40,78.40,91.00,27.00,83.20,75.00,72.80,64.20,81.00,76.90,70.60,29.60,59.10,16.50,16.20,11.90,NA,NA,NA,NA,NA,NA,NA,NA,NA
Fox Corporation Class B,FOX,83.60,85.20,25.10,94.60,98.80,2.60,8.60,93.10,82.20,83.40,86.00,90.40,89.10,33.00,60.60,32.70,NA,NA,NA,NA,NA,NA,NA,NA,NA,NA,NA,NA