Operating Cash Flow Growth Rate Normalized Score,,,,,,,,,,,,,,,,,,,,,,,,,,,,,
Company Name,Stock Symbol,TTM,Latest Fiscal Year,Latest Qtr,Previous Qtr,2 QTR ago,3 Qtr Ago,4 QTR Ago,2024,2023,2022,2021,2020,2019,2018,2017,2016,2015,2014,2013,2012,2011,2010,2009,2008,2007,2006,2005,2004
Nvidia Corp,NVDA,97,97,38,57,83,63,85,98,8,86,59,75,50,93,82,79,56,40,18,83,77,88,2,93,70,97,96,3
Apple Inc.,AAPL,43,43,36,55,35,84,24,47,26,69,65,65,20,56,31,19,85,58,40,84,94,87,52,91,94,19,97,93
Microsoft Corp,MSFT,72,72,35,48,85,19,41,75,33,67,64,66,70,42,68,64,25,60,19,64,51,69,28,69,64,18,60,22
Amazon.com Inc,AMZN,88,88,46,56,30,85,58,NA,89,51,9,92,78,86,56,83,94,78,78,49,50,45,90,68,91,29,73,73
"Meta Platforms, Inc. Class A",META,74,74,60,37,65,44,49,NA,75,32,78,53,77,57,86,93,91,82,97,45,95,97,42,42,30,NA,NA,NA
Alphabet Inc. Class A,GOOGL,49,49,55,32,82,19,42,NA,50,49,74,68,62,69,41,83,68,71,53,61,73,64,66,80,83,78,95,90
"Tesla, Inc.",TSLA,22,22,79,97,12,70,43,NA,25,76,86,96,63,100,86,92,0,1,98,2,33,5,6,46,0,31,NA,NA
Alphabet Inc. Class C,GOOG,49,49,55,32,82,19,42,NA,50,49,74,68,62,69,41,83,68,71,53,61,73,64,66,80,83,78,95,90
Berkshire Hathaway Class B,BRK-B,69,69,9,56,47,56,43,NA,70,41,31,48,43,9,81,44,34,64,79,42,55,56,81,31,63,45,72,19
Broadcom Inc.,AVGO,45,45,50,34,65,52,40,NA,46,72,52,73,54,74,94,87,95,91,37,32,80,96,13,85,30,NA,NA,NA
Jpmorgan Chase & Co.,JPM,3,3,1,74,0,71,87,NA,3,80,94,0,4,99,2,3,96,2,99,3,100,2,98,93,1,2,23,1
Eli Lilly & Co.,LLY,7,7,90,54,97,3,92,NA,8,45,48,80,18,23,64,92,10,10,45,12,40,83,10,85,68,92,11,12
Unitedhealth Group Incorporated,UNH,49,49,85,91,89,2,15,NA,50,69,34,69,68,50,81,41,74,64,26,43,48,54,78,18,20,81,45,69
Exxon Mobil Corporation,XOM,12,12,78,21,68,36,77,NA,13,87,95,9,14,56,80,13,11,38,9,41,54,85,7,64,39,37,65,72
Visa Inc.,V,27,27,62,45,76,15,50,23,49,74,77,22,37,76,90,22,26,97,4,78,81,98,51,52,54,22,34,29
Mastercard Incorporated,MA,44,44,73,71,28,67,51,NA,45,70,67,28,82,42,72,58,71,14,81,53,86,67,95,9,57,93,17,81
Costco Wholesale Corp,COST,37,37,41,88,16,66,88,38,79,28,34,82,56,12,95,16,53,65,53,32,55,72,37,51,49,37,20,71
"Home Depot, Inc.",HD,76,76,29,35,72,61,16,79,24,33,72,51,52,60,44,62,55,54,38,88,21,27,37,20,56,26,46,69
Procter & Gamble Company,PG,57,57,27,42,80,30,31,58,36,36,38,62,41,52,16,50,49,26,52,39,15,49,34,67,56,70,26,40
Johnson & Johnson,JNJ,44,44,69,63,31,56,80,NA,45,35,31,45,47,33,57,35,48,48,55,50,19,33,58,40,41,60,48,38
Walmart Inc.,WMT,63,63,19,81,19,98,4,64,59,14,75,32,31,15,63,32,76,22,40,43,22,57,62,45,51,57,27,64
Netflix Inc,NFLX,96,96,80,14,78,35,63,NA,96,98,2,97,23,2,14,2,0,1,98,2,55,20,62,38,55,82,54,78
"Salesforce, Inc.",CRM,75,75,9,70,89,84,5,78,59,75,46,75,77,65,76,85,84,70,73,78,89,63,60,92,53,87,96,95
Bank of America Corporation,BAC,99,99,1,83,3,91,37,NA,99,63,1,13,90,97,6,9,47,2,100,1,13,9,100,6,13,96,1,2
Abbvie Inc.,ABBV,23,23,89,13,55,20,51,NA,27,61,66,79,34,73,82,29,96,5,27,41,66,27,42,NA,NA,NA,NA,NA
Oracle Corp,ORCL,47,47,59,43,100,4,54,51,89,10,59,31,26,38,44,31,31,47,36,73,71,43,59,79,62,68,57,38
Chevron Corporation,CVX,11,11,72,31,34,68,72,NA,13,90,93,7,19,80,88,10,9,20,18,29,73,84,12,67,34,62,77,56
"Merck & Co., Inc.",MRK,9,9,76,70,98,5,84,NA,10,79,72,18,77,87,7,20,91,7,61,16,55,95,8,34,36,21,22,18
Wells Fargo & Co.,WFC,78,78,11,84,2,64,99,NA,78,98,0,7,2,91,100,1,19,2,27,99,12,10,99,2,4,98,1,8
Coca-Cola Company,KO,41,41,6,92,17,20,34,NA,42,32,65,36,86,35,15,20,36,39,28,57,32,61,55,52,59,24,51,42
Advanced Micro Devices,AMD,5,5,49,46,79,40,44,NA,5,51,95,95,100,2,13,97,2,83,87,1,97,1,94,3,1,18,77,94
"Cisco Systems, Inc.",CSCO,6,6,41,33,96,10,9,7,79,30,33,40,64,24,40,54,43,29,52,61,32,39,23,68,66,39,47,68
"Pepsico, Inc.",PEP,63,63,86,88,6,54,86,NA,64,39,44,58,41,20,29,36,41,51,57,30,41,68,39,45,50,38,62,52
Accenture Plc,ACN,26,26,49,62,94,6,38,22,35,58,43,73,56,57,51,59,71,47,8,73,49,31,60,53,28,76,50,52
Adobe Inc.,ADBE,25,25,47,66,47,36,28,NA,28,60,64,77,55,76,78,88,64,60,8,33,77,33,26,30,81,68,48,77
Linde Plc,LIN,41,41,68,35,45,58,48,NA,42,36,67,69,92,58,52,45,28,33,41,57,70,22,53,50,47,59,65,42
Mcdonald's Corporation,MCD,68,68,76,19,63,33,81,NA,68,26,77,19,66,63,23,28,32,27,34,34,52,52,39,69,48,33,55,56
"Servicenow, Inc.",NOW,64,64,50,11,53,95,13,NA,65,74,60,84,89,64,98,4,97,92,91,79,99,0,42,42,30,NA,NA,NA
"Thermo Fisher Scientific, Inc.",TMO,24,24,52,64,24,79,73,NA,28,43,53,91,54,46,74,59,53,82,27,70,52,23,65,37,97,80,41,60
Abbott Laboratories,ABT,14,14,67,71,24,80,73,NA,16,36,70,76,30,45,92,54,17,57,2,44,39,66,41,85,26,37,63,54
Ge Aerospace,GE,20,20,77,31,23,81,93,NA,24,91,24,8,95,2,100,1,13,31,19,29,24,78,7,52,80,16,42,58
Texas Instruments Incorporated,TXN,12,12,52,64,34,49,63,NA,14,49,75,34,23,73,64,54,58,63,28,46,17,77,21,20,88,9,66,74
International Business Machines Corporation,IBM,70,70,68,12,60,77,47,NA,70,27,9,71,29,16,38,34,40,30,17,36,29,31,57,66,41,34,30,39
Intuit Inc,INTU,28,28,9,92,98,4,7,24,68,71,71,49,56,71,61,29,46,48,48,73,37,67,40,63,58,35,44,34
Philip Morris International Inc.,PM,19,19,26,98,13,46,36,NA,22,34,59,40,48,34,54,43,43,10,43,24,49,65,42,85,20,62,34,29
Caterpillar Inc.,CAT,84,84,57,61,33,48,55,NA,85,59,51,32,46,49,39,21,18,11,94,13,78,17,77,12,75,90,97,1
Goldman Sachs Group Inc.,GS,1,1,2,94,92,86,1,NA,1,99,88,4,67,97,0,17,98,0,2,7,98,2,99,92,7,0,86,3
Intuitive Surgical Inc.,ISRG,61,61,54,97,16,12,25,NA,62,16,74,34,85,28,53,81,67,9,45,69,69,74,81,80,92,76,94,97
Qualcomm Inc,QCOM,2,2,32,27,74,25,72,2,64,30,84,20,94,10,8,81,9,40,85,72,59,8,91,34,54,62,53,70
The Walt Disney Company,DIS,75,75,86,20,85,12,78,77,84,60,10,64,4,51,25,72,62,45,65,61,42,68,39,45,19,76,24,78
Amgen Inc,AMGN,20,20,69,85,77,7,17,NA,23,57,20,63,13,27,50,63,51,84,43,63,20,25,52,59,32,49,74,36
Comcast Corp,CMCSA,45,45,70,16,78,25,45,NA,46,35,56,38,47,46,55,43,60,71,23,44,68,50,46,65,71,73,19,86
Verizon Communications,VZ,34,34,47,57,52,31,44,NA,37,40,26,66,44,77,56,6,79,11,72,47,21,45,62,47,46,48,38,26
Booking Holdings Inc.,BKNG,51,51,37,33,88,47,23,NA,52,95,100,5,21,48,68,78,51,80,76,82,90,81,88,92,76,89,83,86
Morgan Stanley,MS,0,0,15,2,91,1,87,NA,0,1,95,3,99,97,1,10,98,1,84,99,3,94,0,98,84,3,13,0
Rtx Corporation,RTX,48,48,36,94,13,75,94,NA,48,52,86,8,86,43,84,8,21,48,36,40,50,52,26,64,45,50,63,65
American Express Company,AXP,21,21,5,25,52,33,84,NA,24,82,92,8,89,4,90,14,38,81,67,9,52,77,17,46,24,54,23,94
S&p Global Inc.,SPGI,75,75,36,65,45,69,59,NA,76,17,34,76,83,28,80,100,2,88,47,6,24,52,60,15,49,29,82,11
At&t Inc.,T,59,59,53,51,41,60,39,NA,60,20,29,29,58,49,30,56,65,20,16,59,32,37,49,41,93,61,65,14
Lowe's Companies Inc.,LOW,25,25,14,23,94,55,8,21,22,37,91,16,76,15,65,34,73,53,13,58,27,32,35,37,55,67,29,53
Danaher Corporation,DHR,18,18,49,25,69,46,27,NA,21,53,71,89,31,51,33,28,42,46,39,79,67,61,38,61,40,69,62,57
Applied Materials Inc,AMAT,83,83,23,67,38,78,14,NA,83,48,75,66,16,32,84,95,10,98,2,13,79,98,2,22,50,82,15,85
"Nextra Energy, Inc.",NEE,73,73,51,55,68,30,49,NA,73,61,26,41,77,29,37,46,60,50,75,35,42,20,77,35,78,84,9,53
Progressive Corporation,PGR,82,82,83,23,86,25,68,NA,82,33,49,58,34,86,81,69,83,21,53,58,21,56,36,28,18,34,14,42
"Uber Technologies, Inc.",UBER,98,98,55,53,87,36,24,NA,98,97,85,81,0,16,86,38,NA,NA,NA,NA,NA,NA,NA,NA,NA,NA,NA,NA
Pfizer Inc.,PFE,3,3,96,1,18,78,94,NA,4,34,89,63,12,22,42,56,20,28,37,19,90,11,31,81,13,60,24,71
"Eaton Corporation, Plcs",ETN,75,75,67,72,26,62,61,NA,76,68,11,25,81,25,45,53,78,13,80,82,29,25,42,70,15,66,76,24
Union Pacific Corp.,UNP,22,22,68,29,56,62,40,NA,25,56,39,42,34,56,29,43,37,50,50,46,80,70,20,72,50,51,62,22
"Blackrock, Inc.",BLK,18,18,43,94,8,67,74,NA,21,50,68,78,25,8,93,12,33,15,90,15,53,86,17,97,15,96,54,65
"Honeywell International, Inc.",HON,34,34,70,83,15,80,60,NA,37,32,29,31,50,36,51,41,56,65,72,74,9,46,50,38,62,71,52,35
"Tjx Companies, Inc.",TJX,77,77,87,7,90,38,80,81,70,14,48,43,84,11,71,36,68,16,88,33,19,88,25,62,35,45,79,16
Citigroup Inc.,C,1,1,0,3,98,5,86,NA,0,5,98,7,1,98,2,82,23,12,98,3,66,94,1,97,0,2,100,82
Blackstone Inc.,BX,8,8,97,98,11,33,16,NA,9,87,87,42,100,92,1,1,88,4,99,6,98,1,3,97,88,1,34,29
Boston Scientific Corp.,BSX,83,83,0,89,16,72,41,NA,84,27,61,22,99,1,84,90,5,68,13,75,97,4,14,77,6,92,6,88
Conocophillips,COP,10,10,56,35,61,45,65,NA,12,89,96,9,16,89,88,6,5,45,59,11,56,74,9,33,50,63,83,64
Stryker Corporation,SYK,74,74,88,83,14,76,71,NA,75,25,32,86,15,86,17,94,5,27,56,63,25,44,72,63,57,33,82,21
Vertex Pharmaceuticals Inc,VRTX,19,19,89,0,97,7,44,NA,22,86,15,95,77,81,98,97,80,0,1,94,95,7,2,58,1,90,16,51
"Palo Alto Networks, Inc.",PANW,57,57,40,23,30,93,33,56,74,78,76,41,39,55,77,93,99,11,85,96,99,87,42,NA,NA,NA,NA,NA
Automatic Data Processing,ADP,30,30,22,28,81,92,7,28,72,50,36,60,50,55,62,35,48,64,11,57,37,48,26,81,10,66,42,18
"Fiserv, Inc.",FI,55,55,76,64,33,54,80,NA,56,66,29,85,93,32,42,52,45,79,72,23,33,56,56,71,29,42,21,68
Palantir Technologies Inc. Class A,PLTR,95,95,92,44,29,88,69,NA,95,13,94,6,0,26,NA,NA,NA,NA,NA,NA,NA,NA,NA,NA,NA,NA,NA,NA
Bristol-Myers Squibb Co.,BMY,42,42,89,25,41,39,88,NA,43,25,53,92,85,44,93,89,8,19,3,87,44,53,56,66,80,55,8,20
Lockheed Martin Corp.,LMT,35,35,63,46,43,32,89,NA,37,29,49,60,96,2,73,42,82,15,97,4,59,55,16,50,47,58,54,78
Gilead Sciences Inc,GILD,21,21,93,15,66,66,20,NA,25,24,74,30,53,5,10,19,92,99,24,23,69,26,81,74,78,86,79,88
"Micron Technology, Inc.",MU,98,98,67,73,56,96,97,100,3,73,79,14,10,93,96,7,26,98,13,19,14,93,66,55,5,85,49,95
"T-Mobile Us, Inc.",TMUS,48,48,52,42,67,41,53,NA,49,72,81,74,92,28,7,62,81,67,97,56,43,53,91,21,83,70,34,29
The Charles Schwab Corporation,SCHW,1,1,97,3,7,95,38,NA,1,45,3,17,9,99,5,95,6,86,77,6,100,2,100,4,29,94,32,100
Starbucks Corp,SBUX,34,34,78,84,18,66,45,34,73,18,97,7,4,96,22,73,100,2,91,49,26,67,57,35,55,63,62,71
Medtronic Plc,MDT,52,52,40,9,71,94,20,53,19,69,19,48,88,5,77,52,35,41,51,64,22,46,59,66,72,14,33,69
"Marsh & Mclennan Companies, Inc.",MMC,62,62,74,85,3,47,53,NA,63,46,37,84,30,67,26,51,23,90,32,14,95,56,18,98,1,92,3,45
"Analog Devices, Inc.",ADI,21,21,48,20,63,54,41,16,46,88,71,30,23,94,19,85,47,29,52,26,23,91,12,24,70,24,21,81
Boeing Company,BA,86,86,77,26,1,100,3,NA,86,96,84,0,1,49,74,60,50,51,47,94,76,7,99,3,66,45,92,18
Intel Corp,INTC,13,13,79,86,5,31,84,NA,15,8,17,53,60,72,38,65,28,33,49,25,67,79,49,28,58,11,59,49
"Prologis, Inc.",PLD,68,68,63,38,64,16,75,NA,68,80,35,77,79,34,69,86,86,87,37,96,15,41,22,74,10,55,37,41
Chubb Limited,CB,61,61,41,56,65,26,81,NA,62,51,52,87,64,58,17,83,20,60,31,63,29,45,23,29,51,28,22,53
Kkr & Co. Inc.,KKR,87,87,17,50,68,57,89,NA,87,75,15,37,78,1,2,0,2,5,3,99,1,97,89,90,30,NA,NA,NA
Deere & Company,DE,88,88,78,87,7,84,90,NA,89,10,36,95,94,10,6,41,50,51,97,5,37,59,48,17,95,15,45,11
Arista Networks,ANET,96,96,58,71,64,27,75,NA,97,7,72,18,94,7,98,9,94,98,78,96,34,NA,NA,NA,NA,NA,NA,NA
Lam Research Corp,LRCX,22,22,81,17,62,78,26,18,86,30,83,14,72,70,85,91,58,35,83,7,96,98,1,17,93,17,96,88
"Elevance Health, Inc.",ELV,27,27,97,6,92,1,61,NA,30,51,14,93,90,16,76,16,75,57,50,17,95,6,68,11,42,65,95,49
The Southern Company,SO,59,59,65,73,46,21,63,NA,60,53,23,65,14,38,76,16,54,28,72,17,82,66,36,44,61,52,27,17
"United Parcel Service, Inc. Class B",UPS,12,12,27,15,79,58,18,NA,14,40,76,70,7,99,4,23,80,11,32,41,92,12,11,99,3,29,52,50
Ge Vernova Inc.,GEV,100,100,54,88,5,97,90,NA,100,92,32,NA,NA,NA,NA,NA,NA,NA,NA,NA,NA,NA,NA,NA,NA,NA,NA,NA
The Cigna Group,CI,72,72,10,4,93,15,45,NA,72,72,8,56,96,17,38,87,85,97,2,91,18,92,6,71,92,21,6,8
Trane Technologies Plc,TT,82,82,82,81,20,51,79,NA,82,42,45,17,85,17,38,92,22,14,28,37,89,4,98,7,22,60,50,96
"Nike, Inc.",NKE,65,65,10,55,46,99,3,66,53,23,92,8,71,74,66,10,91,35,89,45,8,87,30,48,48,42,44,79
"Altria Group, Inc.",MO,52,52,100,4,57,59,99,NA,53,46,33,54,24,87,76,9,77,48,52,51,73,18,15,8,13,64,39,33
American Tower Corporation,AMT,66,66,51,39,71,38,42,NA,67,20,62,49,36,67,50,75,44,83,55,71,54,66,55,60,46,83,89,70
Parker-Hannifin Corporation,PH,54,54,21,64,71,58,13,54,62,42,62,68,52,60,55,25,29,66,9,80,27,49,25,82,32,54,73,55
The Sherwin-Williams Company,SHW,89,89,34,98,9,24,43,NA,90,30,7,85,71,30,83,26,84,36,71,70,39,18,40,44,42,55,74,27
Intercontinental Exchange Inc.,ICE,31,31,27,49,67,67,17,NA,34,65,42,55,45,57,31,91,21,95,30,43,75,51,75,78,91,96,69,75
Kla Corporation,KLAC,23,23,53,35,81,24,31,19,50,85,60,87,24,47,82,76,16,16,24,62,91,91,3,57,90,8,81,72
"Paypal Holdings, Inc.",PYPL,17,17,48,24,47,87,96,NA,20,50,25,87,8,93,14,75,65,59,75,37,NA,NA,NA,NA,NA,NA,NA,NA
Amphenol Corporation,APH,56,56,48,44,44,72,46,NA,58,82,28,52,84,23,47,48,70,63,56,68,75,13,69,72,71,66,54,66
"Mondelez International, Inc. Class A",MDLZ,60,60,75,17,54,70,64,NA,61,41,37,43,37,82,22,15,49,5,90,22,60,13,71,65,25,45,21,27
Regeneron Pharmaceuticals Inc,REGN,24,24,94,6,80,47,43,NA,27,16,93,54,57,87,19,59,94,81,100,88,0,96,67,0,57,95,3,2
Duke Energy Corporation,DUK,85,85,3,50,62,26,72,NA,85,17,25,55,62,37,32,42,42,44,70,87,15,71,50,49,17,72,11,40
"Equinix, Inc. Reit",EQIX,46,46,31,63,36,69,41,NA,47,68,45,65,55,64,82,63,81,62,23,50,83,53,78,94,82,52,89,95
Synopsys Inc,SNPS,29,29,39,93,4,18,23,NA,32,68,79,72,94,4,50,69,24,58,33,55,71,77,16,21,92,14,40,9
Pnc Financial Services Group,PNC,50,50,90,36,20,99,4,NA,51,75,80,14,25,76,87,10,35,37,10,59,66,19,19,100,2,99,0,4
Aon Plc Class A,AON,43,43,84,67,19,65,70,NA,44,83,14,86,53,95,4,66,76,39,58,86,71,90,5,19,71,47,14,20
"Motorola Solutions, Inc.",MSI,51,51,95,12,22,82,95,NA,52,48,51,29,92,8,63,67,99,0,16,72,5,95,93,6,3,13,84,44
Cadence Design Systems,CDNS,47,47,91,16,59,23,33,NA,47,64,59,73,74,68,47,69,72,17,61,80,61,99,4,4,24,31,60,87
"Waste Management, Inc.",WM,38,38,57,26,64,60,53,NA,40,57,65,27,53,43,49,70,52,27,43,28,45,30,32,52,25,42,51,51
Cme Group Inc.,CME,53,53,62,28,55,65,59,NA,54,76,20,47,55,71,48,61,70,39,40,26,32,68,31,87,85,61,66,80
"Chipotle Mexican Grill, Inc.",CMG,71,71,30,35,89,16,25,NA,71,54,85,33,65,72,78,5,40,81,75,41,79,53,76,79,77,73,91,29
General Dynamics Corporation,GD,37,37,79,89,5,40,80,NA,39,59,46,77,26,9,92,23,11,72,59,18,45,43,31,53,75,38,60,37
Zoetis Inc.,ZTS,62,62,83,26,41,66,93,NA,63,31,37,67,36,72,93,53,50,24,86,26,93,93,42,NA,NA,NA,NA,NA
Mckesson Corporation,MCK,18,18,94,2,99,9,91,14,58,45,37,56,23,17,76,69,36,79,12,76,36,85,86,10,7,88,97,14
U.S. Bancorp,USB,4,4,92,1,97,6,48,NA,4,94,92,18,4,85,71,7,93,3,82,17,92,11,82,92,6,84,11,7
Welltower Inc.,WELL,60,60,53,62,61,46,40,NA,61,56,25,29,29,41,20,70,74,64,68,86,87,30,61,75,62,65,67,46
"Crowdstrike Holdings, Inc. Class A",CRWD,63,63,32,43,76,61,24,65,83,87,96,99,91,12,35,NA,NA,NA,NA,NA,NA,NA,NA,NA,NA,NA,NA,NA
Transdigm Group Incorporated,TDG,77,77,37,80,25,73,45,82,76,56,12,68,34,69,67,78,31,63,55,92,74,35,50,90,100,2,14,98
Cintas Corp,CTAS,68,68,24,40,84,63,15,72,40,64,38,69,58,64,90,17,30,56,63,85,8,47,37,69,27,52,18,76
"Eog Resources, Inc.",EOG,96,96,60,36,60,62,49,NA,96,4,83,13,45,89,93,9,4,69,81,62,89,27,11,90,48,47,87,42
Colgate-Palmolive Company,CL,76,76,57,61,38,48,74,NA,77,21,21,67,41,26,31,52,24,44,30,54,22,32,83,46,61,36,39,28
Moody's Corporation,MCO,76,76,45,29,84,53,22,NA,76,18,25,76,63,91,7,51,63,56,54,42,63,37,69,9,69,42,77,45
Constellation Energy Corporation,CEG,2,2,81,47,86,1,0,NA,2,2,0,6,9,53,12,51,97,4,46,37,NA,NA,NA,NA,NA,NA,NA,NA
Illinois Tool Works Inc.,ITW,79,79,62,48,35,56,55,NA,79,38,22,36,48,53,44,40,87,6,70,47,66,12,38,31,60,54,67,47
Emerson Electric Co.,EMR,97,97,42,61,87,90,1,99,3,27,54,48,43,81,8,62,12,40,67,29,30,46,34,57,59,56,33,65
Northrop Grumman Corp.,NOC,70,70,28,87,4,85,60,NA,70,26,16,44,59,79,25,80,18,46,22,75,18,59,12,59,84,10,77,89
3m Company,MMM,58,58,3,56,26,55,56,NA,59,19,23,63,55,30,26,46,32,62,48,38,38,43,55,53,46,21,34,48
Capital One Financial,COF,78,78,34,73,29,49,85,NA,78,63,12,45,81,16,69,68,56,25,49,71,24,94,22,5,98,25,17,88
"O'reilly Automotive, Inc.",ORLY,2,2,65,58,37,42,59,3,30,46,51,91,33,61,30,62,53,82,7,56,87,92,35,41,82,19,27,67
Target Corporation,TGT,92,92,85,8,86,41,77,93,5,28,77,67,17,66,25,80,12,76,26,44,21,72,54,26,44,74,38,84
Csx Corporation,CSX,30,30,73,37,46,45,56,NA,33,61,58,28,44,72,61,26,41,42,50,19,44,82,15,79,40,90,16,81
Cvs Health Corporation,CVS,17,17,6,17,94,2,11,NA,20,33,53,72,87,41,14,71,45,85,14,61,62,63,48,70,89,46,88,23
"Air Products & Chemicals, Inc.",APD,54,54,43,64,77,20,49,55,34,43,36,57,66,84,7,56,61,85,15,43,56,60,20,61,46,29,71,37
Williams Companies Inc.,WMB,61,61,40,39,40,79,29,NA,62,74,50,36,59,68,9,82,79,29,68,6,72,40,19,87,56,70,31,83
"Becton, Dickinson and Co.",BDX,67,67,43,79,39,21,54,70,55,9,67,52,65,44,35,87,36,65,12,42,30,38,48,80,53,19,56,59
Autodesk Inc,ADSK,8,8,14,45,99,6,5,10,72,58,35,98,100,1,5,7,78,39,25,48,94,5,24,71,76,51,87,91
Marriot International Class A,MAR,71,71,54,36,67,36,61,NA,71,93,10,40,8,22,87,57,69,49,58,26,27,72,79,24,15,57,27,87
"Hca Healthcare, Inc.",HCA,49,49,80,24,58,58,37,NA,49,42,28,70,60,62,29,70,51,73,15,48,68,56,85,76,13,7,43,71
Fedex Corporation,FDX,25,25,14,67,58,31,17,20,25,44,86,32,73,20,18,52,78,22,24,68,70,58,20,39,26,58,43,78
General Motors Company,GM,69,69,54,71,55,17,28,NA,69,58,23,59,32,13,45,83,72,12,66,78,60,92,9,42,NA,NA,NA,NA
Freeport-Mcmoran Inc.,FCX,37,37,39,38,80,57,20,NA,39,13,91,94,3,9,73,67,8,24,89,7,41,76,76,9,96,61,98,7
Arthur J. Gallagher & Co.,AJG,26,26,98,5,71,28,100,NA,30,75,29,88,87,15,80,32,92,63,33,70,62,50,77,14,94,7,12,59
Carrier Global Corporation,CARR,79,79,5,97,12,52,89,NA,78,22,69,24,30,23,35,NA,NA,NA,NA,NA,NA,NA,NA,NA,NA,NA,NA,NA
"Oneok, Inc.",OKE,80,80,33,77,28,81,50,NA,80,65,70,40,19,86,31,81,16,35,77,12,87,8,95,8,56,99,1,100
"Ecolab, Inc.",ECL,71,71,62,33,49,59,62,NA,71,31,46,19,47,38,49,34,58,66,76,93,11,74,33,35,65,43,38,44
Schlumberger Limited,SLB,88,88,78,89,14,82,39,NA,89,24,81,11,27,27,22,13,15,63,85,52,51,41,18,58,69,84,86,19
Truist Financial Corporation,TFC,15,15,25,88,15,30,16,NA,17,81,40,99,3,19,92,27,24,5,83,16,86,99,2,98,73,5,8,13
"Fortinet, Inc.",FTNT,51,51,80,10,95,10,42,NA,52,67,73,80,79,36,91,73,88,83,9,85,69,84,88,81,99,31,NA,NA
Hilton Worldwide Holdings Inc.,HLT,56,56,74,52,48,23,69,NA,57,99,2,9,57,74,9,34,44,7,93,31,78,34,NA,NA,NA,NA,NA,NA
Norfolk Southern Corp.,NSC,14,14,58,53,75,52,35,NA,16,48,55,35,44,49,48,50,41,25,31,30,58,77,14,65,40,40,71,77
Paccar Inc,PCAR,73,73,92,7,75,38,63,NA,74,81,11,50,27,40,67,25,73,19,87,31,39,57,51,14,45,90,55,41
"Roper Technologies, Inc.",ROP,94,94,84,22,55,48,83,NA,94,4,68,49,40,51,75,46,59,46,64,57,60,73,24,74,69,25,87,89
"Airbnb, Inc. Class A",ABNB,53,53,46,13,99,5,67,NA,54,86,98,1,3,95,35,NA,NA,NA,NA,NA,NA,NA,NA,NA,NA,NA,NA,NA
"The Travelers Companies, Inc.",TRV,42,42,88,47,43,24,83,NA,43,49,47,74,70,52,21,73,28,30,64,90,10,12,79,12,45,71,12,100
Sempra,SRE,97,97,3,9,85,30,23,NA,97,3,78,23,19,20,87,17,85,74,16,51,18,59,86,10,68,96,7,15
"United Rentals, Inc.",URI,42,42,39,53,46,70,25,NA,44,72,73,28,47,67,61,36,60,66,96,67,76,40,9,29,32,72,22,87
Bank of New York Mellon Corporation,BK,4,4,7,81,44,2,94,NA,4,99,6,100,1,68,12,88,27,99,1,12,7,47,75,19,61,98,1,17
Johnson Controls International Plc,JCI,11,11,63,93,72,3,78,11,52,24,91,21,5,100,3,69,11,24,91,88,10,84,7,45,72,82,10,83
Nxp Semiconductors N.v.,NXPI,23,23,47,29,49,61,59,NA,26,76,61,50,5,88,47,92,25,91,72,99,6,92,21,42,NA,NA,NA,NA
Fair Isaac Corporation,FICO,71,71,49,82,36,27,60,74,28,72,54,83,66,24,71,84,15,81,38,31,70,11,35,30,20,25,50,50
"Digital Realty Trust, Inc.",DLR,29,29,42,65,49,68,22,NA,33,45,32,60,54,74,56,63,75,36,68,83,50,69,76,93,34,65,90,76
Aflac Inc.,AFL,16,16,96,8,66,22,91,NA,19,21,18,57,20,23,40,24,46,6,6,85,85,57,72,54,40,31,33,67
Royal Caribbean Group,RCL,99,99,20,49,73,81,11,NA,99,95,78,2,49,57,62,79,62,77,34,30,19,89,20,26,71,17,43,62
"Simon Property Group, Inc.",SPG,40,40,24,53,55,60,25,NA,41,55,80,13,38,31,48,59,60,40,43,75,54,38,54,58,51,46,51,49
"Ameriprise Financial, Inc.",AMP,43,43,81,39,44,89,76,NA,44,78,10,94,20,82,18,15,53,93,18,10,43,96,0,95,75,9,44,29
"W.W. Grainger, Inc.",GWW,80,80,71,17,69,63,47,NA,80,82,17,55,32,26,46,37,50,32,68,58,61,18,80,61,42,34,47,35
"Autozone, Inc.",AZO,36,36,75,63,33,29,68,35,27,37,65,75,40,71,34,45,63,27,59,30,44,71,46,56,35,67,39,21
Phillips 66,PSX,8,8,19,95,8,32,90,NA,9,91,93,9,6,92,72,5,92,5,82,21,95,91,42,NA,NA,NA,NA,NA
Public Storage,PSA,39,39,33,58,54,40,36,NA,40,73,63,42,36,31,39,60,54,60,51,49,48,32,51,51,66,55,49,41
"Kinder Morgan, Inc.",KMI,69,69,26,59,34,83,25,NA,69,32,63,38,26,39,29,26,71,56,84,66,64,66,42,42,30,NA,NA,NA
Marathon Petroleum Corporation,MPC,20,20,18,74,79,8,55,NA,23,97,84,6,89,18,90,37,82,22,8,84,83,23,96,42,NA,NA,NA,NA
The Allstate Corporation,ALL,17,17,66,60,79,49,40,NA,19,50,24,54,34,56,50,57,62,10,81,91,6,21,57,18,42,22,41,25
"American Electric Power Company, Inc.",AEP,26,26,87,37,69,27,73,NA,29,80,33,30,14,59,27,30,48,60,45,39,80,48,37,54,18,78,14,47
Realty Income Corporation,O,56,56,32,54,66,54,36,NA,57,92,57,49,62,35,51,67,59,73,88,52,63,48,32,21,97,15,10,89
"L3harris Technologies, Inc.",LHX,28,28,46,95,7,76,59,NA,31,24,28,97,12,83,77,8,55,39,33,34,38,41,68,68,65,71,32,53
Vistra Corp.,VST,99,99,69,86,25,17,35,NA,99,98,1,70,93,34,99,0,7,99,13,37,NA,NA,NA,NA,NA,NA,NA,NA
Copart Inc,CPRT,45,45,33,83,29,55,18,48,58,71,41,84,74,38,85,77,42,82,14,30,62,32,51,54,66,39,64,73
Cummins Inc.,CMI,91,91,91,0,17,45,91,NA,92,31,17,26,83,32,66,30,25,52,80,12,94,23,63,69,26,50,69,94
D.R. Horton Inc.,DHI,5,5,91,88,9,4,89,6,98,57,3,89,91,62,9,24,98,87,0,0,2,9,10,82,96,3,6,1
"Dominion Energy, Inc.",D,88,88,80,11,80,14,95,NA,88,38,13,45,54,34,52,28,81,38,11,85,88,6,82,100,2,82,25,58
"Quanta Services, Inc.",PWR,74,74,82,66,19,90,91,NA,74,92,5,95,88,22,33,7,96,8,98,5,23,9,85,59,88,79,8,61
Newmont Corporation,NEM,19,19,57,69,76,19,70,NA,23,19,20,92,90,12,13,79,90,25,5,9,53,48,92,92,6,30,17,91
"American International Group, Inc.",AIG,77,77,2,69,23,13,95,NA,78,13,98,98,0,92,0,20,8,16,89,100,2,24,99,4,98,3,13,27
"Fidelity National Information Services, Inc.",FIS,48,48,7,15,38,74,37,NA,48,27,42,93,74,48,21,91,33,55,32,24,46,79,68,76,23,97,24,38
Fastenal Co,FAST,80,80,55,23,62,41,57,NA,80,73,9,78,78,50,60,30,57,72,39,89,50,16,65,62,93,15,93,8
"Metlife, Inc.",MET,38,38,59,62,30,77,46,NA,40,57,41,24,68,21,16,49,21,41,21,92,70,90,4,99,3,16,33,43
Paychex Inc,PAYX,50,50,89,8,88,16,74,NA,51,64,57,27,58,27,78,31,64,41,77,32,31,62,29,36,52,51,67,57
Ross Stores Inc,ROST,77,77,75,9,88,21,78,83,32,22,36,50,76,37,65,33,84,46,66,72,12,81,88,16,73,66,28,24
Te Connectivity Ltd,TEL,49,49,46,60,64,20,67,52,66,39,70,23,33,33,70,41,27,42,39,52,41,69,78,14,21,78,84,96
"Msci, Inc.",MSCI,52,52,59,48,49,71,36,NA,54,68,53,62,64,81,25,85,40,28,20,84,77,75,24,84,70,75,34,29
Howmet Aerospace Inc.,HWM,62,62,22,76,26,89,26,NA,63,88,100,5,94,1,15,6,30,36,29,2,28,34,42,42,30,31,34,29
Discover Financial Services,DFS,59,59,43,59,40,64,74,NA,60,71,28,43,71,25,66,65,41,52,60,18,25,48,21,94,57,40,42,29
Kenvue Inc.,KVUE,64,64,20,63,22,74,30,NA,65,99,2,61,35,NA,NA,NA,NA,NA,NA,NA,NA,NA,NA,NA,NA,NA,NA,NA
Crown Castle Inc.,CCI,46,46,34,56,42,80,11,NA,47,58,21,61,51,59,62,38,54,84,89,69,42,44,59,86,64,73,90,5
Pg&e Corporation,PCG,65,65,93,8,96,9,65,NA,66,85,88,0,38,7,79,68,44,49,6,80,57,44,58,55,23,54,41,23
Kimberly-Clark Corp.,KMB,68,68,37,77,25,69,48,NA,68,50,11,81,22,28,22,84,17,26,20,87,16,16,80,48,23,53,16,48
"Prudential Financial, Inc.",PRU,65,65,99,3,96,11,86,NA,65,8,55,8,20,84,22,52,13,96,2,93,92,55,8,91,74,46,7,99
"Ametek, Inc.",AME,79,79,60,32,49,62,65,NA,80,47,22,64,74,41,53,60,27,55,44,69,60,61,84,30,63,74,41,37
Valero Energy Corporation,VLO,100,100,18,57,82,11,85,NA,100,84,4,98,2,8,59,22,83,10,41,79,74,85,11,11,16,47,91,86
"Axon Enterprise, Inc.",AXON,16,16,52,93,8,88,69,NA,18,92,95,12,42,97,41,4,82,53,71,91,99,3,73,11,89,100,2,97
Ford Motor Company,F,92,92,43,87,34,16,30,NA,93,5,7,81,68,10,23,74,61,85,59,27,17,12,100,3,87,5,23,60
Baker Hughes Company,BKR,83,83,91,11,54,63,32,NA,83,23,85,13,74,98,1,3,12,36,NA,NA,NA,NA,NA,NA,NA,NA,NA,NA
Public Service Enterprise Group Incorporated,PEG,93,93,62,22,60,53,51,NA,94,31,5,33,65,14,33,21,76,38,55,14,88,61,21,70,29,92,9,46
Old Dominion Freight Line,ODFL,24,24,55,30,63,52,69,NA,28,81,66,37,54,87,27,43,87,59,42,67,93,49,13,73,33,73,71,57
"Cencora, Inc.",COR,22,22,13,89,1,13,88,17,76,52,58,36,91,20,5,18,98,94,4,56,40,76,53,13,80,6,90,89
Republic Services Inc.,RSG,54,54,35,57,57,44,29,NA,55,66,50,50,45,53,41,56,57,34,34,20,63,39,94,22,65,10,61,45
Targa Resources Corp.,TRGP,71,71,21,38,58,89,14,NA,71,55,68,74,75,58,57,18,85,95,17,58,91,9,25,42,NA,NA,NA,NA
Ingersoll Rand Inc.,IR,82,82,63,71,20,77,79,NA,82,81,8,96,11,94,71,33,74,36,29,NA,NA,NA,NA,NA,NA,NA,NA,NA
"Gartner, Inc.",IT,41,41,75,72,54,23,21,NA,42,29,76,89,72,90,9,51,38,55,54,53,65,70,27,73,76,97,7,4
Lennar Corporation Class A,LEN,82,82,93,18,15,91,66,NA,82,77,6,97,17,87,94,98,89,43,1,4,0,10,4,96,14,87,64,5
"Cbre Group, Inc.",CBRE,3,3,83,80,3,88,99,NA,3,14,65,86,52,84,87,11,35,19,96,16,8,94,96,3,86,38,92,92
"Delta Air Lines, Inc.",DAL,35,35,18,38,95,14,10,NA,38,93,93,4,73,75,10,27,92,54,93,22,36,90,94,1,76,99,93,1
Otis Worldwide Corporation,OTIS,39,39,61,69,21,85,18,NA,41,34,56,46,26,34,35,NA,NA,NA,NA,NA,NA,NA,NA,NA,NA,NA,NA,NA
"Verisk Analytics, Inc.",VRSK,33,33,65,15,81,50,58,NA,36,37,41,59,41,63,79,23,79,30,46,75,50,40,76,42,30,NA,NA,NA
"Corteva, Inc.",CTVA,91,91,22,74,2,99,2,NA,92,4,68,94,96,91,3,38,NA,NA,NA,NA,NA,NA,NA,NA,NA,NA,NA,NA
Cognizant Technology Solutions,CTSH,23,23,93,80,14,39,99,NA,26,54,12,79,29,36,85,14,89,44,69,82,55,58,86,73,74,83,70,77
Edwards Lifesciences Corp,EW,12,12,38,95,3,9,98,NA,14,16,82,30,80,18,82,78,7,95,75,67,66,80,54,18,21,86,15,74
Dell Technologies Inc.,DELL,93,93,61,18,45,22,81,95,4,35,60,79,40,96,48,22,38,NA,NA,NA,NA,NA,NA,NA,NA,NA,NA,NA
The Kroger Co.,KR,82,82,16,51,94,10,12,87,12,35,77,60,75,8,20,66,76,70,42,15,56,36,60,57,42,27,46,10
Monster Beverage Corporation,MNST,90,90,69,40,62,35,72,NA,91,21,18,71,28,54,81,98,3,92,65,21,81,78,19,87,86,75,97,94
Hess Corporation,HES,32,32,30,74,40,72,37,NA,35,79,89,21,15,92,69,4,4,23,13,60,47,79,13,78,32,91,30,58
Agilent Technologies Inc.,A,72,72,66,18,61,42,65,NA,72,33,82,31,25,59,56,90,12,6,21,34,91,85,8,22,80,11,76,97
Ge Healthcare Technologies Inc.,GEHC,31,31,98,3,27,80,97,NA,34,78,27,25,35,NA,NA,NA,NA,NA,NA,NA,NA,NA,NA,NA,NA,NA,NA,NA
Vulcan Materials Company,VMC,70,70,92,47,25,37,81,NA,71,65,26,56,69,68,36,78,95,9,86,86,16,5,50,13,62,63,18,46
Charter Comm Inc Del Cl a,CHTR,27,27,45,50,53,47,50,NA,31,38,47,73,35,23,85,99,38,53,58,50,23,95,84,70,33,65,7,8
"Yum! Brands, Inc.",YUM,52,52,68,33,52,43,68,NA,53,28,67,42,59,48,17,6,48,29,20,46,48,76,36,34,60,36,57,40
Exelon Corporation,EXC,27,27,56,61,43,42,51,NA,31,88,10,14,11,50,20,57,93,9,36,76,25,22,33,86,22,93,5,66
Sysco Corporation,SYY,39,39,8,85,41,97,4,42,82,41,56,15,58,22,64,76,48,33,44,77,64,7,41,62,64,27,37,17
Electronic Arts Inc,EA,78,78,83,5,30,98,8,85,19,46,41,65,22,59,58,64,90,96,62,22,94,100,2,27,9,26,28,23
"Xcel Energy, Inc.",XEL,72,72,70,46,69,15,84,NA,72,91,13,27,44,25,40,41,65,43,76,18,68,33,62,55,14,86,81,6
Nucor Corporation,NUE,11,11,33,83,22,19,57,NA,13,88,90,38,68,94,7,17,92,78,17,64,58,13,6,77,17,41,92,86
Corning Incorporated,GLW,14,14,64,90,15,48,47,NA,16,20,80,54,8,79,14,25,9,92,14,39,16,87,39,47,52,25,91,98
Martin Marietta Materials,MLM,81,81,100,4,23,65,56,NA,81,32,42,56,86,35,28,71,90,77,81,21,28,20,33,27,54,43,65,26
Arch Capital Group Ltd,ACGL,79,79,64,34,60,35,78,NA,79,62,57,83,82,77,14,84,31,75,20,48,45,18,26,23,19,50,18,44
Iqvia Holdings Inc.,IQV,26,26,60,44,43,68,67,NA,29,21,79,82,61,68,58,92,59,52,64,95,4,34,NA,NA,NA,NA,NA,NA
Microchip Technology Inc,MCHP,15,15,9,28,32,74,15,12,66,84,62,33,69,73,83,44,52,89,54,10,71,78,15,49,28,64,41,67
Keurig Dr Pepper Inc.,KDP,5,5,39,93,21,14,71,NA,5,47,55,42,90,83,54,31,32,69,93,7,3,95,70,67,36,31,29,29
"Constellation Brands, Inc.",STZ,33,33,78,65,37,28,66,32,38,43,44,61,66,47,70,80,82,89,7,76,84,17,39,90,10,73,27,73
Hp Inc.,HPQ,15,15,89,89,13,86,72,NA,18,15,78,34,42,61,59,4,6,48,48,18,42,23,31,88,16,76,85,15
Lululemon Athletica Inc.,LULU,93,93,94,4,93,32,97,94,12,90,58,31,88,65,75,32,63,36,80,59,84,93,70,87,98,31,34,29
Resmed Inc.,RMD,91,91,27,42,81,45,52,91,91,6,23,93,21,58,13,86,34,31,39,83,83,16,88,88,22,75,25,65
Idexx Laboratories Inc,IDXX,85,85,33,54,51,41,62,NA,85,17,54,83,63,35,56,89,26,29,42,45,64,40,69,53,63,27,68,14
M&t Bank Corp.,MTB,19,19,6,54,66,17,44,NA,22,89,96,7,61,6,96,11,91,69,93,3,41,76,17,70,94,89,4,7
"General Mills, Inc.",GIS,58,58,26,31,54,92,12,59,21,62,15,78,33,60,19,45,39,18,70,91,10,64,52,39,29,38,63,19
Wabtec Inc.,WAB,56,56,88,19,31,80,93,NA,57,44,72,19,98,86,5,40,30,95,28,32,79,51,46,60,24,89,86,23
"Extra Space Storage, Inc.",EXR,53,53,32,48,77,39,48,NA,54,77,61,56,44,46,54,86,56,78,74,90,76,71,24,37,74,98,98,16
"Dupont De Nemours, Inc.",DD,95,95,99,6,35,61,98,NA,95,3,5,97,2,3,88,13,66,14,94,46,26,89,5,51,43,24,87,10
"The Hartford Financial Services Group, Inc.",HIG,41,41,64,47,42,42,100,NA,42,46,39,59,76,70,46,14,89,89,3,65,9,54,16,16,40,81,79,9
Iron Mountain Inc.,IRM,59,59,23,82,21,86,18,NA,61,73,13,47,43,70,78,40,65,25,63,11,30,37,63,59,67,70,28,83
Occidental Petroleum Corporation,OXY,12,12,2,49,39,53,38,NA,14,89,92,10,25,82,95,16,3,17,57,27,73,84,9,89,41,59,78,63
"Consolidated Edison, Inc.",ED,6,6,12,77,37,100,4,NA,6,83,62,16,65,8,32,50,67,58,26,17,74,30,97,7,52,87,10,33
Humana Inc.,HUM,20,20,72,81,88,0,9,NA,23,93,4,53,96,3,95,96,7,26,17,27,25,82,82,24,11,95,88,15
"Diamondback Energy, Inc.",FANG,25,25,30,46,53,64,30,NA,29,87,85,19,92,88,97,16,69,96,98,92,99,88,42,NA,NA,NA,NA,NA
"Equifax, Incorporated",EFX,76,76,80,40,50,35,67,NA,77,9,75,97,4,9,43,51,73,52,56,71,57,20,34,41,60,50,53,39
"Avalonbay Communities, Inc.",AVB,47,47,61,31,73,26,62,NA,47,70,31,33,38,30,53,55,72,76,79,76,71,22,40,27,67,55,56,50
"Nasdaq, Inc.",NDAQ,31,31,18,28,77,74,19,NA,34,86,20,78,24,45,73,50,38,71,23,24,84,14,82,95,17,86,43,45
Vici Properties Inc.,VICI,51,51,38,45,61,55,39,NA,52,95,35,77,84,98,100,31,29,36,NA,NA,NA,NA,NA,NA,NA,NA,NA,NA
Garmin Ltd,GRMN,87,87,44,14,60,69,58,NA,88,22,21,90,10,77,26,97,7,14,19,18,43,11,73,75,90,79,64,55
Dow Inc.,DOW,10,10,39,69,20,49,54,NA,12,58,49,50,89,96,4,38,38,NA,NA,NA,NA,NA,NA,NA,NA,NA,NA,NA
Edison International,EIX,42,42,98,8,74,13,86,NA,43,100,1,99,1,13,53,13,86,41,23,20,51,58,80,16,19,85,91,4
Entergy Corporation,ETR,85,85,72,72,32,28,75,NA,85,63,18,38,69,16,19,27,19,75,46,29,13,73,28,77,12,93,5,74
Willis Towers Watson Public Limited Companys,WTW,84,84,58,97,12,70,60,NA,84,5,54,91,15,80,21,100,5,15,42,68,22,62,90,22,89,40,4,28
Centene Corporation,CNC,67,67,5,92,0,7,9,NA,67,84,13,98,73,10,15,98,7,98,80,48,85,10,59,57,36,95,14,81
Fifth Third Bancorp,FITB,10,10,88,73,17,92,60,NA,12,95,99,6,7,90,10,23,69,3,92,51,11,22,71,98,2,16,66,5
"Monolithic Power Systems, Inc.",MPWR,93,93,76,14,83,37,82,NA,94,22,58,72,89,33,73,89,29,76,96,7,22,81,22,90,91,10,99,92
"Rockwell Automation, Inc.",ROK,7,7,73,77,94,5,91,9,86,12,49,37,21,63,52,17,66,42,82,56,72,28,29,76,43,8,56,69
"Wec Energy Group, Inc.",WEC,76,76,27,49,86,18,24,NA,77,52,24,35,28,54,34,90,54,31,38,65,63,71,25,82,11,67,30,25
Costar Group Inc,CSGP,36,36,81,10,61,93,7,NA,39,52,28,52,85,78,70,88,26,83,74,98,9,33,38,23,82,77,25,82
Ebay Inc,EBAY,45,45,85,15,97,6,66,NA,46,29,44,20,67,11,55,12,12,61,77,65,58,29,47,56,55,53,85,74
Tractor Supply Co,TSCO,29,29,10,75,40,90,6,NA,33,71,16,92,67,40,33,87,49,77,15,89,54,41,41,83,87,20,73,61
Xylem Inc,XYL,74,74,50,84,17,65,98,NA,75,62,7,41,87,11,80,53,61,81,10,23,53,46,42,NA,NA,NA,NA,NA
Ansys Inc,ANSS,54,54,86,7,74,75,88,NA,55,66,33,57,42,45,70,34,30,65,51,33,92,30,28,89,77,72,74,67
"Raymond James Financial, Inc.",RJF,91,91,7,24,56,67,94,90,0,1,82,100,2,79,98,1,94,10,91,3,98,1,98,5,99,2,98,1
On Semiconductor Corp,ON,13,13,61,22,52,58,66,NA,15,84,87,75,5,52,93,74,34,88,64,5,31,89,15,72,21,89,99,15
"Cardinal Health, Inc.",CAH,70,70,4,100,10,88,16,73,26,77,61,17,31,95,4,68,40,87,85,19,9,73,49,72,7,12,52,82
"United Airlines Holdings, Inc.",UAL,54,54,18,37,97,1,6,NA,55,96,90,3,59,88,8,28,97,93,87,4,67,89,94,2,75,77,99,3
"Global Payments, Inc.",GPN,33,33,88,68,40,79,21,NA,36,25,58,91,79,93,13,58,86,96,9,98,1,81,70,83,77,16,40,91
Take-Two Interactive Software Inc,TTWO,0,0,64,0,87,1,98,0,2,3,69,22,95,55,74,74,3,100,94,1,96,1,97,1,44,91,4,6
"Ppg Industries, Inc.",PPG,93,93,86,94,9,50,76,NA,93,11,11,48,87,19,68,12,73,16,30,74,47,31,41,81,18,41,45,21
State Street Corporation,STT,3,3,1,19,6,98,85,NA,2,97,0,13,5,81,97,99,2,92,0,6,98,91,1,1,95,4,99,4
The Kraft Heinz Company,KHC,83,83,55,52,35,69,32,NA,83,6,43,82,86,98,3,95,75,34,6,61,97,34,NA,NA,NA,NA,NA,NA
Hewlett Packard Enterprise Company,HPE,27,27,48,97,11,84,78,NA,31,23,92,11,84,97,3,82,6,12,68,37,NA,NA,NA,NA,NA,NA,NA,NA
"Keysight Technologies, Inc.",KEYS,62,62,43,77,23,37,73,NA,63,31,66,47,93,88,12,58,11,35,9,33,34,34,NA,NA,NA,NA,NA,NA
"Nvr, Inc.",NVR,16,16,71,65,22,27,99,NA,18,84,70,53,72,66,84,93,59,8,34,100,2,3,8,25,15,69,61,14
"Dexcom, Inc.",DXCM,51,51,26,57,83,13,65,NA,51,85,24,86,97,73,89,65,96,99,95,25,72,26,35,29,64,3,3,9
Dover Corporation,DOV,84,84,83,52,23,71,82,NA,85,17,34,66,72,22,28,27,37,13,21,68,49,64,20,64,27,72,59,33
"Pultegroup, Inc.",PHM,95,95,51,68,53,20,15,NA,96,13,5,91,8,94,99,96,1,2,60,100,2,16,10,44,99,0,92,2
"Leidos Holdings, Inc.",LDOS,58,58,79,91,18,11,94,NA,59,43,14,80,81,79,67,55,46,95,4,4,33,59,63,89,6,59,34,29
Deckers Outdoor Corp,DECK,90,90,4,91,10,100,3,89,95,3,88,20,55,85,88,14,10,90,99,2,12,96,26,74,84,94,57,75
"Ventas, Inc.",VTR,32,32,48,54,62,29,47,NA,35,60,9,46,43,21,46,36,60,47,67,77,90,45,64,32,85,44,84,41
Fortive Corporation,FTV,38,38,71,50,36,59,57,NA,39,79,7,61,26,48,42,61,51,24,47,37,NA,NA,NA,NA,NA,NA,NA,NA
Halliburton Company,HAL,81,81,29,75,24,79,26,NA,81,69,35,19,12,66,97,1,13,22,70,36,89,26,30,40,12,98,15,93
"Brown & Brown, Inc.",BRO,55,55,59,99,12,46,34,NA,56,39,67,52,71,67,66,27,52,34,92,28,15,73,12,89,25,39,71,55
Mettler-Toledo International,MTD,52,52,42,58,42,57,35,NA,53,41,63,69,49,39,65,46,43,74,40,64,40,60,50,40,58,46,48,71
Cdw Corporation,CDW,59,59,87,9,52,62,83,NA,60,90,6,75,61,52,75,96,10,69,59,89,6,97,11,42,10,85,82,6
Broadridge Financial Solutions Inc,BR,66,66,7,85,69,95,2,68,90,15,40,39,18,73,66,42,61,86,22,81,4,75,18,97,5,31,NA,NA
"Church & Dwight Co., Inc.",CHD,57,57,73,30,70,33,52,NA,58,33,33,63,61,43,43,55,62,50,23,68,38,47,67,79,71,30,31,79
The Hershey Company,HSY,32,32,86,14,48,77,79,NA,35,62,60,39,56,67,74,18,88,9,46,94,8,20,91,15,43,83,8,68
T Rowe Price Group Inc,TROW,6,6,22,34,95,11,50,NA,6,14,84,74,25,99,79,2,69,46,80,31,72,74,17,39,66,49,80,63
"Tyler Technologies, Inc.",TYL,32,32,95,29,32,33,97,NA,35,54,38,82,39,66,39,95,13,94,54,44,87,18,30,83,65,67,29,27
Eqt Corp,EQT,24,24,82,7,87,73,39,NA,27,94,41,23,6,89,87,23,21,69,84,25,57,50,82,68,10,97,0,73
"American Water Works Company, Inc",AWK,86,86,84,30,46,34,69,NA,86,21,34,48,35,21,59,55,53,77,21,66,40,71,55,65,79,31,34,41
Synchrony Financial,SYF,66,66,53,43,63,43,58,NA,67,41,26,23,28,32,77,56,67,26,31,42,34,NA,NA,NA,NA,NA,NA,NA
"Corpay, Inc.",CPAY,95,95,5,63,21,98,5,NA,95,11,16,74,81,71,29,30,76,91,29,NA,NA,NA,NA,NA,NA,NA,NA,NA
Godaddy Inc,GDDY,43,43,2,36,65,56,66,NA,44,70,42,51,81,54,72,87,88,68,83,11,34,NA,NA,NA,NA,NA,NA,NA
Smurfit Westrock Plc,SW,56,56,25,36,11,60,70,NA,57,83,14,43,35,NA,NA,NA,NA,NA,NA,NA,NA,NA,NA,NA,NA,NA,NA,NA
Veralto Corporation,VLTO,49,49,34,75,29,59,24,NA,50,44,22,43,NA,NA,NA,NA,NA,NA,NA,NA,NA,NA,NA,NA,NA,NA,NA,NA
Huntington Bancshares Inc,HBAN,9,9,4,34,35,40,74,NA,10,93,80,24,22,13,88,68,68,18,32,8,92,5,87,98,1,4,72,4
Equity Residential,EQR,41,41,46,33,74,28,56,NA,43,67,32,26,51,35,60,19,45,89,11,80,47,49,30,36,38,41,34,24
"Netapp, Inc",NTAP,80,80,20,55,93,9,81,86,27,36,63,20,21,80,38,15,29,32,22,52,77,51,28,66,81,60,83,77
Biogen Inc.,BIIB,50,50,71,45,100,4,53,NA,51,5,19,12,62,74,37,73,78,79,73,52,42,80,14,88,61,28,67,93
Archer Daniels Midland Company,ADM,66,66,24,7,91,12,92,NA,67,9,97,88,16,0,85,9,5,30,92,98,1,7,96,0,4,9,100,3
Hubbell Incorporated,HUBB,80,80,38,79,20,82,27,NA,80,59,18,57,63,75,27,72,19,43,48,45,67,10,72,37,94,13,34,11
Carnival Corporation,CCL,97,97,21,47,87,14,75,NA,97,87,71,2,32,31,42,61,83,74,22,15,31,58,40,25,47,43,47,79
Dte Energy Company,DTE,83,83,41,23,75,73,20,NA,83,12,17,82,33,65,39,55,47,16,25,53,47,36,64,82,13,77,37,37
Ppl Corporation,PPL,35,35,45,80,91,6,82,NA,38,19,16,61,16,49,17,60,15,70,39,51,63,51,64,46,19,67,30,40
Ameren Corporation,AEE,53,53,8,45,58,18,70,NA,54,79,27,20,35,29,34,49,81,23,30,25,37,28,74,83,17,47,44,43
Devon Energy Corporation,DVN,14,14,7,28,65,51,54,NA,16,90,96,14,11,18,91,3,24,56,48,15,53,60,7,84,45,44,63,64
Regions Financial Corp.,RF,13,13,95,21,32,43,85,NA,15,53,66,31,61,25,65,76,15,4,87,5,51,90,42,11,59,79,88,51
"West Pharmaceutical Services, Inc.",WST,44,44,51,59,32,54,61,NA,45,74,61,76,80,39,70,44,68,14,63,87,26,36,48,50,20,86,69,28
Sba Communications Corp,SBAC,57,57,26,60,42,73,16,NA,58,62,39,62,64,31,57,37,54,84,84,84,65,24,74,84,83,82,98,90
Cincinnati Financial Corp,CINF,32,32,60,74,39,39,44,NA,36,55,69,72,40,43,28,46,75,54,74,97,5,36,55,16,52,14,32,34
International Flavors & Fragrances Inc.,IFF,97,97,8,78,15,78,77,NA,97,2,87,47,91,42,11,74,18,80,71,93,8,50,73,19,59,80,9,43
"Ptc, Inc",PTC,62,62,15,27,78,94,8,63,74,70,80,22,63,90,11,42,9,84,36,98,5,88,4,91,90,6,71,99
"Expedia Group, Inc.",EXPE,15,15,4,12,99,83,1,NA,17,38,94,2,86,39,63,64,39,93,5,84,57,59,75,19,53,12,46,61
Teledyne Technologies Incorporated,TDY,87,87,29,43,86,18,67,NA,88,10,69,76,51,55,67,88,14,85,44,22,84,25,74,18,92,17,53,76
Weyerhaeuser Company,WY,5,5,19,85,29,16,40,NA,6,34,87,89,17,17,89,12,34,51,91,95,3,99,90,0,5,23,17,60
Atmos Energy Corporation,ATO,96,96,19,82,67,25,5,NA,96,96,1,54,16,69,51,32,63,73,37,40,14,17,93,15,86,15,80,97
Waters Corp,WAT,30,30,95,6,72,76,96,NA,33,27,25,71,47,12,54,60,57,47,45,26,46,50,45,61,77,20,61,79
"Zimmer Biomet Holdings, Inc.",ZBH,63,63,49,65,26,82,34,NA,64,30,62,18,21,40,30,94,17,53,12,34,31,47,54,37,38,58,40,81
Lyondellbasell Industries N.v. Class A,LYB,16,16,16,96,9,40,58,NA,19,23,89,15,20,32,25,32,32,78,31,92,79,97,0,33,30,NA,NA,NA
Western Digital Corp.,WDC,66,66,9,91,91,84,0,67,2,48,90,10,3,59,92,24,16,21,32,94,17,79,33,94,81,19,95,9
Steris Plc,STE,67,67,31,49,56,85,12,69,49,48,55,57,68,37,91,45,71,24,86,77,6,73,65,87,8,44,68,22
Eversource Energy,ES,9,9,100,76,38,41,30,NA,11,73,55,23,60,14,24,89,22,33,82,69,20,53,85,96,8,23,21,20
Kellanova,K,31,31,70,38,82,9,83,NA,34,44,19,92,10,19,37,33,29,35,35,54,86,8,75,26,41,64,26,38
Packaging Corp of America,PKG,21,21,57,41,50,48,32,NA,24,80,39,26,40,76,48,49,46,74,86,64,31,58,61,32,62,35,58,17
Northern Trust Corp,NTRS,47,47,11,87,3,99,90,NA,48,90,10,17,88,29,60,20,95,59,35,8,86,15,67,38,93,9,24,64
Seagate Technology Holdings Plcs,STX,28,28,11,76,70,70,14,25,7,53,27,40,14,40,61,8,46,15,20,97,9,92,4,96,9,36,94,10
"Builders Firstsource, Inc.",BLDR,8,8,76,60,33,43,76,NA,9,94,99,10,93,84,58,25,100,97,76,37,3,0,90,3,8,28,69,96
Firstenergy Corp.,FE,6,6,25,99,10,78,96,NA,6,42,86,12,92,2,58,35,79,42,57,13,33,68,58,78,18,19,64,25
Steel Dynamics Inc,STLD,15,15,85,42,28,29,63,NA,17,93,89,16,32,90,18,20,93,94,6,27,97,4,10,91,39,70,70,83
"Cboe Global Markets, Inc.",CBOE,84,84,96,70,34,12,92,NA,84,60,4,96,70,78,89,29,28,67,52,36,84,65,13,42,NA,NA,NA,NA
"Citizens Financial Group, Inc.",CFG,11,11,10,75,36,22,96,NA,13,91,100,5,28,19,73,72,23,4,87,10,34,NA,NA,NA,NA,NA,NA,NA
"Warner Bros. Discovery, Inc. Series a",WBD,87,87,58,73,16,75,55,NA,88,85,36,21,82,83,68,53,32,43,62,37,89,51,53,99,14,18,38,92
Zebra Technologies Corporation,ZBRA,2,2,45,76,57,96,34,NA,2,6,46,83,17,85,75,99,4,77,41,96,7,72,24,23,88,28,19,39
"First Solar, Inc.",FSLR,10,10,6,21,31,92,93,NA,11,97,99,6,97,1,99,97,1,12,53,99,2,42,83,94,100,1,94,29
"The Cooper Companies, Inc.",COO,21,21,82,30,44,65,46,NA,24,40,79,15,49,45,64,80,20,54,79,28,67,66,92,18,16,20,89,63
Cms Energy Corporation,CMS,94,94,14,22,90,86,8,NA,94,6,75,16,46,26,45,38,63,42,57,48,62,57,84,100,3,43,58,95
Labcorp Holdings Inc.,LH,9,9,16,98,9,87,22,NA,10,11,76,85,57,15,72,71,84,21,25,35,28,38,57,58,48,49,48,24
Clorox Company,CLX,7,7,23,70,73,96,4,8,77,11,16,88,39,43,55,25,64,34,75,23,17,54,47,48,74,10,20,47
Omnicom Group Inc.,OMC,81,81,97,69,4,95,92,NA,81,6,50,34,51,11,45,24,90,13,73,54,19,21,72,28,21,88,16,61
"Darden Restaurants, Inc.",DRI,40,40,23,22,85,67,17,46,63,57,82,11,79,42,63,3,100,3,73,20,32,60,53,68,16,64,55,36
International Paper Co.,IP,18,18,69,32,51,56,29,NA,21,59,7,25,59,90,10,33,18,41,33,55,88,3,89,84,81,16,10,66
"Centerpoint Energy, Inc.",CNP,92,92,11,41,41,73,21,NA,92,100,2,70,11,80,12,44,84,18,14,35,76,14,92,57,14,100,3,5
Southwest Airlines Co.,LUV,17,17,98,68,5,24,10,NA,20,88,97,4,14,62,23,81,62,66,67,90,20,83,93,2,91,8,91,17
"Essex Property Trust, Inc",ESS,33,33,68,21,83,25,62,NA,36,59,50,27,58,37,49,66,77,91,56,73,64,36,36,36,59,69,40,54
"Nrg Energy, Inc.",NRG,2,2,8,86,70,12,36,NA,1,18,3,78,41,24,8,90,22,70,50,36,11,15,83,35,97,99,2,94
"Mccormick & Company, Incorporated Non-Vtg Cs",MKC,89,89,42,48,19,87,31,NA,91,23,15,58,64,27,72,59,70,51,34,82,19,28,77,83,11,22,31,82
Live Nation Entertainment Inc.,LYV,13,13,3,10,84,91,0,NA,15,54,97,1,5,81,44,94,61,6,55,97,18,94,95,1,95,61,2,16
Insulet Corporation,PODD,61,61,45,43,88,31,57,NA,62,97,1,26,97,13,97,98,1,97,95,21,69,70,81,6,5,4,5,29
Invitation Homes Inc.,INVH,45,45,31,58,93,7,70,NA,46,63,66,51,69,93,43,78,99,36,NA,NA,NA,NA,NA,NA,NA,NA,NA,NA
"Molina Healthcare, Inc.",MOH,92,92,97,1,90,2,82,NA,93,4,48,99,98,0,69,7,51,99,4,90,78,41,97,5,81,40,49,84
Snap-on Incorporated,SNA,86,86,35,27,72,55,41,NA,87,15,27,85,18,63,49,63,77,40,66,96,23,4,87,33,49,23,84,14
Coterra Energy Inc.,CTRA,9,9,66,18,71,50,48,NA,10,96,88,11,82,61,96,5,9,72,88,79,39,17,38,81,67,30,75,48
"Mid-America Apartment Communities, Inc.",MAA,44,44,3,68,48,34,33,NA,45,70,42,51,48,42,79,47,74,87,74,72,70,31,42,66,54,35,59,46
"Principal Financial Group, Inc.",PFG,58,58,30,79,39,39,33,NA,60,47,19,15,48,61,51,24,87,85,7,60,28,68,46,20,68,28,46,7
Hologic Inc,HOLX,61,61,34,59,78,36,22,62,5,37,91,81,18,100,3,40,91,44,79,17,34,19,84,95,98,11,87,97
Jacobs Solutions Inc.,J,46,46,13,96,8,85,18,49,92,12,22,98,1,10,16,85,11,90,85,76,59,4,88,28,83,74,90,7
Factset Research Systems,FDS,46,46,24,66,59,49,19,50,61,44,44,67,57,56,30,54,66,32,61,57,29,38,83,32,67,69,68,34
Ball Corporation,BALL,98,98,2,75,1,45,52,NA,98,2,60,34,33,33,99,2,37,72,26,25,91,26,30,34,85,12,45,74
W.R. Berkley Corporation,WRB,55,55,75,41,68,22,71,NA,56,69,71,84,93,13,16,33,73,20,69,40,83,76,3,51,24,22,47,51
"Ulta Beauty, Inc.",ULTA,31,31,61,5,99,2,9,30,74,78,11,64,76,60,91,31,74,84,45,75,38,91,87,26,79,31,34,6
Trimble Inc.,TRMB,81,81,50,9,90,23,38,NA,81,7,48,64,73,54,37,65,22,32,69,86,93,9,58,35,73,79,73,84
Las Vegas Sands Corp.,LVS,98,98,40,44,45,64,29,NA,98,0,86,4,7,30,57,68,13,52,84,62,80,95,97,6,98,1,85,91
Keycorp,KEY,8,8,1,2,24,83,34,NA,9,98,8,11,65,76,49,88,20,15,61,11,10,63,99,29,2,5,75,66
Quest Diagnostics Inc.,DGX,13,13,42,78,21,90,11,NA,14,22,47,90,43,28,53,80,21,86,3,81,14,55,34,64,27,53,47,58
"Teradyne, Inc.",TER,34,34,28,99,11,75,53,NA,37,8,64,86,75,6,81,53,18,94,5,89,5,98,18,75,4,100,2,98
Masco Corporation,MAS,85,85,59,90,6,51,47,NA,86,34,30,62,13,75,42,47,67,25,96,65,6,10,29,13,38,20,28,35
"Best Buy Company, Inc.",BBY,16,16,95,4,98,8,92,13,7,13,85,53,60,11,94,11,94,8,3,98,7,63,33,64,37,23,76,85
Pentair Plc,PNR,86,86,15,92,1,26,8,NA,87,10,40,90,13,6,11,67,14,57,100,2,58,42,73,12,79,26,26,33
Baxter International Inc.,BAX,75,75,1,19,22,76,38,NA,75,9,57,29,37,47,59,37,6,38,35,54,26,40,64,56,39,76,57,26
Idex Corporation,IEX,67,67,73,27,50,38,75,NA,67,47,31,55,56,41,50,58,34,23,71,90,58,22,35,61,63,49,39,63
"Alexandria Real Estate Equities, Inc.",ARE,64,64,56,51,51,52,28,NA,65,76,52,77,72,65,62,64,45,49,35,73,52,46,29,74,78,43,88,20
Genuine Parts Company,GPC,28,28,77,31,57,17,87,NA,32,68,6,96,12,77,17,19,89,9,62,88,24,17,87,24,79,30,17,70
Kimco Realty Corp.,KIM,64,64,44,67,59,23,43,NA,64,81,38,46,22,30,43,71,16,57,66,49,25,64,16,27,79,51,58,54
"Expeditors International of Washington, Inc.",EXPD,5,5,25,12,84,34,51,NA,5,95,69,25,84,53,24,29,87,31,49,16,56,65,22,78,23,59,81,80
"Tyson Foods, Inc.",TSN,77,77,29,94,8,94,12,80,10,15,31,87,15,47,28,50,97,20,50,60,12,75,96,7,93,4,49,49
Dollar General Corp.,DG,60,60,71,19,78,71,90,60,11,19,83,49,70,44,64,48,55,49,44,77,64,61,75,55,11,77,15,57
"Textron, Inc.",TXT,18,18,20,100,11,87,28,NA,22,39,88,17,22,45,34,26,25,89,15,22,45,29,80,17,44,26,53,47
Avery Dennison Corp.,AVY,20,20,66,66,26,46,77,NA,23,38,73,45,91,5,55,74,79,67,5,71,18,21,52,55,27,56,21,76
Gen Digital Inc.,GEN,94,94,21,5,95,90,13,97,17,80,93,3,90,99,2,8,44,13,12,47,41,37,32,56,44,68,75,77
Nisource Inc.,NI,73,73,28,34,72,63,17,NA,73,67,45,16,98,6,24,6,59,23,54,88,61,5,95,21,9,85,12,87
Marathon Oil Corporation,MRO,14,14,52,60,43,51,35,NA,15,89,89,10,15,82,95,11,3,45,78,8,48,54,19,49,57,57,72,68
"Everest Group, Ltd.",EG,68,68,77,50,70,29,56,NA,68,43,70,88,98,3,16,49,37,71,90,40,11,62,66,22,72,7,13,19
Jb Hunt Transport Services Inc,JBHT,29,29,37,24,89,14,19,NA,32,83,43,47,38,66,36,35,85,61,38,21,82,65,15,59,43,68,20,54
Align Technology Inc,ALGN,73,73,77,90,38,7,45,NA,73,7,83,29,83,64,92,47,49,76,81,42,36,86,89,20,99,1,11,85
"Healthpeak Properties, Inc.",DOC,96,96,41,72,42,94,19,NA,97,56,40,65,29,51,83,95,99,100,1,58,34,NA,NA,NA,NA,NA,NA,NA
Domino's Pizza Inc.,DPZ,63,63,54,52,47,43,64,NA,64,18,45,68,79,52,67,36,90,34,49,63,59,69,79,31,8,27,70,44
Viatris Inc.,VTRS,26,26,87,16,77,18,73,NA,29,45,90,15,11,46,37,42,96,23,62,81,13,82,86,95,30,92,24,29
Verisign Inc,VRSN,37,37,74,17,76,34,77,NA,39,54,45,39,52,25,45,43,55,45,44,92,85,7,23,47,28,25,79,34
Jabil Inc.,JBL,30,30,47,78,31,21,68,29,42,66,52,51,80,6,80,14,98,3,94,13,93,15,79,94,5,13,74,80
Alliant Energy Corporation,LNT,88,88,67,25,75,30,88,NA,88,28,54,18,78,3,62,37,33,75,14,69,10,79,91,9,78,11,58,56
"Cf Industries Holding, Inc.",CF,11,11,84,41,59,29,27,NA,13,79,90,22,37,17,97,5,19,30,5,62,90,86,53,33,96,80,4,99
Loews Corporation,L,58,58,0,39,85,11,29,NA,59,75,79,44,3,85,63,8,71,86,7,11,100,2,80,12,96,6,66,34
The Estee Lauder Companies Inc. Class A,EL,72,72,5,67,27,96,1,76,7,29,81,32,30,78,36,28,78,78,47,53,43,74,47,50,22,80,13,60
Amcor Plcs,AMCR,40,40,6,91,28,95,2,43,20,56,39,93,51,57,96,3,80,31,76,55,96,25,14,10,86,91,7,28
"Revvity, Inc.",RVTY,3,3,37,41,48,97,79,NA,3,7,81,96,66,36,15,73,44,93,37,10,76,52,13,53,82,7,44,57
Aptiv Plc,APTV,79,79,20,80,27,35,64,NA,79,55,19,27,35,41,13,63,17,76,64,50,60,100,42,NA,NA,NA,NA,NA
"Evergy, Inc.",EVRG,48,48,93,37,47,15,87,NA,48,78,13,95,6,85,54,65,22,68,63,78,13,70,89,60,25,12,37,87
"Moderna, Inc.",MRNA,1,1,28,20,1,89,7,NA,1,4,99,100,6,26,0,38,NA,NA,NA,NA,NA,NA,NA,NA,NA,NA,NA,NA
Pool Corporation,POOL,89,89,99,5,67,10,62,NA,90,85,14,80,97,5,47,61,72,66,16,91,14,19,70,77,37,89,11,10
"Rollins, Inc.",ROL,53,53,44,46,53,64,27,NA,55,67,23,83,52,58,43,66,42,71,57,27,65,55,71,47,37,49,50,51
Nordson Corp,NDSN,64,64,65,20,68,37,46,NA,65,40,43,79,10,78,46,77,25,50,26,55,90,19,84,32,33,36,52,62
"F5, Inc.",FFIV,60,60,81,21,79,37,46,61,77,14,30,28,31,29,44,47,77,55,31,67,74,82,51,63,73,79,93,92
Skyworks Solutions Inc,SWKS,29,29,79,30,27,87,50,26,69,25,77,28,53,12,79,57,80,90,92,14,88,45,69,93,96,5,9,93
"Stanley Black & Decker, Inc.",SWK,95,95,17,84,2,82,76,NA,95,1,3,80,71,14,28,77,27,88,18,33,20,80,77,48,64,62,31,13
"Epam Systems, Inc.",EPAM,60,60,96,11,92,8,87,NA,61,26,38,94,32,80,68,96,14,93,67,24,96,15,42,NA,NA,NA,NA,NA
Akamai Technologies Inc,AKAM,42,42,35,53,58,59,35,NA,43,35,53,63,45,64,24,62,67,67,41,65,51,29,71,86,87,84,86,96
"Udr, Inc.",UDR,35,35,40,59,50,57,26,NA,38,74,44,38,60,37,30,76,58,64,43,79,53,28,74,17,44,24,32,39
"Conagra Brands, Inc.",CAG,91,91,19,20,84,42,71,92,21,24,15,90,69,9,32,19,31,55,79,14,24,100,70,4,18,17,94,11
Incyte Genomics Inc,INCY,6,6,90,1,82,50,11,NA,6,77,99,5,95,98,2,99,99,97,95,87,0,99,92,8,3,81,55,35
Camden Property Trust,CPT,43,43,56,66,44,32,39,NA,44,77,46,35,57,51,33,48,42,45,73,81,46,39,46,38,25,56,70,52
Albemarle Corporation,ALB,10,10,24,86,92,3,96,NA,11,99,4,59,82,89,5,94,14,62,16,49,77,27,61,77,9,93,23,64
Henry (Jack) & Associates,JKHY,78,78,17,78,74,15,30,84,16,60,22,67,45,50,32,35,57,57,62,54,47,44,62,49,35,83,29,50
"C.H. Robinson Worldwide, Inc.",CHRW,4,4,23,92,2,8,31,NA,4,100,2,12,46,92,10,13,86,88,8,50,65,27,23,86,20,81,83,72
Juniper Networks Inc,JNPR,99,99,99,3,100,5,33,NA,99,1,50,64,6,5,60,75,70,21,78,9,61,38,31,60,37,58,82,90
"Host Hotels & Resorts, Inc.",HST,36,36,29,52,73,47,15,NA,38,98,94,4,28,33,27,58,43,61,77,67,68,29,8,46,49,87,80,26
"Dayforce, Inc.",DAY,84,84,36,95,13,89,10,NA,84,96,96,3,99,94,84,0,38,NA,NA,NA,NA,NA,NA,NA,NA,NA,NA,NA
Allegion Public Limited Company,ALLE,69,69,65,84,19,76,32,NA,69,40,32,45,49,70,23,86,40,62,12,41,34,NA,NA,NA,NA,NA,NA,NA
Bunge Global Sa,BG,94,94,92,1,45,51,95,NA,94,1,56,1,85,0,6,98,4,6,99,1,97,0,1,99,8,1,5,99
"Universal Health Services, Inc. Class B",UHS,65,65,16,68,56,91,10,NA,66,63,3,90,50,46,23,77,35,68,46,60,81,28,63,79,91,4,51,37
Dollar Tree Inc.,DLTR,85,85,14,13,90,92,6,88,53,8,76,52,67,15,96,21,69,67,27,81,21,77,56,30,49,71,64,48
Norwegian Cruise Line Holdings Ltd.s,NCLH,99,99,12,26,93,66,6,NA,99,94,37,2,18,70,74,70,93,83,66,56,16,99,97,2,4,48,25,29
The J.M. Smucker Company,SJM,38,38,13,39,89,32,12,40,41,18,63,58,24,50,11,94,19,37,63,94,7,84,93,16,76,35,84,11
Regency Centers Corporation,REG,47,47,53,51,64,31,54,NA,48,49,68,21,39,69,89,49,36,58,25,66,85,13,28,39,36,39,59,13
Carmax Inc.,KMX,4,4,98,2,81,81,89,4,93,0,98,1,99,89,1,93,4,75,0,0,1,3,95,11,47,95,4,85
Eastman Chemical Company,EMN,74,74,50,99,10,38,55,NA,75,10,47,39,30,18,69,22,65,50,58,93,46,14,64,31,60,14,85,84
"Bxp, Inc.",BXP,35,35,4,70,33,68,23,NA,37,64,30,41,42,65,19,79,66,20,69,47,87,8,57,31,58,53,54,18
"Tapestry, Inc.",TPR,67,67,15,79,14,98,6,71,56,12,95,10,12,53,57,18,30,8,60,66,39,67,27,67,69,48,67,84
Bio-Techne Corp.,TECH,57,57,32,32,63,74,19,57,17,39,83,60,48,55,35,44,43,58,25,37,54,33,37,75,39,56,60,59
Generac Holdings Inc,GNRC,98,98,91,18,24,88,76,NA,98,2,18,89,78,20,41,81,15,32,49,85,82,81,98,5,30,NA,NA,NA
"Super Micro Computer, Inc.",SMCI,0,0,74,2,0,99,2,1,96,0,98,5,98,96,1,100,0,4,10,95,99,2,66,71,89,88,34,29
"Lamb Weston Holdings, Inc.",LW,40,40,47,96,18,10,22,44,89,19,27,24,87,36,65,54,26,80,29,NA,NA,NA,NA,NA,NA,NA,NA,NA
"Charles River Laboratories International, Inc.",CRL,48,48,63,61,37,57,64,NA,49,26,73,62,53,77,47,47,64,74,29,40,61,13,22,40,86,10,72,75
"The Interpublic Group of Companies, Inc.",IPG,23,23,82,81,6,93,97,NA,26,3,49,69,97,4,91,15,41,61,90,80,3,80,11,96,100,94,1,21
"Paycom Software, Inc.",PAYC,70,70,25,29,70,72,32,NA,70,65,74,46,75,78,77,97,95,26,96,70,34,NA,NA,NA,NA,NA,NA,NA
News Corporation Class A,NWSA,33,33,12,12,82,97,2,31,18,61,81,24,76,82,6,64,33,92,4,8,68,34,NA,NA,NA,NA,NA,NA
"Assurant, Inc.",AIZ,90,90,22,95,18,60,80,NA,91,20,6,37,96,61,98,5,10,3,86,15,86,89,3,25,68,22,68,47
"Catalent, Inc.",CTLT,37,37,12,98,13,93,1,39,8,52,30,93,7,62,94,26,31,82,88,23,34,NA,NA,NA,NA,NA,NA,NA
Molson Coors Beverage Company Class B,TAP,73,73,21,100,12,22,23,NA,73,42,24,30,13,62,90,90,8,53,65,60,57,24,90,15,12,91,20,21
Erie Indemnity Co,ERIE,39,39,72,62,37,91,9,NA,40,36,56,36,80,79,26,72,47,1,99,4,5,97,68,13,22,48,57,27
Pinnacle West Capital Corporation,PNW,28,28,94,13,59,44,79,NA,32,83,21,46,9,48,52,29,37,28,27,45,83,12,73,72,84,7,22,22
Lkq Corporation,LKQ,46,46,84,26,73,13,31,NA,47,37,26,81,88,75,15,71,87,18,95,34,75,30,71,96,37,75,81,61
Marketaxess Holdings Inc.,MKTX,55,55,38,99,10,83,20,NA,57,53,9,87,70,72,95,10,56,73,51,74,38,78,86,36,85,34,19,55
Fox Corporation Class A,FOXA,36,36,10,16,96,0,3,36,30,16,47,35,95,7,86,38,NA,NA,NA,NA,NA,NA,NA,NA,NA,NA,NA,NA
Solventum Corporation,SOLV,55,55,15,24,51,61,61,NA,56,20,43,43,NA,NA,NA,NA,NA,NA,NA,NA,NA,NA,NA,NA,NA,NA,NA,NA
Aes Corporation,AES,50,50,90,58,27,21,83,NA,51,82,8,59,46,19,18,82,72,7,21,39,15,83,48,33,27,52,78,24
Globe Life Inc.,GL,39,39,35,40,57,72,28,NA,41,47,29,55,49,14,40,76,80,11,65,53,16,43,78,27,28,34,56,36
Teleflex Incorporated,TFX,78,78,90,25,51,24,86,NA,78,8,78,43,37,31,40,82,49,80,70,95,4,42,67,7,51,37,77,43
A.O. Smith Corporation,AOS,87,87,94,13,31,68,57,NA,87,11,52,72,39,75,11,79,81,27,94,97,4,6,93,10,72,13,97,91
The Mosaic Company,MOS,7,7,13,96,7,34,14,NA,8,91,73,84,9,83,12,12,16,88,11,10,49,86,56,8,97,94,19,98
Hormel Foods Corporation,HRL,24,24,36,14,76,50,71,NA,28,64,21,71,9,60,39,40,83,68,71,46,37,23,91,24,35,13,81,52
Campbell Soup Company,CPB,38,38,66,10,92,28,52,41,31,65,12,43,50,27,20,75,82,18,18,35,45,24,85,62,7,64,75,16
"Caesars Entertainment, Inc.",CZR,89,89,17,90,16,77,10,NA,90,28,97,1,29,95,78,91,93,87,11,3,12,15,5,5,34,95,12,54
Henry Schein Inc,HSIC,17,17,17,62,98,4,26,NA,20,29,57,33,27,63,20,48,36,19,90,12,80,32,49,85,52,21,78,75
Federal Realty Investment Trust,FRT,44,44,31,51,75,27,37,NA,45,61,64,21,19,44,52,67,47,56,41,71,27,34,60,54,54,41,51,67
"Enphase Energy, Inc.",ENPH,25,25,64,79,80,8,13,NA,29,94,82,88,99,96,59,4,1,100,95,0,93,43,42,NA,NA,NA,NA,NA
Celanese Corporation,CE,40,40,12,82,14,86,13,NA,41,55,87,12,23,91,21,45,24,79,40,59,79,14,47,48,12,40,100,2
Ralph Lauren Corporation,RL,94,94,13,76,17,97,7,96,7,92,5,39,13,29,27,61,35,19,58,77,13,62,59,29,87,58,89,12
Mgm Resorts International,MGM,81,81,70,27,48,53,52,NA,81,76,94,3,46,7,83,89,23,17,83,83,75,21,19,20,15,37,80,59
"Hasbro, Inc.",HAS,90,90,58,40,30,83,95,NA,91,5,17,85,38,14,26,85,75,61,8,83,44,75,6,41,90,8,78,12
"Match Group, Inc",MTCH,86,86,85,11,66,44,64,NA,87,9,51,26,27,95,83,21,17,44,61,31,48,39,27,7,38,61,6,25
Invesco Ltd,IVZ,89,89,28,96,6,44,42,NA,90,12,20,58,83,4,99,2,23,90,22,19,96,42,17,9,88,46,93,13
Apa Corporation,APA,7,7,72,78,25,71,21,NA,9,82,91,9,10,83,35,18,3,17,60,20,82,83,10,73,70,31,76,56
"Huntington Ingalls Industries, Inc.",HII,65,65,99,72,4,81,93,NA,66,51,8,71,31,44,34,38,66,98,7,8,81,34,NA,NA,NA,NA,NA,NA
Wynn Resorts Ltd,WYNN,100,100,30,44,50,75,21,NA,100,89,84,2,24,3,94,91,6,7,82,14,81,86,61,23,95,98,95,0
Borgwarner Inc.,BWA,22,22,31,90,7,93,27,NA,25,71,40,70,19,21,60,70,55,59,10,74,73,82,27,14,74,52,26,70
"Mohawk Industries, Inc.",MHK,90,90,67,55,39,17,82,NA,92,7,12,73,73,24,21,86,86,79,17,95,26,6,65,14,47,74,94,12
Brown-Forman Corporation Class B,BF-B,34,34,8,42,95,79,5,33,11,66,51,32,80,24,71,22,28,73,36,35,28,54,32,88,35,18,74,62
Fmc Corporation,FMC,1,1,16,86,2,94,14,NA,1,16,64,79,83,40,9,99,1,62,19,29,44,63,40,63,33,63,42,62
Davita Inc.,DVA,69,69,44,93,4,26,68,NA,69,26,30,37,67,18,31,77,52,13,89,28,78,69,68,50,34,44,61,72
Paramount Global Class B,PARA,92,92,96,6,36,53,98,NA,93,2,4,94,17,84,6,72,57,8,35,44,36,87,5,40,53,6,31,36
"Walgreens Boots Alliance, Inc",WBA,4,4,87,82,5,3,100,5,7,15,35,41,7,47,24,84,88,21,24,72,29,25,79,76,26,88,18,44
"Franklin Resources, Inc.",BEN,19,19,51,87,91,3,49,15,8,86,59,99,2,91,8,15,50,47,93,9,30,93,6,25,69,57,61,80
"Qorvo, Inc.",QRVO,30,30,74,10,28,96,84,27,18,25,72,66,27,39,58,96,97,94,29,NA,NA,NA,NA,NA,NA,NA,NA,NA
Fox Corporation Class B,FOX,36,36,10,16,96,0,3,36,30,16,47,35,95,7,86,38,NA,NA,NA,NA,NA,NA,NA,NA,NA,NA,NA,NA