                                                        ,,,,,,,,,,,,,,,,,,,,,,,,,,,,,
Company Name,Stock Symbol,TTM,Latest Fiscal Year,Latest Qtr,Previous Qtr,2 QTR ago,3 Qtr Ago,4 QTR Ago,2024,2023,2022,2021,2020,2019,2018,2017,2016,2015,2014,2013,2012,2011,2010,2009,2008,2007,2006,2005,2004
Nvidia Corp,NVDA,96.20,93.40,96.00,98.00,96.60,95.00,92.60,98.00,59.40,83.60,69.60,71.90,73.80,73.90,65.10,41.90,38.00,22.20,30.80,34.80,10.00,2.80,12.60,63.90,42.30,47.10,20.20,19.80
Apple Inc.,AAPL,72.40,72.20,68.40,67.80,70.20,76.60,70.20,86.70,70.00,69.20,67.40,65.50,67.00,68.40,70.20,74.60,80.00,77.50,75.50,80.60,74.40,70.90,62.80,57.60,49.30,35.60,25.80,11.40
Microsoft Corp,MSFT,92.00,91.20,93.00,90.80,91.40,91.60,93.60,96.90,89.40,89.60,89.00,90.20,89.10,84.20,83.40,81.40,81.40,82.10,83.90,86.50,84.90,87.60,86.10,85.00,83.90,84.30,76.50,49.30
Amazon.com Inc,AMZN,34.00,25.00,36.80,35.60,39.00,31.20,31.40,#VALUE!,25.00,15.40,18.40,23.20,21.70,18.00,12.40,13.90,11.40,6.90,7.10,7.20,4.90,8.70,14.80,16.40,10.90,8.80,12.10,14.70
"Meta Platforms, Inc. Class A",META,89.80,86.60,91.20,88.00,87.80,91.20,89.20,#VALUE!,86.60,74.80,86.20,89.20,90.70,89.90,94.70,92.80,89.30,91.30,91.20,58.90,92.30,95.00,89.00,3.80,1.60,#VALUE!,#VALUE!,#VALUE!
Alphabet Inc. Class A,GOOGL,75.60,68.20,77.20,76.20,           ,67.80,74.60,#VALUE!,68.40,67.40,72.60,70.30,69.40,69.00,74.00,78.10,78.90,77.80,80.30,82.10,82.10,86.60,87.90,86.80,81.60,83.80,81.90,73.50
"Tesla, Inc.",TSLA,23.60,25.80,30.20,20.00,19.40,24.60,21.20,#VALUE!,25.80,43.80,30.20,25.10,12.90,9.10,2.60,5.90,2.10,2.70,3.10,0.20,0.20,0.20,1.50,0.40,0.00,3.50,#VALUE!,#VALUE!
Alphabet Inc. Class C,GOOG,75.60,68.20,77.20,76.20,76.40,67.80,74.60,#VALUE!,68.40,67.40,72.60,70.30,69.40,69.00,74.00,78.10,78.90,77.80,80.30,82.10,82.10,86.60,87.90,86.80,81.60,83.80,81.90,73.50
Berkshire Hathaway Class B,BRK-B,87.60,76.40,98.80,36.80,39.40,32.00,35.00,#VALUE!,76.80,1.00,0.80,1.80,1.00,8.90,30.40,47.60,53.10,47.00,51.00,41.80,34.50,45.60,39.00,27.10,52.00,52.00,45.10,42.80
Broadcom Inc.,AVGO,87.20,92.60,86.20,87.00,84.00,93.00,94.20,#VALUE!,92.80,93.40,91.40,90.00,87.70,86.80,85.20,65.60,85.10,68.80,72.00,74.10,72.10,71.60,41.90,51.80,12.30,#VALUE!,#VALUE!,#VALUE!
Jpmorgan Chase & Co.,JPM,93.80,91.00,3.40,91.20,86.80,3.40,3.40,#VALUE!,91.40,2.20,2.40,6.20,2.00,1.60,2.40,3.10,2.70,1.70,0.60,97.50,90.60,88.90,83.30,96.40,99.30,98.80,94.90,90.90
Eli Lilly & Co.,LLY,67.00,54.00,37.60,80.60,74.40,80.80,98.20,#VALUE!,54.60,69.00,64.40,71.50,67.40,86.00,75.90,47.00,55.80,49.70,57.10,47.50,69.30,79.20,81.70,95.30,82.00,82.20,78.60,78.80
Unitedhealth Group Incorporated,UNH,12.20,14.20,15.40,13.80,14.60,14.00,14.20,#VALUE!,13.80,12.60,11.60,16.60,13.90,11.30,11.40,12.50,12.20,13.50,12.80,17.50,13.90,15.60,19.20,19.10,20.50,17.80,23.00,20.70
Exxon Mobil Corporation,XOM,45.20,45.00,42.80,35.20,37.00,45.80,42.20,#VALUE!,46.20,46.80,28.40,17.40,22.30,25.90,23.10,19.00,24.40,26.60,29.10,32.90,35.00,35.40,33.00,43.00,37.70,41.30,38.60,34.90
Visa Inc.,V,98.20,97.60,97.60,97.80,97.80,98.00,97.80,99.00,96.40,98.20,97.80,98.60,98.00,98.00,98.80,98.40,98.30,98.50,97.90,99.80,95.50,95.70,94.30,90.40,84.30,88.50,68.80,0.90
Mastercard Incorporated,MA,93.60,95.20,92.60,95.80,94.40,94.00,95.60,#VALUE!,95.20,95.20,93.80,95.00,95.40,94.10,93.90,94.10,94.20,94.20,94.80,93.50,86.80,92.20,91.00,5.40,43.00,58.20,48.10,49.10
Costco Wholesale Corp,COST,6.00,6.40,9.00,9.40,9.00,8.00,8.00,11.20,5.60,4.20,5.40,9.00,4.80,3.80,5.30,5.70,5.80,4.60,4.80,5.90,4.10,5.60,10.40,10.80,6.80,6.00,5.80,5.60
"Home Depot, Inc.",HD,27.80,28.80,25.40,31.20,30.20,26.00,32.20,42.90,30.80,31.20,25.80,34.70,33.60,34.00,32.30,31.90,30.40,26.00,23.00,22.60,20.50,16.90,20.50,30.50,23.60,26.30,24.40,23.00
Procter & Gamble Company,PG,58.20,61.00,56.80,43.60,57.80,67.40,65.40,74.50,58.60,56.40,56.40,62.70,59.20,58.30,59.40,62.40,57.60,57.60,56.10,55.70,56.50,61.60,65.40,64.30,58.60,59.60,56.30,56.70
Johnson & Johnson,JNJ,74.60,59.40,65.60,79.80,79.80,71.40,81.60,#VALUE!,60.20,77.00,72.40,67.70,61.20,63.60,61.50,69.10,66.30,69.60,68.00,65.60,69.90,65.90,71.10,72.00,78.20,73.70,73.50,74.20
Walmart Inc.,WMT,7.80,8.40,7.00,11.80,12.40,11.80,6.40,14.30,6.40,6.60,8.20,12.40,5.80,6.70,9.10,10.00,10.70,11.00,10.70,13.30,12.40,12.80,17.20,18.60,13.00,12.00,13.30,12.60
Netflix Inc,NFLX,96.60,95.80,96.60,97.60,97.40,93.80,98.00,#VALUE!,96.00,97.00,96.80,96.60,94.80,93.70,95.90,95.70,94.60,94.40,94.40,90.70,81.20,69.20,70.70,68.60,61.10,56.40,39.50,54.90
"Salesforce, Inc.",CRM,62.00,57.40,60.20,70.60,72.20,65.20,62.60,68.40,44.00,14.40,7.00,25.70,30.00,13.60,12.20,15.50,8.10,3.10,5.40,10.10,22.60,33.00,44.50,37.40,15.90,33.90,37.40,38.80
Bank of America Corporation,BAC,3.60,67.80,0.60,4.60,64.00,35.60,76.00,#VALUE!,68.20,72.60,80.20,64.90,84.10,83.20,81.30,73.80,69.80,20.00,48.30,8.90,2.30,3.50,13.70,21.50,83.60,88.70,85.60,85.60
Abbvie Inc.,ABBV,86.40,88.40,80.60,72.60,81.00,65.60,34.40,#VALUE!,88.60,86.80,86.60,30.30,85.50,57.70,82.40,85.10,82.00,50.70,78.50,81.90,67.00,81.80,84.80,#VALUE!,#VALUE!,#VALUE!,#VALUE!,#VALUE!
Oracle Corp,ORCL,83.20,81.20,78.80,85.60,83.80,82.80,78.40,89.80,78.40,85.60,85.60,87.40,86.30,83.60,85.00,84.90,88.60,86.70,87.70,89.90,85.70,88.70,90.10,86.50,85.70,85.90,84.90,83.00
Chevron Corporation,CVX,47.20,47.40,43.80,38.00,46.60,48.20,32.80,#VALUE!,48.60,60.60,54.40,25.50,57.10,59.10,9.50,2.90,2.90,15.40,22.00,48.50,61.00,59.70,49.30,49.80,55.50,60.30,51.40,53.50
"Merck & Co., Inc.",MRK,60.40,16.60,48.80,86.00,85.40,1.80,86.00,#VALUE!,16.80,79.80,71.00,53.70,63.60,56.30,45.40,53.40,48.80,88.10,42.90,57.80,50.30,62.90,2.90,74.00,90.20,67.70,78.10,76.00
Wells Fargo & Co.,WFC,98.00,74.40,99.40,73.60,66.80,73.20,96.20,#VALUE!,74.40,81.60,98.00,19.60,95.60,97.00,98.40,99.20,99.20,99.80,99.60,99.20,83.40,78.10,80.40,79.80,95.00,95.40,93.70,92.30
Coca-Cola Company,KO,71.60,71.60,69.00,47.20,45.40,48.80,73.80,#VALUE!,71.80,67.20,82.40,82.00,76.50,66.20,57.60,61.60,67.40,64.20,70.70,70.30,67.80,74.40,79.70,73.50,70.50,73.00,73.00,71.40
Advanced Micro Devices,AMD,38.40,34.00,44.20,32.20,27.60,40.60,36.60,#VALUE!,33.60,39.60,51.00,36.50,21.10,13.20,6.50,1.80,2.50,8.50,7.90,2.50,22.80,47.30,40.10,15.00,3.60,72.30,65.80,70.20
"Cisco Systems, Inc.",CSCO,52.20,62.80,30.60,56.40,60.80,63.40,72.40,76.50,67.60,68.40,67.80,76.60,74.80,73.50,75.70,74.40,71.30,67.60,70.10,70.90,65.20,71.80,66.50,77.40,76.40,76.70,76.70,78.10
"Pepsico, Inc.",PEP,32.80,30.00,39.80,44.60,41.40,30.00,44.20,#VALUE!,29.40,30.40,31.00,39.70,41.00,45.10,45.60,44.60,45.70,42.80,41.60,41.10,44.60,50.50,63.70,55.80,54.30,58.00,57.20,59.30
Accenture Plc,ACN,33.20,31.00,30.00,35.00,28.80,40.00,27.00,45.90,28.60,32.20,34.20,43.50,33.40,32.40,27.00,33.10,31.80,31.20,31.60,31.40,32.20,33.40,38.80,35.70,29.80,21.00,25.10,31.40
Adobe Inc.,ADBE,82.20,72.00,80.00,78.60,81.20,82.40,82.00,#VALUE!,72.00,80.40,81.80,82.20,76.90,77.50,77.50,72.20,65.70,40.50,40.60,77.80,73.60,78.50,79.10,82.30,85.00,83.60,83.50,81.90
Linde Plc,LIN,70.80,77.00,72.60,75.60,77.40,53.00,77.80,#VALUE!,77.40,63.00,65.80,68.90,60.40,63.40,71.80,73.20,74.40,75.10,73.80,72.60,71.00,72.20,80.80,69.70,66.80,67.00,64.00,63.50
Mcdonald's Corporation,MCD,90.40,91.60,86.00,92.20,90.20,88.00,90.00,#VALUE!,91.80,83.40,84.40,83.00,86.50,82.80,81.50,73.40,68.20,70.70,73.00,73.20,71.90,72.90,74.20,75.80,71.80,68.40,64.70,67.70
"Servicenow, Inc.",NOW,35.00,32.80,45.00,21.80,31.60,48.00,31.80,#VALUE!,32.40,18.40,18.00,20.20,15.10,7.10,3.00,2.20,1.90,0.20,1.00,1.10,23.70,0.70,2.00,1.80,0.90,#VALUE!,#VALUE!,#VALUE!
"Thermo Fisher Scientific, Inc.",TMO,58.40,54.40,55.60,48.00,54.20,34.60,62.40,#VALUE!,55.20,57.80,64.80,72.70,57.70,59.30,57.40,58.30,61.80,53.40,49.20,51.70,46.30,50.10,52.40,54.30,43.90,31.90,34.20,32.60
Abbott Laboratories,ABT,56.00,56.00,55.40,29.40,26.40,59.60,57.00,#VALUE!,57.20,51.40,52.00,51.50,46.30,42.30,37.70,24.10,41.70,31.40,32.60,53.00,33.90,49.50,57.50,58.50,62.00,79.20,60.50,67.40
Ge Aerospace,GE,29.20,17.00,50.40,38.60,27.40,24.40,30.20,#VALUE!,17.40,10.40,8.00,7.80,10.30,10.10,9.30,27.00,20.20,47.20,48.70,57.20,58.20,51.00,51.30,66.40,80.50,78.50,74.00,66.50
Texas Instruments Incorporated,TXN,88.40,89.80,88.00,82.60,82.00,89.60,91.40,#VALUE!,90.20,93.00,92.80,91.40,91.10,89.30,89.90,89.20,88.00,85.00,77.60,74.30,72.70,83.30,76.90,78.00,77.70,76.90,73.70,70.00
International Business Machines Corporation,IBM,38.80,47.00,11.80,47.60,34.20,42.20,51.20,#VALUE!,48.20,18.20,41.00,36.10,51.90,46.20,46.20,49.90,62.40,66.50,63.00,54.00,48.60,51.20,48.90,56.70,45.20,44.60,40.00,40.70
Intuit Inc,INTU,60.80,61.20,14.20,88.20,35.00,38.20,14.60,75.50,60.40,56.20,63.80,72.50,70.40,65.60,71.00,72.80,65.90,78.20,78.70,78.50,76.30,75.90,77.80,74.40,71.60,73.90,77.00,76.50
Philip Morris International Inc.,PM,82.40,79.40,82.40,81.20,72.40,80.00,82.20,#VALUE!,79.80,84.40,84.80,87.60,84.30,83.00,85.60,87.10,87.40,86.90,89.50,90.10,86.40,88.50,88.80,85.70,87.50,43.20,47.20,51.20
Caterpillar Inc.,CAT,53.20,48.00,46.20,53.40,55.80,49.60,55.20,#VALUE!,49.00,42.40,42.20,34.90,43.70,44.10,32.70,17.60,28.10,33.10,31.80,42.40,40.70,39.70,50.20,39.00,39.80,44.10,41.90,36.00
Goldman Sachs Group Inc.,GS,73.40,2.20,72.80,75.80,82.40,61.40,70.00,#VALUE!,2.00,99.40,88.40,78.60,79.90,99.60,84.20,84.70,73.60,86.10,86.00,84.80,70.40,84.40,92.10,56.50,87.00,86.80,80.20,80.70
Intuitive Surgical Inc.,ISRG,68.20,53.40,68.20,70.20,65.40,66.60,69.20,#VALUE!,54.00,54.60,66.00,55.90,69.20,71.90,75.50,79.30,72.90,63.80,82.40,84.40,82.50,84.20,82.20,83.00,82.70,83.40,76.30,52.60
Qualcomm Inc,QCOM,65.60,55.80,50.80,61.40,61.80,76.20,47.40,65.30,59.00,80.60,69.20,74.50,80.30,14.20,38.30,76.50,66.50,80.00,79.50,71.10,86.60,69.60,72.20,85.90,79.50,83.10,83.00,85.30
The Walt Disney Company,DIS,19.00,2.20,3.40,38.80,40.40,39.00,32.40,4.10,20.80,23.80,18.80,26.90,52.50,66.40,68.00,70.80,70.70,68.40,64.90,63.30,62.50,59.90,61.50,65.00,51.60,50.30,43.00,44.40
Amgen Inc,AMGN,71.00,84.00,47.60,77.40,67.20,78.80,80.40,#VALUE!,84.20,69.80,73.80,80.20,88.10,87.00,88.20,87.70,86.80,76.50,76.80,80.40,73.10,85.50,87.20,88.30,89.30,88.90,86.00,88.40
Comcast Corp,CMCSA,60.00,69.00,34.40,71.40,67.60,63.00,71.40,#VALUE!,69.20,63.20,65.60,68.50,69.80,70.90,75.10,75.30,76.20,76.30,88.50,91.40,74.20,82.40,83.90,82.70,80.00,79.40,80.50,75.80
Verizon Communications,VZ,63.80,71.40,63.60,75.20,74.00,64.40,75.40,#VALUE!,71.40,75.40,78.20,77.60,79.10,78.50,80.10,76.10,82.40,70.10,85.10,62.00,64.80,70.70,74.90,50.20,78.00,78.10,80.00,81.40
Booking Holdings Inc.,BKNG,70.00,70.00,79.80,70.80,47.60,33.20,88.60,#VALUE!,70.20,59.20,43.60,84.80,84.50,82.40,82.80,84.00,83.70,83.00,81.80,79.30,75.70,67.20,60.60,48.00,24.50,15.00,12.30,7.90
Morgan Stanley,MS,75.20,84.40,66.00,58.40,72.80,62.20,67.40,#VALUE!,84.60,57.40,69.40,69.50,61.80,64.20,64.30,60.70,59.70,16.20,19.20,3.40,85.50,87.00,85.00,99.80,100.00,100.00,99.50,97.40
Rtx Corporation,RTX,26.00,22.00,32.60,19.60,24.40,34.00,4.60,#VALUE!,22.20,31.00,30.80,19.80,36.40,36.60,37.50,39.50,35.10,41.40,38.50,34.00,36.90,36.70,37.90,40.60,32.50,31.20,32.60,33.30
American Express Company,AXP,49.60,48.80,52.60,63.60,64.20,41.00,41.80,#VALUE!,49.80,56.00,61.80,33.90,49.50,68.20,72.60,76.90,75.20,78.80,76.20,72.40,76.80,77.40,66.30,70.20,81.40,79.70,66.50,58.60
S&p Global Inc.,SPGI,86.60,87.00,85.80,89.80,88.20,77.80,85.20,#VALUE!,87.00,76.00,91.00,92.00,90.50,88.10,87.20,86.90,83.90,6.00,74.10,71.70,63.50,71.40,58.60,59.60,74.10,72.10,70.70,71.20
At&t Inc.,T,76.60,76.00,77.00,76.00,78.80,70.60,80.80,#VALUE!,76.40,81.20,80.00,69.90,70.00,77.90,68.60,71.80,74.60,65.50,83.50,62.20,61.40,75.70,79.30,39.90,82.50,80.60,77.20,80.90
Lowe's Companies Inc.,LOW,21.00,27.20,14.40,29.60,26.60,22.60,28.80,39.80,19.40,24.20,20.40,19.40,11.30,19.40,16.20,17.80,17.80,18.30,16.10,17.90,18.80,18.20,28.40,32.10,27.50,25.40,24.90,24.70
Danaher Corporation,DHR,74.20,67.60,58.00,64.00,68.80,88.20,64.40,#VALUE!,67.80,72.00,70.00,63.70,57.50,55.90,54.40,58.50,53.90,58.20,54.60,55.90,49.30,54.90,45.60,47.30,41.40,42.50,46.70,46.50
Applied Materials Inc,AMAT,66.80,66.00,60.60,63.40,65.60,75.60,66.80,#VALUE!,66.40,67.00,68.80,64.50,60.60,69.60,67.50,56.00,49.60,51.60,33.70,35.90,62.70,51.80,6.20,58.30,68.00,61.00,63.50,73.00
"Nextra Energy, Inc.",NEE,93.20,93.60,91.80,90.20,92.20,94.40,83.40,#VALUE!,93.60,84.20,87.20,87.80,91.80,90.90,87.80,91.40,90.70,87.70,86.40,79.50,78.00,80.00,74.40,71.30,59.50,53.80,59.30,61.60
Progressive Corporation,PGR,40.00,11.80,100.00,15.00,33.40,29.80,15.00,#VALUE!,11.60,3.60,12.40,38.10,24.30,15.60,12.00,10.40,14.00,17.00,15.50,18.60,16.40,21.90,29.50,7.40,31.40,46.20,42.10,52.10
"Uber Technologies, Inc.",UBER,16.20,7.40,56.40,16.60,11.80,18.40,12.20,#VALUE!,7.40,1.80,1.20,1.60,0.60,0.60,0.40,0.20,#VALUE!,#VALUE!,#VALUE!,#VALUE!,#VALUE!,#VALUE!,#VALUE!,#VALUE!,#VALUE!,#VALUE!,#VALUE!,#VALUE!
Pfizer Inc.,PFE,47.80,29.00,78.40,57.40,83.20,4.60,1.20,#VALUE!,28.20,85.40,71.80,76.00,81.10,81.80,81.70,80.80,81.60,82.50,87.00,86.90,85.30,78.30,89.60,91.70,82.30,87.10,87.00,87.40
"Eaton Corporation, Plcs",ETN,46.40,41.40,46.00,45.60,44.60,39.40,38.80,#VALUE!,42.40,24.40,17.40,17.00,22.10,21.70,20.10,20.20,18.00,19.30,14.60,24.70,15.10,13.70,10.60,22.40,23.20,21.50,25.30,27.20
Union Pacific Corp.,UNP,90.00,89.00,88.80,89.20,89.00,90.20,87.00,#VALUE!,89.20,89.80,91.80,92.40,91.50,87.20,89.70,89.40,90.10,87.90,87.20,85.70,80.60,82.60,80.00,76.50,75.50,72.50,62.80,64.20
"Blackrock, Inc.",BLK,79.40,80.00,77.60,80.20,75.20,77.40,77.40,#VALUE!,80.40,77.80,79.60,83.60,83.70,82.20,82.20,86.50,87.80,84.80,84.30,83.50,81.40,81.60,75.80,83.40,77.50,59.40,67.40,57.40
"Honeywell International, Inc.",HON,54.00,49.20,51.60,48.40,53.40,58.00,58.60,#VALUE!,50.20,46.60,54.00,52.70,55.10,48.20,45.20,45.80,48.60,39.30,36.40,27.80,14.30,24.90,35.90,25.60,26.60,22.90,21.40,16.50
"Tjx Companies, Inc.",TJX,20.40,19.40,21.00,20.40,22.40,25.60,18.40,29.60,18.20,17.20,6.00,23.40,21.50,20.60,23.50,26.60,26.90,27.70,26.20,24.90,23.00,23.60,25.30,22.20,17.30,15.50,16.30,19.50
Citigroup Inc.,C,47.00,2.20,95.00,70.00,80.60,0.60,37.60,#VALUE!,2.00,42.20,65.20,34.30,67.80,66.60,67.30,66.30,72.10,32.80,61.30,16.70,17.70,16.10,5.10,2.00,3.20,2.50,2.60,3.00
Blackstone Inc.,BX,93.00,86.20,96.40,87.60,99.20,52.20,92.20,#VALUE!,86.20,75.20,82.60,65.10,73.40,75.70,96.60,90.60,83.50,91.90,91.40,66.20,34.10,3.00,2.60,98.20,70.90,68.10,60.20,99.50
Boston Scientific Corp.,BSX,43.40,51.20,31.80,54.00,57.40,62.80,50.20,#VALUE!,51.60,45.60,48.20,40.90,41.40,57.10,48.30,50.30,45.90,42.40,39.10,43.70,66.70,48.40,5.50,4.30,75.00,95.80,85.30,82.30
Conocophillips,COP,85.60,85.80,80.80,82.80,85.60,85.00,86.20,#VALUE!,85.80,86.60,86.00,43.30,89.90,85.20,77.90,48.90,35.70,81.30,85.80,82.50,26.00,38.40,36.30,89.20,58.90,50.60,62.10,64.40
Stryker Corporation,SYK,54.20,54.20,49.60,56.00,51.60,59.40,54.80,#VALUE!,55.00,48.00,44.00,49.70,58.60,56.50,62.70,64.20,69.20,36.60,40.80,66.50,66.30,77.00,75.10,73.80,66.60,69.50,66.70,69.50
Vertex Pharmaceuticals Inc,VRTX,6.40,87.60,84.20,0.20,85.00,82.20,89.80,#VALUE!,87.80,88.80,74.60,91.60,76.30,49.20,20.50,3.70,0.40,0.00,86.20,2.70,35.40,0.00,0.20,1.10,1.10,1.20,0.70,0.50
"Palo Alto Networks, Inc.",PANW,27.00,28.00,34.00,20.20,27.80,27.80,32.00,41.80,12.20,1.40,1.80,5.80,2.60,1.80,1.40,1.40,1.40,0.80,2.10,6.80,1.50,0.90,0.90,#VALUE!,#VALUE!,#VALUE!,#VALUE!,#VALUE!
Automatic Data Processing,ADP,67.40,65.40,63.80,55.00,58.20,50.80,47.00,78.60,45.80,39.80,33.60,40.30,27.00,20.00,22.90,24.90,21.90,22.70,20.10,21.50,17.30,38.80,46.00,41.50,33.00,30.30,32.30,25.10
"Fiserv, Inc.",FI,83.80,81.60,85.00,80.80,79.20,87.40,83.20,#VALUE!,82.00,78.20,69.80,71.70,70.60,78.10,77.10,76.70,76.00,74.80,72.80,74.50,71.20,76.10,76.20,63.50,58.40,52.40,53.50,57.70
Palantir Technologies Inc. Class A,PLTR,25.80,10.20,29.80,29.80,25.60,22.20,30.40,#VALUE!,10.00,0.60,0.60,0.40,0.20,0.40,#VALUE!,#VALUE!,#VALUE!,#VALUE!,#VALUE!,#VALUE!,#VALUE!,#VALUE!,#VALUE!,#VALUE!,#VALUE!,#VALUE!,#VALUE!,#VALUE!
Bristol-Myers Squibb Co.,BMY,15.20,83.60,76.80,81.60,76.20,76.40,79.00,#VALUE!,83.60,84.80,83.00,77.40,56.30,61.50,64.70,67.90,27.70,24.90,46.20,61.40,75.90,77.90,63.00,75.30,60.50,54.30,58.60,68.80
Lockheed Martin Corp.,LMT,24.20,26.40,26.20,23.80,25.20,28.40,19.00,#VALUE!,26.20,21.00,21.20,31.90,27.40,23.50,24.70,39.30,25.80,28.30,21.10,22.20,17.10,19.30,30.40,33.00,23.90,19.90,18.10,13.70
Gilead Sciences Inc,GILD,15.00,78.60,1.80,87.80,86.00,86.40,78.00,#VALUE!,78.80,78.00,70.80,77.20,62.80,82.00,93.30,95.30,98.10,96.50,85.40,85.40,88.10,91.80,92.30,91.30,90.00,99.80,89.10,88.10
"Micron Technology, Inc.",MU,77.80,78.20,84.60,77.00,67.80,42.00,28.00,88.80,30.60,92.40,87.00,85.60,93.20,96.80,89.50,66.10,81.80,78.60,62.80,1.50,14.50,87.40,34.60,42.20,60.20,65.80,72.10,74.70
"T-Mobile Us, Inc.",TMUS,78.40,74.60,76.40,78.20,77.60,73.00,74.40,#VALUE!,74.60,58.60,60.80,69.70,63.20,62.30,61.70,61.80,57.20,43.70,51.30,69.20,64.60,34.70,68.70,72.90,78.60,70.20,75.60,98.40
The Charles Schwab Corporation,SCHW,63.40,92.20,3.40,84.20,85.20,1.20,3.00,#VALUE!,92.40,94.00,87.60,86.40,90.30,92.30,90.10,88.10,86.00,84.20,81.20,80.00,79.10,75.30,83.00,90.10,96.40,92.10,86.30,61.40
Starbucks Corp,SBUX,36.80,29.40,35.80,40.00,31.40,46.40,50.00,43.90,40.20,39.00,46.40,28.90,48.30,52.20,58.00,59.90,60.10,61.10,53.60,48.70,51.00,48.80,41.00,42.40,36.60,38.80,46.30,44.20
Medtronic Plc,MDT,39.60,59.60,2.80,55.20,55.40,39.80,60.60,72.40,63.20,60.40,55.20,66.50,70.80,70.20,72.00,73.60,72.50,83.20,79.30,76.40,84.60,74.00,81.10,88.60,84.10,86.60,87.70,85.10
"Marsh & Mclennan Companies, Inc.",MMC,65.40,62.20,51.00,66.60,71.40,57.00,52.20,#VALUE!,62.80,54.40,55.80,55.30,48.70,54.70,55.00,47.20,43.80,41.20,35.80,32.10,30.70,14.30,18.50,25.30,24.30,37.20,19.10,17.20
"Analog Devices, Inc.",ADI,84.20,89.20,83.00,82.40,86.40,89.20,90.20,#VALUE!,89.60,89.00,78.40,86.80,87.30,85.40,74.40,82.00,72.30,75.90,82.00,78.70,83.20,82.20,66.10,76.20,71.40,73.20,71.20,75.10
Boeing Company,BA,1.60,5.80,1.00,1.40,8.60,9.60,4.20,#VALUE!,5.40,2.60,2.80,3.60,2.40,22.10,21.70,11.90,13.40,16.00,13.60,18.10,19.60,18.90,13.00,22.00,19.50,12.70,10.70,10.70
Intel Corp,INTC,2.20,39.80,0.40,18.60,33.80,63.60,56.60,#VALUE!,40.80,54.80,82.80,89.60,87.90,73.10,61.10,65.80,65.30,68.20,61.50,67.10,73.80,79.80,48.70,77.60,80.90,76.40,84.20,84.90
"Prologis, Inc.",PLD,98.40,98.20,97.20,98.40,96.80,96.40,98.80,#VALUE!,98.40,98.60,98.60,99.20,98.20,99.80,100.00,99.80,99.60,97.10,96.40,95.60,96.40,91.10,99.10,79.10,50.50,86.40,94.40,97.20
Chubb Limited,CB,44.80,41.80,43.60,5.40,2.60,19.60,37.80,#VALUE!,42.80,31.40,50.80,22.80,31.80,35.40,19.70,32.90,40.90,43.20,56.70,38.60,48.20,58.60,53.30,28.50,56.40,55.20,20.00,23.50
Kkr & Co. Inc.,KKR,81.80,89.60,88.60,89.40,19.00,57.80,94.00,#VALUE!,90.00,66.00,85.40,97.20,97.00,98.20,97.80,96.70,82.60,0.40,0.00,0.00,89.10,99.80,4.40,7.60,89.10,#VALUE!,#VALUE!,#VALUE!
Deere & Company,DE,61.60,60.40,54.20,61.80,61.40,64.00,65.00,#VALUE!,61.20,47.80,51.40,48.90,42.30,43.30,43.80,39.10,38.20,44.70,47.30,42.60,44.80,45.80,37.00,35.00,37.00,33.30,34.00,35.30
Arista Networks,ANET,83.40,79.80,81.20,82.00,84.20,84.60,82.60,#VALUE!,80.20,75.00,68.00,73.50,76.10,74.10,68.20,55.80,46.10,60.90,45.00,54.90,72.90,#VALUE!,#VALUE!,#VALUE!,#VALUE!,#VALUE!,#VALUE!,#VALUE!
Lam Research Corp,LRCX,68.80,67.20,69.40,66.80,66.20,71.80,70.80,80.60,69.40,69.40,67.00,67.90,66.20,71.50,64.90,54.60,57.90,44.90,19.50,25.50,66.50,63.10,11.70,65.20,74.80,67.40,72.30,43.70
"Elevance Health, Inc.",ELV,8.60,9.20,8.20,6.00,99.40,5.40,8.20,#VALUE!,8.80,6.80,9.20,11.40,9.70,8.10,7.50,9.20,9.30,10.00,9.00,12.70,11.10,11.90,29.30,14.80,16.80,18.00,18.60,15.10
The Southern Company,SO,89.20,87.40,90.20,89.00,84.80,86.20,90.60,#VALUE!,87.60,70.60,67.60,87.20,84.90,71.30,56.60,80.20,80.60,73.40,71.30,80.80,76.50,72.00,76.70,76.90,76.60,77.80,75.30,76.30
"United Parcel Service, Inc. Class B",UPS,21.60,22.40,23.00,20.60,21.00,25.40,18.60,#VALUE!,22.60,36.60,39.40,12.20,12.30,12.30,16.00,13.50,22.90,12.10,22.80,4.90,32.60,36.00,31.10,35.20,8.20,2.10,1.60,2.60
Ge Vernova Inc.,GEV,6.20,4.80,4.40,17.00,2.80,12.40,6.60,#VALUE!,4.20,1.60,4.40,#VALUE!,#VALUE!,#VALUE!,#VALUE!,#VALUE!,#VALUE!,#VALUE!,#VALUE!,#VALUE!,#VALUE!,#VALUE!,#VALUE!,#VALUE!,#VALUE!,#VALUE!,#VALUE!,#VALUE!
The Cigna Group,CI,4.40,7.00,6.40,9.20,1.40,7.00,7.60,#VALUE!,7.00,8.80,8.40,14.20,0.40,13.40,14.80,13.70,15.10,18.90,13.40,18.80,21.10,21.30,30.20,10.10,18.40,21.20,30.90,28.40
Trane Technologies Plc,TT,37.20,33.00,40.40,42.60,33.00,35.40,40.40,#VALUE!,32.60,30.80,27.80,29.50,25.40,23.70,24.50,37.60,25.00,25.60,19.00,27.20,16.60,23.90,23.60,30.30,28.40,28.90,31.60,28.80
"Nike, Inc.",NKE,21.20,18.60,17.60,25.00,22.80,28.80,24.00,27.60,17.20,23.40,25.40,15.80,20.30,18.60,24.10,26.40,24.80,23.90,23.60,24.50,27.30,33.20,47.10,39.20,31.80,36.50,40.70,38.10
"Altria Group, Inc.",MO,94.40,94.80,94.80,93.60,93.20,98.40,89.00,#VALUE!,94.80,83.80,94.80,97.80,100.00,90.30,91.90,91.60,91.10,90.40,92.10,90.90,86.10,83.10,85.20,74.90,84.50,68.60,67.20,68.60
American Tower Corporation,AMT,94.00,95.40,92.00,97.20,95.60,92.60,97.60,#VALUE!,95.40,93.60,97.00,94.60,95.00,91.70,94.50,94.70,95.20,95.20,93.10,94.90,94.50,96.50,97.40,94.80,93.20,93.10,95.30,97.90
Parker-Hannifin Corporation,PH,53.40,51.00,50.00,52.00,53.00,56.80,32.60,62.20,43.60,26.40,42.00,36.70,36.80,33.80,29.20,26.00,27.50,35.60,24.50,31.20,32.80,24.70,29.70,38.60,29.50,26.80,28.10,21.40
The Sherwin-Williams Company,SHW,36.40,34.40,41.00,44.20,30.80,32.80,36.80,#VALUE!,34.40,24.60,22.20,36.90,27.80,19.20,22.50,29.90,26.20,20.40,18.40,20.30,13.60,16.50,21.80,24.40,32.00,27.50,27.20,24.90
Intercontinental Exchange Inc.,ICE,90.80,90.00,88.20,90.60,91.00,87.80,93.00,#VALUE!,90.40,75.80,99.40,90.60,92.20,91.10,93.50,89.80,90.30,89.00,90.80,98.50,98.90,98.00,96.70,96.60,94.50,94.20,90.70,87.20
Kla Corporation,KLAC,83.00,82.00,82.80,85.20,79.60,85.60,84.00,90.80,80.60,82.40,81.60,79.60,68.20,81.20,80.50,74.00,65.10,71.30,69.20,75.50,79.70,40.80,56.80,64.80,61.40,43.60,74.20,62.80
"Paypal Holdings, Inc.",PYPL,41.40,46.60,42.40,42.80,45.60,51.60,47.60,#VALUE!,48.00,40.00,44.20,51.30,46.70,54.50,57.00,49.30,58.50,56.10,58.60,58.20,#VALUE!,#VALUE!,#VALUE!,#VALUE!,#VALUE!,#VALUE!,#VALUE!,#VALUE!
Amphenol Corporation,APH,52.60,49.80,52.00,50.20,52.80,57.20,54.40,#VALUE!,50.80,49.60,48.60,53.30,54.30,56.70,55.40,55.60,58.10,58.80,57.70,57.00,54.20,57.90,57.70,62.30,57.70,54.70,57.70,54.40
"Mondelez International, Inc. Class A",MDLZ,42.60,37.80,31.00,18.00,70.40,34.20,28.40,#VALUE!,38.40,27.60,41.40,46.30,42.50,36.20,39.60,35.00,23.80,28.50,22.60,21.10,24.30,23.40,34.10,36.30,33.60,41.10,44.70,48.40
Regeneron Pharmaceuticals Inc,REGN,72.60,73.40,82.20,71.20,59.40,77.60,69.80,#VALUE!,73.20,84.00,94.20,89.00,64.40,80.00,78.50,65.20,71.90,72.30,79.90,77.20,0.60,1.70,3.30,3.10,1.40,0.70,100.00,2.30
Duke Energy Corporation,DUK,87.40,86.80,86.80,83.40,88.00,88.60,89.60,#VALUE!,86.80,85.80,88.20,83.20,86.70,81.40,85.40,83.80,83.10,81.10,78.20,77.60,77.80,40.60,48.20,77.10,75.70,58.40,27.40,55.30
"Equinix, Inc. Reit",EQIX,76.20,80.80,59.80,81.40,82.60,74.20,83.00,#VALUE!,81.40,81.80,81.40,87.00,88.50,85.60,86.00,84.50,84.50,84.40,86.60,87.60,83.80,83.90,86.60,30.70,67.70,61.90,87.40,86.00
Synopsys Inc,SNPS,64.00,60.20,61.20,61.00,47.00,70.00,61.60,#VALUE!,61.00,59.60,48.80,57.10,54.70,41.10,51.10,52.80,56.40,52.00,55.40,45.60,54.80,50.30,59.00,68.40,38.20,22.20,43.30,78.60
Pnc Financial Services Group,PNC,2.00,76.80,3.40,5.60,4.60,91.40,74.00,#VALUE!,77.20,88.40,85.20,93.60,86.90,94.50,90.30,91.00,91.90,90.60,89.70,84.00,88.50,90.90,90.30,92.80,96.80,99.50,92.10,89.10
Aon Plc Class A,AON,69.20,68.80,49.00,53.00,81.80,64.80,55.80,#VALUE!,69.00,65.60,39.80,67.10,55.70,47.80,40.00,49.10,51.90,54.10,48.50,46.80,47.80,31.70,46.50,41.00,42.50,29.60,35.10,40.90
"Motorola Solutions, Inc.",MSI,51.00,59.80,62.20,60.00,56.80,70.40,62.00,#VALUE!,60.80,54.20,55.60,56.30,44.70,52.60,59.20,52.40,47.50,0.60,34.70,36.30,35.60,13.40,9.30,10.50,7.50,19.60,14.90,21.20
Cadence Design Systems,CDNS,72.00,72.80,67.60,67.60,61.20,75.80,71.80,#VALUE!,72.60,70.80,64.20,69.30,61.00,57.50,55.60,54.80,62.00,53.00,53.30,59.30,43.30,14.50,6.60,5.60,64.10,65.40,69.50,72.10
"Waste Management, Inc.",WM,63.20,61.40,60.40,63.80,64.80,66.40,63.00,#VALUE!,62.00,58.80,56.60,61.90,62.40,64.00,63.50,63.60,64.00,62.20,60.70,59.70,60.30,64.40,70.30,68.20,62.70,64.90,61.60,60.90
Cme Group Inc.,CME,97.60,97.00,97.00,98.80,98.40,96.60,1.40,#VALUE!,97.40,96.00,95.20,95.20,93.80,95.30,97.60,96.90,96.50,96.00,95.60,96.60,97.20,97.40,97.80,95.70,93.90,92.60,89.80,89.30
"Chipotle Mexican Grill, Inc.",CMG,41.60,37.60,41.40,46.60,41.80,44.40,42.00,#VALUE!,37.80,31.80,22.40,24.20,28.40,18.40,14.20,8.20,49.40,48.90,47.90,48.90,46.50,49.90,47.60,32.70,36.10,24.50,17.90,9.30
General Dynamics Corporation,GD,17.40,19.20,20.20,17.60,19.60,26.40,18.80,#VALUE!,19.20,20.60,19.60,24.80,24.10,24.70,27.20,30.90,28.90,27.40,25.30,7.40,26.20,29.30,33.50,36.10,25.70,24.90,24.70,22.30
Zoetis Inc.,ZTS,82.60,83.40,82.60,83.80,83.40,79.20,79.20,#VALUE!,83.40,76.80,75.40,85.00,77.70,77.30,76.70,70.30,53.50,51.80,44.80,61.20,49.90,29.50,32.20,#VALUE!,#VALUE!,#VALUE!,#VALUE!,#VALUE!
Mckesson Corporation,MCK,3.80,4.60,4.80,7.80,8.20,5.00,5.60,7.10,4.80,3.00,3.60,7.00,3.80,2.20,3.90,4.10,3.90,3.30,3.60,4.60,3.00,4.30,7.70,9.00,5.70,4.40,4.20,4.70
U.S. Bancorp,USB,45.60,2.20,66.80,1.80,1.20,40.40,64.60,#VALUE!,2.00,86.40,85.00,61.50,80.90,91.50,87.40,89.60,91.30,91.10,92.30,92.40,90.80,85.70,83.50,94.40,98.90,97.90,96.00,95.60
Welltower Inc.,WELL,77.00,73.60,72.20,74.40,77.80,80.20,72.80,#VALUE!,73.40,72.80,76.20,81.00,87.10,84.40,85.80,92.20,93.00,93.10,93.90,97.00,95.70,98.70,99.60,98.70,97.00,97.20,99.30,99.30
"Crowdstrike Holdings, Inc. Class A",CRWD,13.20,14.00,20.40,11.20,15.80,18.00,10.60,22.40,1.20,1.20,2.20,2.80,0.80,0.20,0.00,#VALUE!,#VALUE!,#VALUE!,#VALUE!,#VALUE!,#VALUE!,#VALUE!,#VALUE!,#VALUE!,#VALUE!,#VALUE!,#VALUE!,#VALUE!
Transdigm Group Incorporated,TDG,88.80,88.20,85.20,89.60,89.20,90.00,87.80,95.90,87.20,84.60,76.60,81.60,82.30,86.20,86.20,85.90,85.30,80.50,84.70,88.00,85.90,90.70,90.50,89.50,88.00,88.00,83.70,81.20
Cintas Corp,CTAS,58.00,56.20,54.60,56.80,57.60,58.40,57.60,66.30,54.80,54.00,51.80,50.90,49.10,42.70,42.20,44.00,44.20,39.90,37.90,37.30,37.50,34.90,45.20,52.70,51.40,52.70,54.20,55.80
"Eog Resources, Inc.",EOG,92.40,92.80,90.00,91.00,90.80,92.00,93.80,#VALUE!,93.00,90.60,93.40,82.40,88.90,87.90,86.40,82.40,82.20,92.10,92.50,90.50,92.10,92.40,95.20,97.50,95.50,94.00,95.60,94.90
Colgate-Palmolive Company,CL,56.80,47.20,48.20,55.60,56.60,59.00,43.60,#VALUE!,48.40,58.40,61.00,62.10,57.90,62.10,62.50,67.50,78.30,59.30,58.20,62.70,63.10,65.50,67.80,61.20,56.80,58.70,58.40,60.70
Moody's Corporation,MCO,88.20,84.60,85.40,88.60,89.80,84.80,87.60,#VALUE!,84.80,86.00,89.60,91.20,90.10,88.30,88.40,88.50,89.70,89.20,88.70,88.40,84.40,85.90,88.50,88.80,91.10,89.60,89.30,91.20
Constellation Energy Corporation,CEG,61.20,30.60,73.80,80.00,63.40,37.20,43.20,#VALUE!,30.20,11.40,44.40,63.10,65.40,45.50,51.30,61.30,63.40,50.30,67.20,74.70,#VALUE!,#VALUE!,#VALUE!,#VALUE!,#VALUE!,#VALUE!,#VALUE!,#VALUE!
Illinois Tool Works Inc.,ITW,68.00,59.20,75.60,60.60,66.60,63.20,59.60,#VALUE!,60.00,55.40,53.20,56.50,58.40,59.70,59.60,59.50,59.50,55.30,48.10,40.10,38.00,38.20,42.30,52.00,48.00,49.00,52.30,53.70
Emerson Electric Co.,EMR,38.60,44.80,26.40,58.20,0.40,47.00,53.00,55.10,56.60,53.40,46.80,45.70,47.90,46.80,49.10,55.40,26.70,57.40,54.20,53.20,47.30,46.40,43.60,53.80,44.10,45.30,48.80,50.20
Northrop Grumman Corp.,NOC,16.60,15.20,30.40,22.40,25.00,2.00,31.00,#VALUE!,15.20,42.80,50.40,30.70,19.90,34.60,27.80,30.50,30.20,30.80,28.90,29.70,30.90,24.10,21.60,26.50,21.40,18.90,15.10,17.40
3m Company,MMM,57.60,0.40,73.40,52.20,56.20,53.60,0.40,#VALUE!,0.20,51.00,39.60,44.70,38.00,60.70,66.90,67.70,66.70,66.10,65.50,63.50,62.00,65.10,67.40,67.50,73.20,73.40,69.30,68.40
Capital One Financial,COF,22.40,2.00,61.40,4.40,6.00,4.20,53.40,#VALUE!,1.80,79.60,90.00,20.00,54.90,88.90,81.90,83.40,85.50,88.40,88.30,87.80,87.60,89.80,82.80,81.80,90.70,91.90,88.40,88.80
"O'reilly Automotive, Inc.",ORLY,44.60,100.00,38.60,43.80,46.80,54.00,52.60,100.00,47.00,48.20,50.20,55.10,48.10,49.00,48.50,52.60,52.90,49.30,44.40,44.50,42.20,38.60,27.30,22.90,33.20,31.60,36.50,32.30
Target Corporation,TGT,12.40,11.20,15.20,14.00,15.00,14.20,11.80,18.40,8.60,16.80,12.80,16.80,12.70,11.70,14.60,16.00,13.00,13.10,15.90,19.40,19.80,17.80,22.70,27.40,19.80,20.30,19.30,19.30
Csx Corporation,CSX,88.60,88.60,87.40,88.80,88.80,88.80,88.40,#VALUE!,88.80,89.40,90.60,93.00,92.80,89.10,87.60,86.30,86.20,81.50,82.60,82.90,80.40,82.00,81.50,78.70,76.10,1.80,1.40,1.90
Cvs Health Corporation,CVS,5.00,6.60,5.20,9.60,8.80,9.80,8.60,#VALUE!,6.60,7.40,9.60,14.00,8.20,7.90,8.90,11.00,11.00,11.40,10.90,12.90,10.20,13.00,18.10,20.20,14.10,11.10,11.90,10.00
"Air Products & Chemicals, Inc.",APD,78.80,44.40,83.60,74.20,72.60,74.00,80.00,54.10,76.20,71.00,77.00,86.60,83.50,76.10,74.60,79.10,71.70,65.70,64.60,63.90,64.40,67.50,59.90,62.80,54.50,51.70,53.70,54.00
Williams Companies Inc.,WMB,95.40,92.40,82.00,92.00,92.60,96.80,92.00,#VALUE!,92.60,90.80,87.40,95.60,93.40,84.80,63.10,64.80,54.50,92.90,55.20,58.00,87.00,43.20,54.00,76.00,66.40,34.90,40.50,41.20
"Becton, Dickinson and Co.",BDX,41.80,18.00,20.00,54.20,60.00,17.40,41.40,26.50,52.00,50.40,53.60,54.70,59.40,33.20,29.00,38.90,29.50,46.20,34.10,52.50,57.40,59.00,64.30,73.10,73.00,64.20,65.10,64.00
Autodesk Inc,ADSK,52.40,45.20,52.40,49.20,52.40,60.20,49.00,56.10,47.20,33.40,35.80,29.10,7.00,0.80,0.80,8.60,15.90,45.50,56.90,53.40,50.50,44.30,64.80,64.60,54.80,69.10,67.70,44.00
Marriot International Class A,MAR,29.40,33.20,28.60,37.40,29.00,25.00,27.80,#VALUE!,32.80,35.20,21.80,10.60,19.30,23.30,36.70,18.80,15.70,15.00,12.60,14.80,8.10,8.90,14.30,20.00,17.70,16.90,7.00,7.00
"Hca Healthcare, Inc.",HCA,39.20,37.40,35.40,39.60,41.00,48.40,35.60,#VALUE!,37.60,40.20,41.60,43.70,41.20,41.50,41.20,45.60,47.70,47.80,43.70,47.00,44.30,47.90,50.40,38.10,38.40,40.90,40.20,43.00
Fedex Corporation,FDX,19.20,20.20,18.20,22.60,20.60,18.80,20.80,30.60,15.80,17.00,17.00,18.20,20.10,7.70,22.10,18.20,15.30,24.10,26.60,25.30,20.70,22.10,67.00,33.40,5.00,3.00,8.40,7.70
General Motors Company,GM,22.00,21.40,23.20,26.80,28.00,19.80,10.40,#VALUE!,21.60,25.60,38.20,38.70,32.40,29.60,33.70,25.40,14.70,10.40,16.50,1.90,15.80,17.60,5.90,4.50,#VALUE!,#VALUE!,#VALUE!,#VALUE!
Freeport-Mcmoran Inc.,FCX,78.60,77.20,75.80,76.60,70.60,79.40,76.20,#VALUE!,77.60,82.20,84.00,57.90,23.10,74.70,72.40,2.00,0.20,60.10,84.10,83.30,89.80,92.60,93.00,2.20,88.90,89.10,90.50,77.40
Arthur J. Gallagher & Co.,AJG,57.40,55.00,49.20,52.60,69.20,49.00,57.40,#VALUE!,55.80,59.00,51.60,52.30,37.40,27.30,29.40,32.70,29.80,26.40,33.10,38.80,37.70,41.60,53.10,31.60,39.50,57.50,59.10,84.70
Carrier Global Corporation,CARR,29.60,20.00,38.20,27.40,22.00,31.60,25.60,#VALUE!,20.00,22.00,19.40,27.30,35.00,38.90,38.70,#VALUE!,#VALUE!,#VALUE!,#VALUE!,#VALUE!,#VALUE!,#VALUE!,#VALUE!,#VALUE!,#VALUE!,#VALUE!,#VALUE!,#VALUE!
"Oneok, Inc.",OKE,62.80,49.40,60.80,64.20,59.20,64.60,22.80,#VALUE!,50.40,27.40,37.40,73.10,56.10,41.30,31.00,47.40,47.90,20.60,14.00,23.80,19.20,18.70,28.60,17.50,11.40,9.20,5.30,20.90
"Ecolab, Inc.",ECL,53.80,38.60,65.40,45.80,43.60,28.60,29.40,#VALUE!,39.20,18.80,20.20,26.30,51.50,25.70,26.60,30.10,27.30,27.00,23.80,23.00,45.40,27.30,32.80,47.50,40.70,42.70,45.30,48.10
Schlumberger Limited,SLB,43.80,46.40,50.20,46.40,42.00,40.80,56.00,#VALUE!,47.80,51.80,18.20,15.20,14.30,14.40,13.00,13.30,35.50,48.00,41.80,42.00,38.60,54.00,50.00,79.40,81.10,79.00,70.00,65.10
Truist Financial Corporation,TFC,11.20,2.20,68.00,100.00,1.00,7.20,2.40,#VALUE!,2.00,0.80,1.60,4.80,1.60,1.20,1.00,1.60,2.30,1.50,1.50,1.30,80.20,77.70,84.10,96.90,99.80,98.40,95.80,95.80
"Fortinet, Inc.",FTNT,67.60,55.40,71.20,67.40,56.40,62.60,58.80,#VALUE!,56.20,50.60,42.60,50.10,39.20,31.40,15.20,11.20,8.50,17.50,26.80,52.70,55.40,47.10,31.50,12.10,3.00,2.80,#VALUE!,#VALUE!
Hilton Worldwide Holdings Inc.,HLT,46.60,48.40,45.40,54.40,47.40,38.80,8.40,#VALUE!,49.40,55.60,40.20,9.80,44.50,43.70,41.60,50.50,55.20,57.20,38.90,43.50,37.10,30.60,#VALUE!,#VALUE!,#VALUE!,#VALUE!,#VALUE!,#VALUE!
Norfolk Southern Corp.,NSC,90.20,85.20,95.80,87.20,26.00,1.60,56.40,#VALUE!,85.40,87.60,89.20,90.40,89.70,85.80,86.80,86.10,83.30,84.00,83.70,81.20,79.50,80.90,81.30,81.20,79.80,66.70,63.30,39.80
Paccar Inc,PCAR,34.20,34.60,29.20,31.00,39.20,44.20,39.00,#VALUE!,34.60,26.00,20.00,26.10,28.20,30.40,32.90,51.30,36.80,30.60,27.60,26.80,39.40,44.50,50.70,54.00,47.30,30.70,44.90,41.40
"Roper Technologies, Inc.",ROP,82.00,80.40,79.60,79.20,79.40,82.60,84.40,#VALUE!,81.00,80.00,77.20,77.80,77.50,74.30,76.10,77.70,81.00,77.10,74.70,71.90,68.20,65.30,65.90,67.90,61.80,62.80,58.80,57.90
"Airbnb, Inc. Class A",ABNB,31.80,45.60,77.80,34.80,11.40,0.40,89.40,#VALUE!,46.60,55.00,8.80,0.20,1.80,4.00,3.20,#VALUE!,#VALUE!,#VALUE!,#VALUE!,#VALUE!,#VALUE!,#VALUE!,#VALUE!,#VALUE!,#VALUE!,#VALUE!,#VALUE!,#VALUE!
"The Travelers Companies, Inc.",TRV,70.40,15.40,26.80,4.00,5.20,6.20,7.20,#VALUE!,15.40,19.20,21.40,20.80,17.50,21.30,23.30,42.90,54.30,59.70,60.30,37.10,15.40,55.70,65.00,55.20,70.20,69.30,26.00,14.40
Sempra,SRE,81.20,73.20,78.60,76.80,80.40,77.20,75.60,#VALUE!,73.00,68.00,75.60,83.40,83.90,76.90,78.10,81.20,77.10,69.90,69.50,61.80,70.60,60.50,77.50,48.90,45.70,47.30,28.60,48.80
"United Rentals, Inc.",URI,86.20,87.20,84.40,86.40,84.60,89.00,88.20,#VALUE!,87.40,87.20,83.20,88.20,88.70,86.60,87.00,89.00,90.50,88.60,88.10,85.90,79.30,73.50,69.40,77.80,68.60,75.80,79.30,87.70
Bank of New York Mellon Corporation,BK,77.40,46.00,81.00,68.00,60.20,14.80,59.80,#VALUE!,47.40,91.40,63.40,68.10,77.10,94.90,71.40,75.50,71.50,72.80,67.80,61.60,62.30,69.00,2.40,49.60,80.20,96.30,83.30,83.50
Johnson Controls International Plc,JCI,19.40,70.60,26.00,45.00,8.40,23.00,27.20,84.70,24.40,22.20,28.20,17.60,15.30,26.30,28.80,21.10,14.30,12.50,14.40,11.80,10.40,12.60,9.70,18.40,13.20,10.60,12.80,13.30
Nxp Semiconductors N.v.,NXPI,75.40,75.60,74.40,72.80,72.00,75.20,78.20,#VALUE!,75.80,78.40,71.40,62.90,68.00,65.40,67.10,50.90,50.40,73.20,63.80,60.30,56.70,52.70,7.50,6.50,#VALUE!,#VALUE!,#VALUE!,#VALUE!
Fair Isaac Corporation,FICO,84.40,85.40,81.40,83.20,86.60,83.40,84.60,93.90,83.80,82.60,55.00,73.70,55.30,53.40,54.80,54.20,62.20,64.90,67.60,70.50,75.30,67.70,70.90,65.50,60.00,72.70,73.30,77.00
"Digital Realty Trust, Inc.",DLR,85.80,85.00,83.40,86.80,87.20,86.00,85.00,#VALUE!,85.20,88.20,90.40,91.80,94.40,94.30,95.10,94.50,93.60,94.80,95.00,94.70,93.20,94.80,95.40,92.40,90.90,91.50,91.60,86.70
Aflac Inc.,AFL,4.00,63.00,8.80,3.60,5.40,16.40,76.60,#VALUE!,63.60,53.80,49.00,41.70,42.70,42.10,42.00,43.40,47.30,51.10,53.10,40.50,29.90,43.00,32.40,30.90,36.40,35.10,38.80,30.00
Royal Caribbean Group,RCL,73.60,67.00,81.60,74.80,65.20,64.20,80.20,#VALUE!,67.20,7.80,0.40,1.00,68.40,70.00,69.60,66.50,64.90,56.50,50.20,46.00,53.10,51.40,51.10,53.60,56.60,62.40,63.00,62.30
"Simon Property Group, Inc.",SPG,99.40,97.80,97.80,99.40,99.00,98.20,99.40,#VALUE!,98.00,99.80,99.60,99.40,99.20,99.00,99.20,99.40,99.00,99.40,99.40,98.90,98.50,99.30,98.90,96.20,94.80,93.30,92.80,93.30
"Ameriprise Financial, Inc.",AMP,45.00,42.00,33.60,50.00,77.20,39.60,39.20,#VALUE!,43.00,49.00,45.80,29.70,13.10,55.30,51.50,41.10,53.70,57.80,52.90,44.30,43.90,43.60,67.60,16.10,55.70,48.50,35.80,39.30
"W.W. Grainger, Inc.",GWW,30.80,30.40,30.80,29.20,32.20,30.40,33.80,#VALUE!,30.00,27.80,19.80,19.00,21.90,19.80,19.30,23.10,30.80,31.80,32.40,29.50,33.30,29.90,33.30,34.10,23.00,21.70,21.90,20.20
"Autozone, Inc.",AZO,48.80,48.20,46.80,48.80,48.40,46.60,46.40,59.20,38.20,40.60,37.00,42.70,38.20,41.70,49.70,51.90,53.30,54.70,55.00,45.10,43.70,42.50,55.10,53.40,49.50,48.00,49.80,51.40
Phillips 66,PSX,6.80,12.00,6.00,8.80,11.00,11.00,13.40,#VALUE!,11.80,11.00,6.60,7.40,8.00,10.30,6.70,6.30,10.30,4.80,5.20,7.60,4.50,4.80,7.90,#VALUE!,#VALUE!,#VALUE!,#VALUE!,#VALUE!
Public Storage,PSA,98.60,98.60,97.40,99.20,98.60,99.00,99.20,#VALUE!,98.80,99.00,98.80,99.00,98.80,98.80,99.00,98.80,98.60,99.20,98.70,98.30,97.40,98.50,97.60,93.90,92.50,90.50,92.30,93.70
"Kinder Morgan, Inc.",KMI,85.20,82.60,86.40,85.80,87.60,83.80,78.60,#VALUE!,82.60,42.60,75.00,89.40,68.60,68.80,63.70,82.80,79.30,73.80,66.30,70.00,78.50,65.70,79.50,62.60,#VALUE!,#VALUE!,#VALUE!,#VALUE!
Marathon Petroleum Corporation,MPC,10.40,19.00,11.00,12.80,15.40,15.00,19.60,#VALUE!,19.00,20.40,7.80,6.80,10.50,9.70,10.30,10.60,13.60,7.50,6.50,13.70,8.30,5.20,9.50,11.20,#VALUE!,#VALUE!,#VALUE!,#VALUE!
The Allstate Corporation,ALL,56.40,4.40,17.00,3.40,5.80,17.00,2.60,#VALUE!,3.80,2.00,4.00,25.30,18.30,12.10,20.30,14.30,16.50,26.20,20.30,23.60,6.00,7.60,11.50,4.70,42.00,51.30,9.80,31.20
"American Electric Power Company, Inc.",AEP,79.20,78.00,80.40,74.60,52.00,76.80,82.80,#VALUE!,78.20,76.20,78.60,84.40,78.70,72.30,79.70,77.50,76.70,74.20,75.70,76.80,71.40,72.70,78.40,74.20,68.20,65.10,64.40,65.80
Realty Income Corporation,O,99.80,99.60,98.60,99.60,99.80,99.60,99.80,#VALUE!,99.80,100.00,99.80,99.80,99.40,99.40,99.60,99.60,99.40,99.60,99.80,99.60,99.80,100.00,99.80,99.30,98.20,97.00,97.20,89.50
"L3harris Technologies, Inc.",LHX,35.80,33.60,31.60,27.80,25.80,49.40,35.20,#VALUE!,33.20,38.80,35.40,41.90,34.20,52.00,49.50,55.00,59.30,58.00,54.40,50.20,55.90,57.00,64.50,52.50,47.50,23.30,34.40,29.50
Vistra Corp.,VST,76.40,66.80,86.60,69.60,23.80,47.60,62.80,#VALUE!,67.00,8.60,8.60,76.40,72.20,48.40,54.20,38.40,61.60,65.90,63.60,75.10,#VALUE!,#VALUE!,#VALUE!,#VALUE!,#VALUE!,#VALUE!,#VALUE!,#VALUE!
Copart Inc,CPRT,79.80,82.40,74.00,83.00,82.20,85.20,84.80,91.80,82.80,85.00,86.40,86.20,83.10,79.10,79.30,81.80,79.50,69.20,75.90,79.70,78.70,80.70,82.60,82.10,88.40,80.80,84.40,82.10
Cummins Inc.,CMI,20.80,12.60,29.40,22.20,22.20,1.00,26.20,#VALUE!,12.60,15.80,15.80,22.60,21.30,18.20,18.50,20.70,20.70,23.50,22.40,26.60,33.50,24.30,17.00,29.60,19.30,23.80,20.50,14.00
D.R. Horton Inc.,DHI,31.40,31.80,31.40,33.00,31.20,30.60,38.20,48.00,31.60,47.40,34.60,28.50,18.70,19.60,16.60,18.60,15.50,17.90,18.00,11.40,3.20,6.50,3.70,3.40,4.80,24.70,42.60,33.70
"Dominion Energy, Inc.",D,89.00,90.40,89.80,81.00,87.00,87.20,86.60,#VALUE!,90.80,61.00,78.00,70.90,71.20,83.80,89.00,87.30,88.40,79.00,79.10,47.30,68.40,89.40,68.30,76.70,4.10,74.40,54.70,69.30
"Quanta Services, Inc.",PWR,12.00,11.40,16.40,14.40,13.60,15.40,12.80,#VALUE!,11.20,9.20,9.40,12.00,7.20,5.10,5.70,6.70,6.60,8.70,16.30,15.40,7.00,11.70,19.60,26.00,16.40,14.30,10.90,6.70
Newmont Corporation,NEM,48.00,1.40,75.20,84.60,82.80,76.00,67.20,#VALUE!,1.40,65.40,68.40,88.00,95.80,75.90,78.30,76.30,77.30,71.10,69.90,88.80,90.00,92.80,91.60,81.60,97.50,82.90,77.70,86.50
"American International Group, Inc.",AIG,51.60,36.80,87.00,0.60,80.80,3.80,45.60,#VALUE!,37.20,71.60,65.00,5.00,35.40,24.10,20.90,13.10,32.60,64.70,59.20,39.90,51.60,87.20,62.60,0.20,16.60,77.60,38.10,43.50
"Fidelity National Information Services, Inc.",FIS,64.60,64.20,69.20,78.80,78.40,74.80,79.80,#VALUE!,64.60,77.40,76.00,78.00,71.00,75.30,70.00,64.00,69.00,69.40,66.50,69.40,69.70,76.60,61.90,64.10,53.00,63.50,60.70,57.20
Fastenal Co,FAST,46.80,47.60,44.40,45.40,50.40,51.20,52.40,#VALUE!,48.80,48.80,47.20,53.90,51.30,53.00,52.90,53.60,58.90,58.40,59.40,58.60,56.30,52.50,46.90,57.80,50.90,48.30,50.00,47.90
"Metlife, Inc.",MET,3.40,8.20,20.60,12.00,12.60,9.00,4.00,#VALUE!,8.20,5.80,11.80,16.00,11.70,17.40,9.70,4.50,31.60,28.70,12.30,7.80,42.60,18.40,4.20,28.70,27.30,38.10,38.40,22.80
Paychex Inc,PAYX,84.80,85.60,84.00,79.40,88.60,85.80,85.80,#VALUE!,85.60,86.20,83.60,84.60,85.10,82.60,84.80,86.70,87.00,85.20,87.40,87.10,84.20,86.30,85.50,87.90,87.70,85.50,84.00,83.70
Ross Stores Inc,ROST,23.00,21.00,25.20,24.60,26.20,24.80,23.00,31.60,20.20,23.20,5.60,32.10,30.20,34.20,32.50,33.30,32.90,30.10,29.90,28.90,26.90,24.50,24.70,22.60,15.50,14.50,16.70,21.60
Te Connectivity Ltd,TEL,49.00,51.40,45.80,49.80,51.00,56.00,50.60,63.30,45.60,48.60,47.80,46.10,49.70,51.60,47.90,31.50,50.20,49.50,37.70,39.00,40.90,43.40,26.90,40.80,49.10,32.10,98.40,98.40
"Msci, Inc.",MSCI,96.40,96.60,95.20,95.60,93.00,99.40,96.60,#VALUE!,97.00,94.60,92.00,93.40,92.60,93.90,91.50,90.40,89.00,84.60,87.90,89.00,87.80,86.10,88.30,86.10,86.10,81.10,79.80,98.40
Howmet Aerospace Inc.,HWM,50.00,44.60,51.40,55.80,52.20,50.20,49.60,#VALUE!,46.00,38.40,43.00,46.50,25.60,20.20,39.80,22.10,39.00,39.70,2.30,2.10,21.30,21.50,6.40,7.80,4.50,3.50,3.30,3.30
Discover Financial Services,DFS,31.60,84.20,43.00,5.80,6.20,6.80,49.20,#VALUE!,84.40,95.60,96.00,37.50,80.10,93.10,93.70,95.10,95.50,96.30,98.30,97.90,98.70,89.20,93.40,90.60,85.50,93.80,88.10,84.20
Kenvue Inc.,KVUE,43.20,40.00,43.20,43.40,49.60,35.20,34.00,#VALUE!,41.00,45.80,54.20,92.60,58.10,#VALUE!,#VALUE!,#VALUE!,#VALUE!,#VALUE!,#VALUE!,#VALUE!,#VALUE!,#VALUE!,#VALUE!,#VALUE!,#VALUE!,#VALUE!,#VALUE!,#VALUE!
Crown Castle Inc.,CCI,94.20,94.60,94.60,93.20,94.20,94.20,95.20,#VALUE!,94.60,94.40,93.00,92.80,93.00,90.50,91.10,92.40,93.40,92.50,93.30,95.40,95.30,95.90,94.90,91.90,92.70,89.80,97.40,85.80
Pg&e Corporation,PCG,77.60,64.60,76.60,75.40,80.20,80.60,53.20,#VALUE!,65.00,64.20,61.40,74.30,66.00,73.30,77.30,67.30,63.00,70.50,63.20,65.20,66.10,75.50,74.70,74.70,73.90,75.10,74.90,96.50
Kimberly-Clark Corp.,KMB,39.80,25.20,54.80,34.40,43.00,36.60,27.40,#VALUE!,25.40,29.20,28.60,48.30,46.10,31.80,49.90,51.70,21.50,38.50,43.90,36.90,22.20,30.40,39.20,46.40,45.90,45.50,54.90,59.10
"Prudential Financial, Inc.",PRU,2.80,2.20,5.40,6.80,2.40,2.60,1.60,#VALUE!,2.00,2.40,14.00,6.00,4.60,14.80,22.30,21.50,34.10,9.60,1.90,3.80,27.50,22.30,25.80,7.00,33.40,34.40,37.70,27.70
"Ametek, Inc.",AME,66.60,65.80,63.40,66.40,62.20,69.80,58.40,#VALUE!,66.20,51.60,48.40,59.50,50.90,50.20,46.00,48.30,61.20,60.70,60.90,59.90,57.10,53.80,54.40,51.60,53.20,48.70,50.70,50.00
Valero Energy Corporation,VLO,8.40,15.00,7.20,10.40,14.00,12.20,14.40,#VALUE!,14.40,12.40,3.80,6.40,4.40,3.60,5.10,7.20,10.10,5.40,3.80,5.70,3.60,5.90,8.40,13.00,15.20,17.60,13.70,10.90
"Axon Enterprise, Inc.",AXON,11.60,18.20,8.00,15.40,15.60,22.80,28.60,#VALUE!,18.60,14.00,1.00,6.60,3.00,10.50,8.50,23.30,46.30,56.80,62.30,34.20,28.60,2.40,10.10,20.60,57.30,46.70,11.60,86.30
Ford Motor Company,F,7.60,10.00,9.80,12.20,12.80,4.40,22.40,#VALUE!,9.80,18.60,29.80,23.80,18.90,25.50,34.10,36.00,20.90,12.70,13.80,17.70,23.20,32.80,39.90,18.20,10.50,7.90,14.00,30.20
Baker Hughes Company,BKR,28.00,26.80,37.00,28.20,26.80,27.40,31.20,#VALUE!,26.60,13.80,13.40,31.10,20.50,19.00,13.60,24.50,39.90,34.50,#VALUE!,#VALUE!,#VALUE!,#VALUE!,#VALUE!,#VALUE!,#VALUE!,#VALUE!,#VALUE!,#VALUE!
Public Service Enterprise Group Incorporated,PEG,81.00,83.00,74.20,65.40,78.20,84.00,52.00,#VALUE!,83.20,66.40,72.00,82.80,81.70,79.80,83.20,79.80,86.60,81.70,81.00,79.10,76.10,76.40,77.10,69.30,70.70,53.60,52.80,56.30
Old Dominion Freight Line,ODFL,68.60,71.20,55.20,71.00,68.40,74.60,73.40,#VALUE!,71.20,71.20,65.40,66.90,59.60,59.50,53.50,53.00,55.00,50.50,47.50,43.00,38.40,32.10,35.20,38.30,32.70,35.30,33.30,31.60
"Cencora, Inc.",COR,3.00,4.20,4.60,7.60,7.80,6.00,5.40,6.10,4.00,3.20,3.20,7.20,3.20,2.00,2.80,3.50,3.30,2.50,2.50,2.30,2.60,3.90,7.30,8.50,5.50,4.20,4.40,4.90
Republic Services Inc.,RSG,65.20,62.00,61.60,65.20,65.00,66.80,64.20,#VALUE!,62.60,59.80,58.40,66.30,63.00,63.80,64.50,67.10,69.60,63.60,68.60,67.30,69.50,70.50,72.90,66.60,65.20,68.80,65.30,65.30
Targa Resources Corp.,TRGP,53.00,52.80,57.20,60.40,48.20,51.80,46.60,#VALUE!,53.40,21.20,18.60,94.40,37.60,22.50,29.80,10.20,16.70,11.20,8.20,9.70,11.50,11.30,20.00,14.10,#VALUE!,#VALUE!,#VALUE!,#VALUE!
Ingersoll Rand Inc.,IR,56.60,53.20,54.00,56.20,34.00,56.40,37.20,#VALUE!,53.80,44.20,36.60,23.00,38.40,55.10,18.70,37.40,40.70,45.10,46.90,#VALUE!,#VALUE!,#VALUE!,#VALUE!,#VALUE!,#VALUE!,#VALUE!,#VALUE!,#VALUE!
"Gartner, Inc.",IT,57.20,43.20,78.20,47.00,47.80,43.40,44.40,#VALUE!,44.40,52.00,49.60,37.10,24.70,31.00,18.30,37.00,37.60,38.00,37.20,38.20,38.20,36.40,37.20,40.10,30.20,25.90,22.30,16.00
Lennar Corporation Class A,LEN,25.40,29.20,24.20,24.20,21.80,35.80,33.00,#VALUE!,28.40,46.00,42.40,26.70,16.50,11.90,16.80,20.40,22.30,23.30,24.10,13.10,100.00,6.90,3.10,5.80,2.50,7.40,36.00,25.80
"Cbre Group, Inc.",CBRE,8.20,7.80,10.20,9.80,10.00,13.60,8.80,#VALUE!,7.80,9.00,13.60,13.80,12.10,12.60,18.10,15.70,19.20,21.20,25.10,25.70,22.00,22.60,17.40,23.30,34.50,37.40,35.30,26.50
"Delta Air Lines, Inc.",DAL,25.00,25.40,18.60,31.40,9.60,16.00,19.80,#VALUE!,25.60,10.00,10.60,3.00,23.30,18.80,25.60,39.90,43.20,9.40,15.30,12.00,18.10,26.90,13.90,17.00,65.00,12.90,1.90,20.00
Otis Worldwide Corporation,OTIS,26.40,30.20,17.40,30.40,34.40,31.40,34.20,#VALUE!,29.80,28.00,26.60,28.70,30.40,30.60,35.70,#VALUE!,#VALUE!,#VALUE!,#VALUE!,#VALUE!,#VALUE!,#VALUE!,#VALUE!,#VALUE!,#VALUE!,#VALUE!,#VALUE!,#VALUE!
"Verisk Analytics, Inc.",VRSK,91.60,90.60,91.00,92.40,91.60,90.60,91.20,#VALUE!,91.00,98.00,85.80,91.00,82.10,87.40,89.20,93.70,92.40,89.80,90.00,89.20,87.20,88.30,82.40,86.30,86.60,#VALUE!,#VALUE!,#VALUE!
"Corteva, Inc.",CTVA,24.00,34.80,1.20,65.80,51.80,21.60,1.80,#VALUE!,34.80,34.40,52.20,32.50,13.70,65.00,4.70,12.30,#VALUE!,#VALUE!,#VALUE!,#VALUE!,#VALUE!,#VALUE!,#VALUE!,#VALUE!,#VALUE!,#VALUE!,#VALUE!,#VALUE!
Cognizant Technology Solutions,CTSH,34.40,31.20,33.00,33.40,35.40,41.80,38.60,#VALUE!,31.00,36.80,33.20,39.10,42.90,48.00,45.00,48.10,49.80,50.10,51.70,51.30,51.40,53.60,59.50,60.50,51.10,51.00,57.90,58.10
Edwards Lifesciences Corp,EW,62.60,63.20,60.00,62.00,69.40,54.80,61.40,#VALUE!,63.80,71.40,59.40,82.60,69.00,79.60,65.90,68.90,64.50,1.20,42.70,56.50,45.00,52.10,49.80,35.90,57.50,57.30,68.60,77.90
Dell Technologies Inc.,DELL,14.00,14.40,16.20,13.60,20.00,19.00,17.00,23.50,12.40,13.00,15.20,19.20,13.50,11.50,7.70,5.30,6.80,#VALUE!,#VALUE!,#VALUE!,#VALUE!,#VALUE!,#VALUE!,#VALUE!,#VALUE!,#VALUE!,#VALUE!,#VALUE!
The Kroger Co.,KR,7.00,6.20,8.60,11.00,12.20,10.60,5.00,10.20,7.60,5.40,6.40,9.20,5.20,3.40,6.10,7.40,7.00,5.20,5.90,5.50,5.50,7.40,11.90,14.30,9.50,7.60,8.10,8.60
Monster Beverage Corporation,MNST,59.80,60.60,53.80,61.20,62.00,60.00,61.00,#VALUE!,61.40,53.60,66.40,78.20,73.00,76.70,81.10,81.60,54.10,74.40,66.10,66.90,65.00,66.20,73.10,42.60,63.00,67.90,71.60,49.50
Hess Corporation,HES,91.80,88.00,87.80,94.40,95.00,86.60,91.00,#VALUE!,88.20,90.20,88.00,80.40,85.90,81.60,70.60,3.30,0.60,41.80,24.70,20.50,30.10,45.30,35.70,47.10,39.10,42.30,34.90,37.70
Agilent Technologies Inc.,A,63.00,52.00,58.20,57.00,59.80,67.00,23.40,#VALUE!,52.60,59.40,57.20,53.50,54.10,58.50,57.20,48.50,46.90,35.30,46.70,52.30,49.00,31.20,12.30,44.80,30.70,15.90,8.60,15.80
Ge Healthcare Technologies Inc.,GEHC,35.20,33.80,36.20,30.00,32.60,34.40,39.80,#VALUE!,33.40,34.00,37.20,44.90,34.60,#VALUE!,#VALUE!,#VALUE!,#VALUE!,#VALUE!,#VALUE!,#VALUE!,#VALUE!,#VALUE!,#VALUE!,#VALUE!,#VALUE!,#VALUE!,#VALUE!,#VALUE!
Vulcan Materials Company,VMC,57.00,57.00,49.40,64.40,44.40,60.60,59.40,#VALUE!,58.00,45.20,50.60,60.70,55.90,57.90,56.20,63.40,60.30,45.30,35.10,28.70,34.30,25.20,56.20,80.50,69.80,66.10,60.00,60.50
Charter Comm Inc Del Cl a,CHTR,79.00,78.40,75.40,79.00,78.00,78.40,20.20,#VALUE!,78.60,79.00,76.40,81.20,77.30,76.30,77.70,78.70,74.20,76.90,74.90,78.10,77.00,79.00,100.00,24.90,4.30,5.50,23.50,1.20
"Yum! Brands, Inc.",YUM,70.60,76.60,67.40,74.00,70.80,72.20,77.00,#VALUE!,77.00,70.20,70.20,65.70,78.50,72.70,71.60,56.20,51.00,50.90,25.50,53.80,56.90,54.70,55.90,50.00,43.20,45.00,41.60,44.90
Exelon Corporation,EXC,74.00,75.00,70.40,69.40,69.60,79.80,73.60,#VALUE!,75.00,78.80,90.20,72.90,72.60,61.70,69.00,68.10,68.40,61.70,74.30,68.60,78.30,78.70,87.70,85.20,75.20,81.30,72.60,79.80
Sysco Corporation,SYY,7.20,7.60,9.40,11.60,11.20,10.20,90.80,12.20,6.20,4.80,5.80,8.40,6.40,5.30,7.10,7.00,5.40,5.60,6.70,9.10,8.50,9.80,14.50,15.20,10.00,8.10,9.30,8.80
Electronic Arts Inc,EA,54.60,56.60,53.60,57.20,58.00,41.60,41.00,67.30,60.60,48.40,42.80,66.70,53.50,67.60,65.30,59.70,63.80,6.70,9.40,11.60,4.30,2.60,22.00,18.80,12.50,37.60,61.90,70.90
"Xcel Energy, Inc.",XEL,81.60,74.80,84.80,78.00,77.00,79.00,83.80,#VALUE!,74.80,66.80,66.80,78.40,74.20,69.80,72.80,73.00,68.60,63.40,65.10,65.80,62.90,64.20,65.20,57.20,57.00,53.30,50.90,56.00
Nucor Corporation,NUE,27.20,42.60,17.20,26.20,37.40,36.40,42.80,#VALUE!,43.40,60.00,58.60,21.40,19.70,34.40,21.50,23.70,16.90,15.80,11.30,15.20,15.60,10.20,9.00,37.90,40.90,57.00,50.50,50.50
Corning Incorporated,GLW,35.60,42.80,14.60,41.80,41.60,7.60,11.20,#VALUE!,43.80,46.40,56.00,37.70,53.30,62.80,68.80,71.40,70.90,91.50,89.30,86.70,91.90,97.00,93.80,83.20,72.00,69.70,66.30,95.30
Martin Marietta Materials,MLM,64.40,68.60,68.80,64.60,49.40,69.60,75.20,#VALUE!,68.80,62.00,57.00,68.30,60.00,58.70,60.60,62.00,52.50,46.40,40.00,35.20,47.50,53.40,59.70,63.20,61.60,60.50,55.60,50.90
Arch Capital Group Ltd,ACGL,60.60,51.80,47.00,5.20,7.40,9.20,55.40,#VALUE!,52.40,37.20,54.80,41.10,62.20,43.90,39.10,40.10,33.30,56.30,55.60,42.20,32.00,67.00,68.90,28.00,63.60,57.70,17.40,21.90
Iqvia Holdings Inc.,IQV,42.40,43.40,40.20,43.20,44.20,51.00,51.60,#VALUE!,44.60,41.80,38.40,42.10,39.60,40.70,40.20,35.20,26.00,24.70,18.80,19.60,19.00,25.60,#VALUE!,#VALUE!,#VALUE!,#VALUE!,#VALUE!,#VALUE!
Microchip Technology Inc,MCHP,73.80,86.00,58.40,68.20,71.00,67.20,80.60,94.90,86.00,82.00,73.00,74.90,62.00,78.90,54.60,59.30,68.00,70.30,56.50,71.50,74.80,66.40,86.80,88.10,88.20,87.50,86.70,82.60
Keurig Dr Pepper Inc.,KDP,61.40,58.20,59.60,60.80,57.20,66.20,60.40,#VALUE!,59.20,52.40,60.00,63.30,63.40,54.00,56.40,62.80,61.00,59.50,30.10,56.80,53.50,56.60,63.90,57.00,52.70,63.70,76.00,70.70
"Constellation Brands, Inc.",STZ,27.40,66.20,0.80,77.20,71.20,77.00,78.80,79.60,71.60,77.20,73.20,76.80,74.40,74.50,73.80,70.10,67.80,95.00,57.90,65.00,55.20,58.40,66.70,83.60,38.90,47.60,43.70,47.00
Hp Inc.,HPQ,13.60,11.60,14.80,16.00,16.20,20.20,17.20,#VALUE!,11.40,15.00,13.80,16.40,13.30,11.10,12.60,14.90,32.40,24.30,21.50,68.10,24.90,29.70,37.70,31.20,20.70,19.40,19.50,17.00
Lululemon Athletica Inc.,LULU,58.80,58.40,54.40,52.80,68.20,61.00,48.00,70.40,57.60,47.00,49.40,61.30,47.50,44.30,37.10,40.50,50.80,73.60,73.20,74.90,68.70,61.00,59.30,59.40,44.50,11.30,98.40,6.00
Resmed Inc.,RMD,73.00,71.80,72.00,73.20,73.80,81.40,63.80,85.70,68.00,70.00,71.20,75.80,72.00,66.00,65.70,68.30,70.20,66.90,61.70,57.40,57.80,57.70,60.80,66.10,46.80,71.60,77.90,71.60
Idexx Laboratories Inc,IDXX,70.20,70.80,70.20,62.20,71.60,62.40,64.00,#VALUE!,70.80,56.80,61.20,59.30,52.10,50.60,46.70,45.20,45.20,39.50,44.10,50.40,47.10,44.70,45.80,45.30,47.70,55.70,56.00,58.40
M&t Bank Corp.,MTB,68.40,82.80,80.20,7.00,1.80,72.80,81.00,#VALUE!,83.00,78.60,81.20,69.10,85.30,91.30,91.30,91.20,89.90,88.80,90.60,91.10,87.40,91.30,89.40,97.80,99.50,99.10,96.50,94.70
"General Mills, Inc.",GIS,39.00,42.40,39.00,41.20,42.40,52.00,48.80,53.10,27.40,37.80,47.40,46.90,50.10,49.60,52.30,46.40,51.20,43.90,45.80,45.80,55.00,52.90,53.70,54.90,52.50,54.00,48.60,57.00
Wabtec Inc.,WAB,40.80,35.40,42.00,41.40,47.20,44.60,36.00,#VALUE!,35.80,33.60,24.20,25.90,16.30,17.60,24.30,34.80,43.60,41.60,38.70,37.60,31.30,30.20,41.20,41.30,34.30,29.30,24.20,19.10
"Extra Space Storage, Inc.",EXR,97.20,97.20,96.20,98.20,97.00,97.20,98.40,#VALUE!,97.60,98.80,98.20,98.40,97.80,97.60,98.60,99.00,97.50,98.10,99.00,98.10,91.70,92.00,90.70,91.50,89.50,88.20,86.50,87.90
"Dupont De Nemours, Inc.",DD,34.80,48.60,2.60,48.60,48.00,54.40,4.40,#VALUE!,49.60,56.60,40.00,63.90,39.80,25.10,19.10,31.10,60.50,19.50,28.70,16.20,14.10,27.50,20.90,20.90,22.00,29.10,34.70,26.30
"The Hartford Financial Services Group, Inc.",HIG,33.80,26.60,28.80,3.80,5.00,2.80,22.20,#VALUE!,26.40,22.60,19.00,18.40,19.50,26.70,1.20,12.70,28.70,14.60,2.90,4.00,9.00,34.10,5.70,2.50,48.90,39.00,30.20,27.00
Iron Mountain Inc.,IRM,80.20,63.80,90.80,68.40,70.00,78.60,71.60,#VALUE!,64.20,73.40,78.80,72.10,73.20,74.90,76.30,71.00,70.50,72.60,68.20,67.90,74.60,74.60,72.00,70.00,63.40,64.70,67.90,68.10
Occidental Petroleum Corporation,OXY,87.80,89.40,74.60,91.40,89.60,87.00,77.20,#VALUE!,89.80,94.20,90.80,85.40,89.30,89.50,84.60,75.10,85.70,93.30,84.90,76.20,93.80,94.10,93.60,93.70,89.80,89.40,87.90,87.00
"Consolidated Edison, Inc.",ED,79.60,73.00,75.00,64.80,80.00,73.40,76.80,#VALUE!,72.80,67.80,70.60,79.00,75.10,68.00,73.60,69.70,67.60,62.60,65.90,65.40,59.70,56.80,56.60,40.40,44.80,45.70,46.00,46.00
Humana Inc.,HUM,4.20,6.00,6.20,3.20,10.20,3.00,9.00,#VALUE!,6.00,5.60,7.20,14.60,8.70,4.90,11.80,5.50,7.60,7.90,8.60,9.90,9.20,8.50,14.10,11.70,9.80,6.70,6.50,5.80
"Diamondback Energy, Inc.",FANG,97.80,98.00,95.40,97.40,98.80,98.60,98.60,#VALUE!,98.20,99.60,99.20,98.00,99.80,86.40,90.90,77.90,37.00,85.90,88.90,95.10,99.60,96.70,98.00,#VALUE!,#VALUE!,#VALUE!,#VALUE!,#VALUE!
"Equifax, Incorporated",EFX,64.80,65.00,58.60,65.60,63.20,68.60,66.60,#VALUE!,65.60,68.80,66.20,68.70,2.80,52.80,74.80,78.90,78.50,79.60,77.40,73.80,73.30,75.10,75.30,78.50,78.90,77.40,77.40,75.60
"Avalonbay Communities, Inc.",AVB,94.60,94.40,93.40,96.20,95.20,94.80,94.40,#VALUE!,94.40,96.40,95.60,96.40,97.20,96.40,98.20,97.80,97.90,99.00,96.70,96.80,93.60,93.70,95.80,99.60,91.60,90.10,91.40,91.90
"Nasdaq, Inc.",NDAQ,74.40,73.80,66.60,73.00,73.40,37.40,54.60,#VALUE!,73.60,64.00,69.00,65.90,71.80,66.80,71.20,70.60,73.30,67.80,68.80,66.00,61.60,60.30,61.70,63.70,3.40,25.60,63.70,61.20
Vici Properties Inc.,VICI,100.00,99.80,99.00,99.80,99.60,100.00,99.60,#VALUE!,100.00,97.40,100.00,100.00,99.60,99.20,92.30,34.20,34.30,31.60,#VALUE!,#VALUE!,#VALUE!,#VALUE!,#VALUE!,#VALUE!,#VALUE!,#VALUE!,#VALUE!,#VALUE!
Garmin Ltd,GRMN,58.60,49.00,61.80,53.60,54.40,56.60,56.80,#VALUE!,50.00,52.60,60.20,65.30,65.20,60.30,58.40,59.10,57.40,66.30,59.60,64.10,58.40,68.30,73.30,68.80,72.70,78.80,78.80,84.00
Dow Inc.,DOW,14.40,12.80,19.40,18.80,24.20,10.80,17.60,#VALUE!,12.80,30.00,40.60,37.90,31.00,44.70,33.10,34.60,23.60,#VALUE!,#VALUE!,#VALUE!,#VALUE!,#VALUE!,#VALUE!,#VALUE!,#VALUE!,#VALUE!,#VALUE!,#VALUE!
Edison International,EIX,80.80,74.00,70.60,75.00,56.00,84.40,58.20,#VALUE!,74.00,55.20,56.20,55.70,71.60,20.40,79.50,81.00,80.80,76.70,73.40,76.60,72.50,73.80,76.40,71.50,66.10,70.00,66.00,53.00
Entergy Corporation,ETR,78.20,80.60,89.20,78.40,71.80,68.20,88.00,#VALUE!,81.20,62.40,77.60,86.00,81.30,61.90,73.00,21.30,31.20,78.40,72.60,72.20,80.00,81.10,78.90,69.50,68.90,59.10,65.60,63.30
Willis Towers Watson Public Limited Companys,WTW,55.20,52.60,39.60,34.60,50.80,61.20,11.00,#VALUE!,53.20,50.00,79.40,58.90,56.50,47.60,43.20,42.70,49.20,54.50,57.50,23.40,52.70,66.80,68.50,57.40,63.90,55.40,51.90,74.00
Centene Corporation,CNC,4.60,5.40,5.80,9.00,9.20,3.20,5.80,#VALUE!,5.20,4.00,4.80,8.80,4.20,2.80,4.90,4.90,4.50,4.00,4.40,3.60,5.80,7.20,11.20,13.50,6.40,3.20,9.10,13.00
Fifth Third Bancorp,FITB,43.60,81.80,79.00,2.60,4.40,8.20,81.20,#VALUE!,82.20,92.00,88.80,70.10,88.30,94.70,92.70,90.80,92.80,90.90,92.90,91.60,89.60,80.30,83.70,5.20,98.60,99.30,96.30,95.10
"Monolithic Power Systems, Inc.",MPWR,54.80,61.60,57.00,49.60,49.00,55.40,61.20,#VALUE!,62.20,64.80,46.00,48.10,34.80,44.50,33.90,26.20,22.50,9.80,14.20,8.40,13.40,30.80,31.90,43.50,59.80,74.10,29.30,41.90
"Rockwell Automation, Inc.",ROK,37.80,37.20,35.60,33.20,40.80,37.80,50.80,49.00,41.40,41.00,38.00,45.50,35.20,55.50,44.60,46.80,52.10,48.60,41.40,43.90,41.60,34.50,27.10,47.80,43.60,46.40,47.70,40.00
"Wec Energy Group, Inc.",WEC,82.80,79.00,81.80,79.60,86.20,79.60,85.60,#VALUE!,79.20,73.00,74.80,84.00,78.30,72.50,80.30,80.60,77.50,75.30,78.00,78.30,63.80,68.50,68.10,7.20,53.60,50.80,57.40,52.80
Costar Group Inc,CSGP,9.00,27.80,13.80,8.20,3.20,30.20,25.40,#VALUE!,27.20,58.20,62.60,56.90,74.60,67.80,57.80,38.70,3.70,26.80,21.80,13.50,27.70,38.00,45.40,58.10,28.20,37.00,44.20,45.10
Ebay Inc,EBAY,61.80,52.40,73.60,59.80,67.40,53.40,0.60,#VALUE!,53.00,61.20,92.40,74.10,64.60,62.60,69.20,75.90,77.70,68.00,70.90,69.60,67.60,73.10,69.60,79.60,79.10,78.30,81.60,82.80
Tractor Supply Co,TSCO,20.60,20.40,21.40,28.00,18.80,21.80,20.40,#VALUE!,20.40,19.40,17.60,21.80,17.10,16.40,17.20,20.90,20.50,21.00,19.90,21.70,16.80,15.20,17.80,16.80,14.30,13.40,14.40,12.80
Xylem Inc,XYL,37.40,32.40,38.80,37.20,33.20,36.00,10.80,#VALUE!,32.00,21.80,26.40,31.50,37.20,38.50,34.90,32.10,34.50,34.70,27.20,35.70,29.40,37.30,36.60,#VALUE!,#VALUE!,#VALUE!,#VALUE!,#VALUE!
Ansys Inc,ANSS,72.20,71.00,65.80,72.20,40.20,88.40,34.80,#VALUE!,71.00,63.80,60.40,71.30,78.10,80.40,80.90,84.30,84.30,83.80,89.10,84.60,89.30,90.00,91.40,89.70,86.80,87.30,82.80,64.70
"Raymond James Financial, Inc.",RJF,36.20,68.00,65.20,35.80,41.20,97.00,97.20,81.60,95.80,47.60,36.20,30.10,41.60,42.50,31.60,35.60,37.80,37.40,27.40,28.10,33.70,28.40,27.50,38.80,35.00,34.20,25.60,23.70
On Semiconductor Corp,ON,76.00,79.20,71.40,73.80,74.20,81.60,81.80,#VALUE!,79.40,81.40,62.40,44.30,22.90,33.40,27.60,15.10,18.80,17.70,16.90,15.80,10.70,46.00,27.80,29.40,59.30,64.40,56.50,79.30
"Cardinal Health, Inc.",CAH,3.20,4.00,5.00,7.40,7.60,5.60,5.20,5.10,3.60,2.80,3.40,7.60,3.60,2.40,4.10,4.30,4.10,3.50,3.30,4.40,2.80,4.10,8.60,9.60,6.60,5.30,6.30,6.30
"United Airlines Holdings, Inc.",UAL,23.80,24.40,28.00,32.80,13.20,23.60,24.60,#VALUE!,24.60,7.20,2.60,1.20,15.90,12.80,13.80,25.80,24.60,7.70,6.10,6.10,18.60,23.00,16.50,6.10,5.90,9.70,99.80,5.10
"Global Payments, Inc.",GPN,72.80,78.80,56.20,84.40,76.80,82.00,83.60,#VALUE!,79.00,76.40,73.40,77.00,75.70,80.60,60.90,48.70,51.70,53.20,52.30,49.60,45.20,58.10,65.60,67.30,60.70,64.00,67.00,66.70
Take-Two Interactive Software Inc,TTWO,0.20,0.20,2.20,24.00,96.40,27.00,0.20,0.00,22.40,43.60,49.80,50.30,40.00,30.00,42.60,17.20,1.70,71.70,51.90,17.30,53.70,3.70,54.20,15.90,3.90,27.70,22.80,45.60
"Ppg Industries, Inc.",PPG,29.80,23.60,32.20,34.00,29.80,13.80,29.60,#VALUE!,23.60,21.60,23.20,34.50,32.60,28.70,35.10,16.60,38.40,25.20,29.50,30.60,31.80,31.50,30.80,26.70,30.90,39.30,47.40,36.70
State Street Corporation,STT,33.40,60.80,62.80,1.60,3.40,21.40,44.60,#VALUE!,61.60,83.00,59.80,61.70,59.80,84.60,84.00,77.30,77.90,79.20,83.10,82.70,78.90,70.30,1.80,90.80,94.10,96.10,93.30,90.00
The Kraft Heinz Company,KHC,26.20,40.60,5.60,51.80,53.80,54.60,15.80,#VALUE!,42.00,44.40,49.20,60.10,53.90,51.80,61.30,55.20,21.30,21.40,64.40,30.00,41.40,46.60,#VALUE!,#VALUE!,#VALUE!,#VALUE!,#VALUE!,#VALUE!
Hewlett Packard Enterprise Company,HPE,31.20,34.20,28.40,27.60,36.40,37.00,39.60,#VALUE!,33.80,43.40,32.00,52.50,51.70,22.70,47.50,29.70,44.00,37.80,34.30,89.70,#VALUE!,#VALUE!,#VALUE!,#VALUE!,#VALUE!,#VALUE!,#VALUE!,#VALUE!
"Keysight Technologies, Inc.",KEYS,48.60,65.20,44.00,49.40,50.20,60.80,71.00,#VALUE!,65.80,62.80,57.40,64.10,57.30,37.20,28.00,42.50,42.40,44.50,47.10,61.00,59.10,3.30,#VALUE!,#VALUE!,#VALUE!,#VALUE!,#VALUE!,#VALUE!
"Nvr, Inc.",NVR,41.00,40.20,38.40,31.80,43.40,31.00,44.80,#VALUE!,41.60,45.40,32.60,29.90,24.90,21.50,23.90,19.20,19.60,18.50,17.40,16.50,11.90,20.00,28.20,12.30,17.00,31.40,49.30,46.30
"Dexcom, Inc.",DXCM,52.80,54.80,47.20,41.00,43.20,66.00,45.20,#VALUE!,55.60,23.60,14.80,45.10,16.90,1.00,1.60,1.00,1.00,1.00,0.40,0.40,0.40,0.40,0.70,0.70,0.20,0.00,3.30,3.30
Dover Corporation,DOV,61.00,39.00,51.20,42.40,39.60,48.60,47.20,#VALUE!,40.00,40.40,36.80,40.50,37.80,33.00,33.50,33.50,39.50,46.60,49.60,48.10,46.10,43.80,38.30,46.90,38.00,40.00,30.70,31.90
"Pultegroup, Inc.",PHM,45.40,43.80,39.40,46.00,44.80,51.40,45.00,#VALUE!,45.00,44.80,34.40,35.50,23.90,21.90,17.80,25.20,27.90,21.60,14.90,7.00,2.10,1.50,93.20,3.60,2.70,16.40,36.70,28.10
"Leidos Holdings, Inc.",LDOS,19.60,8.80,24.00,21.40,21.60,20.60,2.00,#VALUE!,8.40,14.80,14.20,18.00,16.10,15.00,14.00,14.10,14.50,11.90,9.20,13.90,4.70,16.30,20.70,21.10,15.00,13.20,13.50,11.20
Deckers Outdoor Corp,DECK,44.40,50.80,33.20,34.20,38.80,72.60,50.40,61.20,38.00,38.60,41.80,39.30,38.60,24.50,4.50,18.40,30.00,32.20,32.20,57.60,64.20,61.20,64.10,65.90,58.00,51.50,53.30,48.60
"Ventas, Inc.",VTR,80.00,81.00,76.00,77.60,75.60,83.60,79.60,#VALUE!,81.60,81.00,82.20,88.80,90.90,87.70,92.50,93.30,94.00,93.80,94.60,93.70,97.90,96.30,97.10,94.20,95.20,97.50,98.10,94.40
Fortive Corporation,FTV,64.20,56.40,53.40,59.20,54.00,72.00,59.00,#VALUE!,57.40,53.20,48.00,45.30,40.20,50.80,52.70,54.40,58.70,54.30,54.80,56.10,#VALUE!,#VALUE!,#VALUE!,#VALUE!,#VALUE!,#VALUE!,#VALUE!,#VALUE!
Halliburton Company,HAL,41.20,41.60,37.40,45.20,46.00,61.60,48.20,#VALUE!,42.60,29.60,28.80,3.80,6.00,33.60,23.70,0.60,7.90,54.90,35.40,49.20,60.80,58.80,55.30,61.70,64.80,40.40,31.90,9.50
"Brown & Brown, Inc.",BRO,71.80,72.60,70.00,73.40,75.40,69.20,72.20,#VALUE!,72.40,68.20,68.20,71.10,67.20,67.00,72.20,74.80,76.40,77.30,77.00,77.40,77.60,79.40,80.60,80.30,84.80,84.50,80.70,80.50
Mettler-Toledo International,MTD,67.80,66.60,65.00,66.00,64.40,67.60,69.00,#VALUE!,66.80,66.60,63.00,67.30,62.60,61.30,60.20,58.10,59.10,53.80,52.70,50.60,44.10,48.20,39.40,48.20,37.30,33.00,42.80,34.00
Cdw Corporation,CDW,13.00,13.00,16.80,15.60,14.80,15.60,13.20,#VALUE!,13.00,9.80,10.00,11.80,7.60,6.30,7.90,8.40,8.70,7.30,6.30,12.20,12.80,10.00,22.20,72.60,10.70,10.40,12.60,10.20
Broadridge Financial Solutions Inc,BR,50.20,50.00,34.20,66.20,53.60,27.60,29.80,60.20,39.40,38.00,35.00,40.70,39.40,35.80,31.80,46.60,48.10,44.10,25.90,33.30,23.90,44.90,55.50,52.90,46.40,43.90,#VALUE!,#VALUE!
"Church & Dwight Co., Inc.",CHD,30.60,43.00,2.00,53.80,53.20,36.20,46.00,#VALUE!,44.20,25.20,52.60,57.30,52.70,51.20,52.10,56.90,56.80,55.90,55.90,54.40,52.50,53.10,58.40,51.30,34.80,32.60,43.50,37.40
The Hershey Company,HSY,55.80,57.20,44.60,46.20,64.60,53.80,54.20,#VALUE!,58.20,39.20,41.20,47.50,45.70,46.40,55.20,35.80,42.80,45.70,43.10,39.20,40.30,41.20,43.20,29.80,65.90,63.30,64.90,62.10
T Rowe Price Group Inc,TROW,83.60,75.80,78.00,86.60,81.40,52.60,72.60,#VALUE!,76.00,87.00,84.20,79.40,72.80,84.00,80.70,85.70,89.50,89.60,90.40,89.50,88.90,90.20,87.00,87.20,87.30,86.10,85.10,84.40
"Tyler Technologies, Inc.",TYL,43.00,38.00,44.80,42.00,43.80,42.80,21.40,#VALUE!,38.60,41.40,36.00,53.10,47.30,53.20,60.40,57.70,52.70,55.50,44.60,45.40,42.00,46.20,51.80,39.70,36.80,35.80,33.70,41.60
Eqt Corp,EQT,92.60,99.00,57.60,23.20,85.80,91.00,0.80,#VALUE!,99.20,96.60,79.00,2.40,3.40,39.70,63.30,4.70,33.70,87.10,77.80,70.70,99.10,93.90,89.20,82.50,53.40,81.80,68.10,52.30
"American Water Works Company, Inc",AWK,92.20,92.00,93.20,93.00,90.00,90.80,95.00,#VALUE!,92.20,92.20,88.60,90.80,91.30,88.50,90.70,88.80,90.90,89.40,90.20,88.60,85.10,84.80,84.60,13.20,21.60,63.00,98.40,2.80
Synchrony Financial,SYF,18.60,91.40,69.60,94.20,96.20,38.60,29.00,#VALUE!,91.60,75.60,94.00,44.10,82.70,85.00,83.00,88.30,91.50,90.20,79.70,86.30,88.30,#VALUE!,#VALUE!,#VALUE!,#VALUE!,#VALUE!,#VALUE!,#VALUE!
"Corpay, Inc.",CPAY,91.40,90.80,90.40,91.60,90.40,91.80,93.40,#VALUE!,91.20,90.40,91.20,92.20,94.00,92.10,90.50,92.00,91.70,92.70,93.70,#VALUE!,#VALUE!,#VALUE!,#VALUE!,#VALUE!,#VALUE!,#VALUE!,#VALUE!,#VALUE!
Godaddy Inc,GDDY,48.20,36.60,56.00,44.00,45.00,50.00,43.40,#VALUE!,37.00,33.80,23.40,5.60,26.20,27.70,37.30,16.20,12.00,9.10,2.70,1.70,0.90,#VALUE!,#VALUE!,#VALUE!,#VALUE!,#VALUE!,#VALUE!,#VALUE!
Smurfit Westrock Plc,SW,11.40,29.80,13.20,6.40,18.40,29.40,18.20,#VALUE!,28.80,32.40,26.00,37.30,28.80,#VALUE!,#VALUE!,#VALUE!,#VALUE!,#VALUE!,#VALUE!,#VALUE!,#VALUE!,#VALUE!,#VALUE!,#VALUE!,#VALUE!,#VALUE!,#VALUE!,#VALUE!
Veralto Corporation,VLTO,52.00,53.00,50.60,50.80,52.60,54.20,47.80,#VALUE!,53.60,49.80,50.00,56.70,#VALUE!,#VALUE!,#VALUE!,#VALUE!,#VALUE!,#VALUE!,#VALUE!,#VALUE!,#VALUE!,#VALUE!,#VALUE!,#VALUE!,#VALUE!,#VALUE!,#VALUE!,#VALUE!
Huntington Bancshares Inc,HBAN,63.60,83.80,79.40,1.20,1.60,57.60,77.60,#VALUE!,84.00,91.80,57.60,49.10,79.50,95.70,75.30,62.20,73.80,74.60,76.40,73.40,69.10,36.20,0.40,4.90,13.40,85.20,85.80,88.60
Equity Residential,EQR,95.00,95.60,94.00,96.00,94.00,95.40,95.80,#VALUE!,95.60,95.40,95.00,96.20,96.20,95.50,96.80,97.50,96.90,97.30,95.20,97.70,95.90,94.40,95.60,93.30,97.30,91.00,88.60,89.80
"Netapp, Inc",NTAP,56.20,54.60,46.60,54.60,62.40,56.20,43.80,64.30,51.80,47.20,32.40,46.70,48.90,26.90,35.90,25.60,36.20,43.50,32.80,39.50,49.50,39.00,22.90,33.90,28.60,47.80,51.60,51.90
Biogen Inc.,BIIB,59.00,50.60,34.60,71.60,67.00,59.20,26.80,#VALUE!,51.40,55.80,68.60,79.20,92.00,88.70,92.10,93.90,92.60,87.50,85.60,80.20,81.90,85.20,85.90,89.00,86.40,87.80,87.20,77.20
Archer Daniels Midland Company,ADM,6.60,9.80,7.80,10.60,8.00,13.20,9.80,#VALUE!,9.60,8.20,7.60,10.80,6.20,5.50,5.90,6.50,7.20,6.40,5.60,5.30,6.60,9.50,12.10,11.40,7.00,8.30,7.70,5.30
Hubbell Incorporated,HUBB,46.20,43.60,48.00,49.00,44.00,33.80,41.60,#VALUE!,44.80,32.00,27.60,32.90,29.20,28.30,32.00,33.90,33.50,40.30,39.50,39.70,40.10,41.00,41.60,32.30,30.50,23.10,26.70,29.10
Carnival Corporation,CCL,50.60,38.20,71.60,40.20,30.60,42.40,69.40,#VALUE!,38.80,0.00,0.20,0.80,58.80,64.60,63.90,68.70,66.10,53.60,43.30,55.50,59.30,64.90,69.20,70.90,72.30,74.80,75.10,72.30
Dte Energy Company,DTE,69.80,67.40,71.80,62.60,61.60,74.40,68.60,#VALUE!,67.40,29.80,37.80,67.50,54.50,42.90,48.90,57.90,56.60,58.60,64.20,66.70,65.70,70.10,71.60,63.00,73.40,52.20,21.60,56.50
Ppl Corporation,PPL,76.80,77.60,74.80,77.80,78.60,43.20,79.40,#VALUE!,77.80,70.40,83.80,94.80,94.20,92.50,91.70,94.90,92.10,85.40,81.40,78.90,75.50,55.10,52.60,78.90,83.40,79.90,75.80,78.40
Ameren Corporation,AEE,88.00,86.40,87.20,85.40,83.00,81.80,91.80,#VALUE!,86.40,80.80,83.40,88.60,86.10,81.00,82.60,83.00,80.40,79.40,76.60,75.70,68.00,72.50,76.00,70.40,67.50,66.30,68.40,74.40
Devon Energy Corporation,DVN,89.60,88.80,89.40,87.40,87.40,89.40,85.40,#VALUE!,89.00,91.60,84.60,58.10,63.80,68.60,46.90,93.00,100.00,91.70,98.50,92.20,93.00,93.10,2.20,100.00,94.30,94.50,94.20,94.00
Regions Financial Corp.,RF,54.40,82.20,70.80,3.00,3.60,99.20,70.60,#VALUE!,82.40,89.20,92.60,64.30,75.50,91.90,88.80,87.90,87.20,90.00,91.00,92.80,32.40,15.40,41.40,2.70,96.60,95.60,93.50,92.60
"West Pharmaceutical Services, Inc.",WST,55.00,61.80,55.80,48.20,50.00,65.40,63.20,#VALUE!,62.40,63.40,64.60,56.10,48.50,24.30,25.40,22.50,13.20,22.90,19.70,21.30,17.90,20.20,24.40,25.80,51.80,43.00,49.10,37.90
Sba Communications Corp,SBAC,97.40,96.20,96.80,98.60,97.60,97.40,95.40,#VALUE!,96.60,97.20,96.20,94.00,97.40,95.10,97.20,98.20,94.40,97.90,97.70,96.40,94.70,94.60,94.70,92.20,90.50,92.80,89.50,92.10
Cincinnati Financial Corp,CINF,62.40,51.60,64.00,5.00,68.00,86.80,2.20,#VALUE!,52.20,0.40,77.40,48.70,71.40,8.30,26.80,36.20,44.80,36.20,39.70,34.60,9.80,36.90,46.70,44.20,73.60,76.20,60.90,60.20
International Flavors & Fragrances Inc.,IFF,1.00,0.80,24.60,39.40,38.00,0.00,31.60,#VALUE!,0.60,35.80,25.60,39.50,44.90,43.50,48.10,49.50,54.80,55.70,51.50,47.90,43.50,49.00,52.00,50.90,48.60,49.70,52.10,58.80
"Ptc, Inc",PTC,66.20,57.60,62.60,52.40,73.20,63.80,61.80,69.40,61.80,69.60,58.20,57.50,29.00,21.10,19.90,39.70,40.30,61.50,61.10,48.30,35.20,26.00,34.80,61.90,40.20,29.80,37.90,61.90
"Expedia Group, Inc.",EXPE,35.40,28.60,57.40,36.00,10.80,33.00,57.80,#VALUE!,28.00,23.00,16.00,4.60,30.60,29.40,28.20,31.70,33.10,37.00,36.00,44.10,45.60,66.60,71.40,71.10,69.10,70.70,84.70,74.90
Teledyne Technologies Incorporated,TDY,50.40,50.40,47.80,33.60,50.60,42.60,49.80,#VALUE!,51.20,45.00,29.60,32.70,29.40,24.90,19.50,21.70,20.00,21.80,17.20,22.40,21.50,17.40,22.50,26.90,22.50,20.10,18.40,16.30
Weyerhaeuser Company,WY,47.40,39.20,21.60,57.80,55.00,57.40,53.60,#VALUE!,40.40,68.60,79.80,52.90,17.70,51.00,66.50,63.00,44.60,64.40,45.40,40.90,46.90,44.00,40.30,8.70,20.00,26.10,35.60,40.50
Atmos Energy Corporation,ATO,89.40,81.40,92.80,83.60,89.40,92.40,90.40,#VALUE!,81.80,73.60,80.80,88.40,82.50,75.50,94.30,83.20,93.20,93.60,92.70,91.80,36.70,32.50,33.90,21.30,18.00,16.20,19.80,18.40
Waters Corp,WAT,75.00,72.40,71.00,69.80,63.80,80.40,68.00,#VALUE!,72.20,72.20,71.60,75.40,73.60,72.90,76.50,68.50,69.40,66.70,68.40,68.40,68.90,68.10,70.00,75.60,67.00,71.10,70.20,70.50
"Zimmer Biomet Holdings, Inc.",ZBH,71.20,70.40,58.80,62.40,62.80,75.40,66.00,#VALUE!,70.60,61.40,60.60,57.70,65.60,63.20,78.90,72.40,75.00,71.90,80.10,81.40,74.00,85.00,85.70,80.90,85.20,85.00,82.30,80.00
Lyondellbasell Industries N.v. Class A,LYB,17.60,16.80,20.80,19.00,18.00,15.80,14.80,#VALUE!,17.00,19.80,37.60,27.50,32.80,37.00,34.50,43.10,47.10,23.70,20.50,19.20,16.20,19.10,15.90,13.70,17.50,#VALUE!,#VALUE!,#VALUE!
Western Digital Corp.,WDC,24.60,5.00,41.60,62.80,22.60,6.60,1.00,8.20,0.80,35.00,21.00,20.40,22.50,64.80,51.70,29.20,51.40,55.10,66.90,56.30,31.10,52.30,44.10,51.10,20.20,22.60,15.60,27.40
Steris Plc,STE,53.60,59.00,49.80,58.60,51.40,58.80,24.20,71.40,55.40,12.80,30.00,38.90,34.00,28.50,21.90,14.50,19.80,28.10,25.70,36.70,12.60,40.10,50.90,46.00,40.00,46.00,44.40,44.70
Eversource Energy,ES,38.20,17.40,57.80,69.00,73.00,78.00,57.20,#VALUE!,17.80,71.80,72.20,80.00,77.90,75.10,79.10,78.50,72.70,71.50,71.10,64.60,60.60,62.30,54.60,60.10,38.60,15.70,9.50,30.70
Kellanova,K,25.20,21.20,32.00,36.40,30.40,24.00,26.00,#VALUE!,21.40,19.00,33.40,36.30,28.00,34.80,40.40,27.20,17.60,17.30,57.30,29.30,41.80,48.60,52.20,48.70,35.90,38.30,45.80,47.40
Packaging Corp of America,PKG,37.60,38.80,41.80,39.00,33.60,47.20,22.60,#VALUE!,39.80,30.20,27.40,21.00,26.60,27.10,26.40,24.70,22.70,20.80,50.80,32.50,17.50,12.40,17.60,44.60,48.20,41.60,28.40,33.50
Northern Trust Corp,NTRS,2.60,66.40,3.40,2.20,6.60,3.60,56.20,#VALUE!,66.60,83.20,76.80,78.80,82.90,89.70,86.60,85.30,86.40,83.40,84.50,85.00,83.60,87.90,91.90,96.00,98.00,96.50,93.00,94.20
Seagate Technology Holdings Plcs,STX,40.60,27.40,43.40,38.20,23.40,13.40,3.20,40.80,10.40,42.00,33.00,33.30,44.30,46.60,38.10,22.70,39.30,45.90,49.80,64.30,30.50,59.40,18.90,50.40,26.40,36.30,37.00,37.00
"Builders Firstsource, Inc.",BLDR,22.60,28.20,22.40,23.60,24.00,29.60,33.20,#VALUE!,27.60,37.60,22.60,15.40,9.10,5.90,7.30,7.80,6.00,4.40,5.00,3.00,1.70,2.20,4.80,6.30,6.10,12.50,10.20,9.80
Firstenergy Corp.,FE,62.20,62.60,64.20,50.60,55.20,65.80,67.60,#VALUE!,63.40,66.20,77.80,70.70,67.60,76.50,38.90,69.50,66.90,37.20,38.10,50.80,58.00,59.20,72.50,72.40,65.50,66.50,74.70,75.30
Steel Dynamics Inc,STLD,26.60,36.20,21.20,24.80,37.60,28.20,39.40,#VALUE!,36.60,52.20,53.00,21.60,20.90,35.60,25.80,28.80,12.60,14.30,11.70,14.60,16.00,15.80,20.30,35.40,46.10,62.10,57.00,67.20
"Cboe Global Markets, Inc.",CBOE,71.40,69.60,64.40,68.60,69.80,75.00,75.00,#VALUE!,69.60,61.60,58.80,61.10,68.80,67.40,66.30,92.60,95.00,94.60,94.10,92.60,91.50,88.10,91.20,91.00,#VALUE!,#VALUE!,#VALUE!,#VALUE!
"Citizens Financial Group, Inc.",CFG,14.20,2.20,66.20,2.80,4.80,29.20,59.20,#VALUE!,2.00,91.20,91.60,62.30,87.50,93.50,92.90,90.00,88.80,86.30,0.20,87.30,84.00,#VALUE!,#VALUE!,#VALUE!,#VALUE!,#VALUE!,#VALUE!,#VALUE!
"Warner Bros. Discovery, Inc. Series a",WBD,0.80,26.00,19.20,17.80,35.20,43.80,93.20,#VALUE!,26.00,91.00,94.40,97.60,97.60,97.20,95.30,96.10,96.30,97.50,97.50,95.80,96.20,90.50,87.40,84.30,11.60,14.10,3.00,4.40
Zebra Technologies Corporation,ZBRA,28.40,23.40,33.40,30.60,36.00,25.20,28.20,#VALUE!,23.40,57.60,43.20,41.50,43.30,41.90,34.70,34.40,31.00,42.00,50.40,54.60,54.60,46.90,40.70,9.20,39.30,44.80,56.70,67.00
"First Solar, Inc.",FSLR,85.40,74.20,88.40,88.40,84.40,83.20,86.80,#VALUE!,74.20,3.40,23.60,22.00,12.50,6.90,12.80,22.30,29.30,22.00,26.40,25.90,30.30,71.10,78.60,84.10,76.80,6.50,2.80,0.20
"The Cooper Companies, Inc.",COO,59.20,52.20,59.40,58.00,58.40,44.00,42.40,#VALUE!,52.80,44.00,45.00,39.90,56.70,54.30,53.30,44.20,33.90,47.40,60.00,55.10,36.50,42.70,43.00,54.50,35.50,58.90,62.60,66.00
Cms Energy Corporation,CMS,81.40,76.20,76.20,72.00,73.60,83.00,76.40,#VALUE!,76.60,28.60,31.80,50.50,42.10,37.40,43.60,45.00,41.90,33.30,38.30,63.10,59.50,62.50,57.00,53.10,9.30,5.80,3.70,39.10
Labcorp Holdings Inc.,LH,16.40,15.80,21.80,24.40,28.40,23.20,25.80,#VALUE!,16.00,36.40,53.80,58.70,34.40,39.90,41.40,44.40,40.50,47.60,43.50,50.00,50.10,54.40,60.40,55.40,62.30,61.40,61.20,59.50
Clorox Company,CLX,18.20,14.80,24.80,38.40,28.60,45.00,12.40,24.50,14.20,14.60,32.20,42.50,37.00,40.10,40.80,42.30,40.10,38.30,37.00,36.10,41.20,49.20,51.50,59.00,55.90,52.90,59.50,62.60
Omnicom Group Inc.,OMC,28.80,27.60,32.80,28.80,27.20,37.60,34.60,#VALUE!,27.00,28.80,29.40,27.90,31.60,32.20,30.00,30.30,29.10,24.50,29.70,30.20,24.70,28.20,30.00,39.50,34.10,33.50,36.30,36.30
"Darden Restaurants, Inc.",DRI,28.60,27.00,24.40,32.60,31.80,28.00,23.20,38.80,25.20,27.20,20.80,30.50,24.50,20.90,21.10,23.90,19.00,16.80,21.30,27.60,29.20,27.10,32.60,32.50,30.00,27.30,27.00,29.80
International Paper Co.,IP,15.60,17.60,15.60,17.20,16.00,21.20,18.00,#VALUE!,18.00,22.80,22.80,29.30,33.20,32.80,27.40,24.30,36.00,35.80,23.40,23.20,28.80,26.20,56.40,28.30,24.10,21.90,22.10,24.20
"Centerpoint Energy, Inc.",CNP,78.00,75.40,79.20,84.80,75.80,70.20,88.80,#VALUE!,75.40,65.20,67.20,28.10,76.70,54.90,59.00,71.60,6.40,62.40,66.70,75.90,64.00,61.80,62.30,46.60,49.80,42.00,42.30,49.80
Southwest Airlines Co.,LUV,9.60,13.20,13.60,18.40,7.20,7.40,16.60,#VALUE!,13.20,16.00,34.00,2.60,40.40,45.30,47.30,56.40,58.30,34.10,23.20,19.80,14.90,28.00,19.80,43.30,1.80,1.40,0.90,1.60
"Essex Property Trust, Inc",ESS,95.20,96.80,93.80,97.00,100.00,96.20,97.00,#VALUE!,97.20,97.60,99.00,99.60,99.00,98.60,99.40,98.60,98.80,98.30,99.20,99.40,97.00,93.30,96.00,92.60,91.40,82.00,90.20,91.60
"Nrg Energy, Inc.",NRG,73.20,9.40,98.20,22.00,17.60,20.40,21.60,#VALUE!,9.20,14.20,30.40,45.90,38.80,37.90,52.50,53.80,42.60,46.80,49.00,46.40,51.80,63.60,81.90,87.40,83.20,80.10,39.80,46.70
"Mccormick & Company, Incorporated Non-Vtg Cs",MKC,38.00,35.80,42.20,32.40,34.60,49.20,38.00,#VALUE!,36.20,36.20,39.00,49.50,47.10,36.80,36.10,36.60,31.40,36.00,33.50,37.80,39.90,35.10,49.60,41.90,37.50,39.50,39.10,35.60
Live Nation Entertainment Inc.,LYV,10.80,10.40,16.00,18.20,12.00,5.80,16.00,#VALUE!,10.20,9.60,3.00,1.40,9.50,6.50,6.90,9.60,9.90,10.80,10.00,12.40,9.60,8.00,10.80,10.30,7.70,6.20,4.70,4.20
Insulet Corporation,PODD,49.20,36.00,63.20,26.00,32.40,11.20,21.00,#VALUE!,36.40,3.80,14.60,11.20,9.30,4.50,2.20,2.50,1.20,2.10,0.80,0.60,1.10,1.30,1.10,1.30,0.50,0.20,0.00,3.30
Invitation Homes Inc.,INVH,99.20,99.40,98.40,92.80,92.40,92.20,92.80,#VALUE!,99.60,93.20,93.20,93.80,93.60,90.70,88.00,91.80,88.20,68.60,#VALUE!,#VALUE!,#VALUE!,#VALUE!,#VALUE!,#VALUE!,#VALUE!,#VALUE!,#VALUE!,#VALUE!
"Molina Healthcare, Inc.",MOH,5.60,7.20,9.20,10.00,10.40,8.40,7.80,#VALUE!,7.20,5.20,5.00,11.00,9.90,8.50,3.40,3.90,5.00,4.20,4.60,4.20,5.10,6.10,8.80,12.80,8.90,7.20,6.00,14.20
Snap-on Incorporated,SNA,65.80,62.40,64.80,59.60,60.60,62.00,66.20,#VALUE!,63.00,64.60,62.20,63.50,65.80,64.40,62.30,65.00,62.80,59.90,54.00,49.40,50.70,34.30,26.20,34.50,25.50,13.90,16.00,15.30
Coterra Energy Inc.,CTRA,96.00,96.40,93.60,95.00,93.60,95.20,96.00,#VALUE!,96.80,99.20,97.20,89.80,89.50,78.30,42.40,1.20,3.50,83.60,72.40,53.60,97.70,99.60,96.30,98.00,93.40,92.40,91.20,91.40
"Mid-America Apartment Communities, Inc.",MAA,93.40,93.20,91.60,94.60,93.80,95.80,92.40,#VALUE!,93.40,62.20,58.00,59.70,64.00,60.10,94.90,66.90,67.10,61.30,61.90,92.00,90.40,91.50,92.70,98.40,91.80,91.20,90.00,90.20
"Principal Financial Group, Inc.",PFG,1.40,10.80,1.40,6.20,7.00,38.40,73.00,#VALUE!,10.60,74.20,26.80,24.60,17.90,22.30,34.30,26.80,24.20,36.40,28.50,26.40,23.50,28.90,23.10,15.70,31.10,39.70,29.50,39.50
Hologic Inc,HOLX,69.00,69.20,66.40,68.80,66.40,44.80,68.40,82.70,65.20,85.20,89.40,83.80,36.60,69.40,69.80,82.20,80.20,40.10,33.30,35.40,65.90,27.80,63.20,95.50,59.10,56.60,29.80,16.70
Jacobs Solutions Inc.,J,11.00,8.60,11.20,14.20,16.40,13.00,13.00,15.30,12.00,11.20,10.20,10.20,5.60,4.30,6.30,6.10,5.20,5.00,7.50,9.30,6.20,6.30,13.20,16.60,10.20,6.90,7.40,7.20
Factset Research Systems,FDS,80.40,77.40,59.20,84.00,83.60,84.20,71.20,87.80,79.60,74.40,74.00,75.20,75.90,70.40,73.20,58.70,81.20,80.70,78.90,81.60,81.00,84.60,84.40,80.70,83.00,81.50,81.40,81.60
Ball Corporation,BALL,22.20,23.00,25.00,26.40,19.20,33.60,27.60,#VALUE!,23.00,19.60,24.00,33.10,31.20,30.80,30.80,21.90,19.40,25.40,24.90,27.00,26.70,35.80,39.60,33.20,22.30,20.80,23.70,28.60
W.R. Berkley Corporation,WRB,27.60,24.00,23.40,6.60,6.40,4.00,14.00,#VALUE!,24.00,30.60,12.60,10.40,10.10,23.10,22.70,28.60,25.20,38.70,31.40,36.50,28.40,39.30,31.70,25.10,55.00,54.50,47.00,42.30
"Ulta Beauty, Inc.",ULTA,30.40,31.40,27.20,30.80,31.00,31.80,36.40,46.90,34.20,35.60,17.80,33.70,33.80,36.40,36.50,37.20,36.40,35.10,34.50,31.90,24.50,19.70,21.40,23.50,15.70,15.20,98.40,9.10
Trimble Inc.,TRMB,32.20,38.40,29.60,25.80,39.80,45.40,44.00,#VALUE!,39.00,40.80,45.60,51.90,44.10,39.10,36.30,36.80,37.40,48.40,50.60,46.60,38.80,39.50,38.10,52.20,50.20,37.90,47.90,42.10
Las Vegas Sands Corp.,LVS,77.20,77.80,69.80,71.80,74.60,81.00,75.80,#VALUE!,78.00,7.00,12.00,4.20,79.70,79.40,79.90,75.70,78.70,80.20,75.10,73.00,77.40,68.80,43.80,46.20,52.30,76.00,82.60,65.60
Keycorp,KEY,9.20,42.20,0.00,2.40,4.00,5.20,53.80,#VALUE!,43.20,87.80,86.80,58.50,75.30,92.70,88.60,80.00,87.60,86.50,86.80,88.20,92.50,89.60,3.50,81.40,98.40,97.70,95.10,93.50
Quest Diagnostics Inc.,DGX,36.00,35.00,36.60,39.80,37.20,40.20,40.80,#VALUE!,35.00,36.00,62.00,59.10,45.10,40.30,41.00,40.70,50.60,40.70,41.00,51.50,40.50,54.20,61.00,59.20,50.00,55.00,55.10,54.20
"Teradyne, Inc.",TER,55.40,50.20,52.20,53.20,36.20,52.80,55.60,#VALUE!,51.00,65.80,73.60,75.60,66.60,65.20,68.40,87.50,60.70,51.40,62.10,62.90,61.80,74.80,4.60,41.70,23.40,30.00,6.70,45.80
Masco Corporation,MAS,33.00,35.60,27.40,40.60,37.80,26.60,40.20,#VALUE!,36.00,25.80,16.40,38.50,31.40,23.90,28.40,27.60,21.70,13.70,11.10,10.50,3.40,5.00,25.10,11.00,20.90,25.20,31.20,34.40
"Best Buy Company, Inc.",BBY,8.80,9.00,10.80,11.40,13.00,11.60,9.60,16.30,9.00,10.20,10.40,13.00,7.80,5.70,8.70,8.00,4.80,5.80,6.90,10.80,5.30,6.70,15.40,17.30,11.10,9.90,11.20,11.90
Pentair Plc,PNR,47.60,44.00,41.20,56.60,49.80,46.00,42.60,#VALUE!,45.20,33.20,33.80,38.30,35.80,36.00,35.30,40.90,32.00,33.50,27.80,6.50,27.90,29.10,30.60,24.20,28.00,22.40,26.50,27.90
Baxter International Inc.,BAX,17.80,35.20,3.00,8.40,38.20,41.40,3.60,#VALUE!,35.20,6.20,19.20,22.40,28.60,29.80,41.80,90.20,7.40,52.40,58.40,63.70,52.90,56.00,70.50,56.30,62.50,61.20,54.40,63.00
Idex Corporation,IEX,55.60,63.40,52.80,59.00,55.60,58.60,60.00,#VALUE!,64.00,60.80,55.40,60.30,61.60,60.90,60.00,60.10,62.60,62.00,45.20,42.80,39.70,40.30,38.50,59.90,54.10,55.90,52.60,50.70
"Alexandria Real Estate Equities, Inc.",ARE,99.00,98.80,99.20,94.00,98.00,97.80,100.00,#VALUE!,99.00,96.20,96.60,97.40,96.80,97.40,97.40,95.90,95.90,96.70,97.10,96.00,98.10,98.30,98.70,0.90,97.70,96.80,97.00,97.00
Genuine Parts Company,GPC,11.80,13.60,12.00,15.20,14.20,17.20,15.20,#VALUE!,13.60,12.20,11.00,15.60,10.90,9.30,10.10,12.10,12.40,11.60,11.50,15.60,12.20,12.10,16.70,19.70,14.80,13.60,14.20,13.50
Kimco Realty Corp.,KIM,94.80,95.00,94.20,95.20,94.80,94.60,96.40,#VALUE!,95.00,96.80,96.40,95.40,96.60,96.60,96.30,96.50,97.70,95.80,96.90,94.50,94.20,95.20,96.50,98.90,92.00,98.20,97.70,98.10
"Expeditors International of Washington, Inc.",EXPD,14.80,17.20,17.80,15.80,18.20,18.20,17.40,#VALUE!,17.60,16.40,15.40,17.80,14.70,15.20,15.00,19.60,18.40,15.20,15.10,18.40,19.40,17.10,26.40,24.00,16.10,16.60,15.30,0.70
"Tyson Foods, Inc.",TSN,8.00,8.00,11.60,10.80,10.60,9.40,6.00,13.30,4.60,15.60,16.60,18.80,14.50,14.00,13.20,14.70,9.50,6.20,7.30,8.60,7.50,11.50,9.90,9.90,8.00,4.60,7.20,8.10
Dollar General Corp.,DG,10.60,12.20,12.60,13.00,15.20,12.60,13.80,19.40,14.80,16.60,16.80,18.60,14.90,14.60,15.40,18.00,17.40,19.80,20.70,22.80,21.70,18.00,18.70,14.60,8.60,14.80,16.50,18.80
"Textron, Inc.",TXT,16.00,16.40,18.40,19.40,0.20,16.80,20.00,#VALUE!,16.60,17.80,15.00,16.20,19.10,100.00,99.80,100.00,99.80,100.00,100.00,100.00,11.70,14.10,16.30,36.50,35.20,30.50,32.80,23.30
Avery Dennison Corp.,AVY,30.20,20.80,28.20,29.00,29.60,32.60,30.60,#VALUE!,21.20,25.40,24.80,31.30,11.10,16.20,20.70,20.00,16.10,15.60,15.70,17.10,14.70,20.80,23.80,27.60,25.90,26.60,29.10,25.30
Gen Digital Inc.,GEN,90.60,83.20,89.60,91.80,91.80,90.40,37.40,92.90,88.40,88.00,89.80,98.20,55.50,56.90,40.60,60.50,68.80,73.00,69.00,64.80,65.50,73.30,77.30,75.10,69.50,82.70,80.90,77.70
Nisource Inc.,NI,86.80,80.20,85.60,86.20,88.40,87.60,84.20,#VALUE!,80.80,72.40,74.40,79.80,81.50,26.50,69.40,72.00,70.00,69.00,71.50,73.60,60.10,60.70,58.80,43.70,42.70,49.20,54.00,60.00
Marathon Oil Corporation,MRO,95.80,97.40,94.40,96.80,95.40,98.80,74.20,#VALUE!,97.80,88.60,75.20,2.20,17.30,22.90,2.00,0.40,0.80,27.20,77.20,85.20,90.20,23.20,29.10,43.90,27.00,36.00,21.20,14.90
"Everest Group, Ltd.",EG,5.40,1.60,27.60,4.80,6.80,58.20,29.20,#VALUE!,1.60,6.40,21.60,12.80,23.70,1.40,9.90,47.90,50.00,63.00,70.50,54.20,1.90,32.30,63.40,8.10,58.20,62.60,2.10,26.00
Jb Hunt Transport Services Inc,JBHT,20.20,21.60,22.20,21.60,23.20,22.00,11.60,#VALUE!,21.80,11.80,11.20,14.80,11.90,9.90,11.20,17.40,18.20,16.60,16.70,19.00,31.60,39.90,34.40,49.30,2.00,1.60,1.20,2.10
Align Technology Inc,ALGN,40.20,40.40,40.80,40.80,38.60,38.00,33.60,#VALUE!,41.80,34.60,51.20,32.30,43.90,55.70,56.00,60.90,61.40,67.20,81.60,68.80,46.70,62.00,4.00,23.10,35.70,2.30,11.40,32.80
"Healthpeak Properties, Inc.",DOC,96.80,91.80,92.40,93.40,91.20,99.80,94.80,#VALUE!,92.00,95.00,95.40,96.80,96.00,96.00,97.00,97.10,97.10,95.40,95.80,93.00,98.30,#VALUE!,#VALUE!,#VALUE!,#VALUE!,#VALUE!,#VALUE!,#VALUE!
Domino's Pizza Inc.,DPZ,42.80,41.20,45.60,37.80,45.20,47.80,46.20,#VALUE!,42.20,37.40,38.60,42.90,40.60,38.30,44.20,46.00,46.70,44.30,42.30,41.60,39.00,37.70,40.50,42.80,45.00,40.60,30.50,35.80
Viatris Inc.,VTRS,31.00,46.20,48.40,63.20,60.40,2.40,66.40,#VALUE!,47.60,80.20,52.80,35.10,65.00,67.20,66.10,71.20,71.10,67.40,65.70,60.80,59.90,49.70,47.80,37.00,2.30,70.40,69.80,83.30
Verisign Inc,VRSN,98.80,98.40,98.00,99.00,98.20,97.60,99.00,#VALUE!,98.60,98.40,97.60,98.80,98.60,98.40,98.00,97.30,96.10,96.90,96.20,94.30,91.00,98.90,89.90,87.70,25.00,53.10,62.30,59.80
Jabil Inc.,JBL,10.00,10.60,12.20,12.40,13.40,17.80,11.40,17.30,10.80,9.40,9.00,11.60,7.40,7.30,10.80,9.40,8.90,7.10,8.80,9.50,7.20,4.60,26.70,13.90,8.40,8.50,10.00,12.30
Alliant Energy Corporation,LNT,84.00,79.60,87.60,81.80,79.00,78.20,87.40,#VALUE!,80.00,79.20,81.00,85.20,80.50,77.10,76.90,74.20,73.10,70.90,69.70,69.00,57.60,64.60,57.30,55.60,74.30,24.00,39.30,64.90
"Cf Industries Holding, Inc.",CF,86.00,87.80,83.80,90.40,75.00,85.40,82.40,#VALUE!,88.00,93.80,87.80,80.60,85.70,80.20,64.10,64.60,84.70,85.70,91.60,93.20,91.30,76.80,74.00,78.30,60.90,17.30,28.80,37.20
Loews Corporation,L,33.60,55.20,99.80,1.00,2.20,0.80,7.40,#VALUE!,56.00,10.80,2.00,2.00,1.20,31.60,45.80,37.80,21.10,37.60,30.50,31.00,52.00,61.40,35.00,84.50,14.50,61.70,30.00,38.60
The Estee Lauder Companies Inc. Class A,EL,18.00,22.80,8.40,19.20,42.60,41.20,15.40,34.70,29.60,50.20,57.80,54.50,50.50,47.00,44.80,43.80,43.00,48.20,42.50,30.80,25.80,33.60,13.40,33.60,27.70,28.40,33.50,34.70
Amcor Plcs,AMCR,20.00,21.80,15.00,27.20,27.00,24.20,12.00,32.70,22.00,24.00,25.00,28.30,25.80,16.00,14.40,9.00,16.30,18.70,10.30,10.30,6.80,7.80,11.00,12.60,9.10,9.00,5.60,8.40
"Revvity, Inc.",RVTY,66.40,64.00,67.80,63.00,51.20,60.40,63.40,#VALUE!,64.40,74.60,70.40,73.30,43.50,38.10,44.40,41.30,39.70,29.70,36.20,31.60,20.90,35.60,36.80,44.40,33.90,28.60,61.40,38.40
Aptiv Plc,APTV,24.80,19.80,27.00,23.00,23.60,30.80,25.20,#VALUE!,19.80,17.60,15.60,54.10,26.40,30.20,31.20,32.50,32.20,29.90,27.00,28.30,27.10,22.80,#VALUE!,#VALUE!,#VALUE!,#VALUE!,#VALUE!,#VALUE!
"Evergy, Inc.",EVRG,85.00,84.80,89.00,85.00,81.60,81.20,87.20,#VALUE!,85.00,77.60,80.60,85.80,81.90,77.70,83.80,85.50,84.10,80.90,82.20,83.10,80.80,80.50,78.20,72.20,77.30,75.50,69.10,76.70
"Moderna, Inc.",MRNA,0.00,0.00,1.60,0.00,0.00,20.00,0.00,#VALUE!,0.00,90.00,98.40,0.00,0.00,0.00,0.20,0.00,#VALUE!,#VALUE!,#VALUE!,#VALUE!,#VALUE!,#VALUE!,#VALUE!,#VALUE!,#VALUE!,#VALUE!,#VALUE!,#VALUE!
Pool Corporation,POOL,19.80,23.20,22.00,28.40,18.60,16.60,24.40,#VALUE!,23.20,31.60,27.00,23.60,18.50,16.60,15.60,17.00,13.80,14.10,12.10,15.00,11.30,10.80,15.20,17.70,13.60,17.10,17.20,17.70
"Rollins, Inc.",ROL,48.40,45.80,47.40,47.40,46.40,55.00,55.00,#VALUE!,46.80,44.60,43.80,48.50,50.30,46.00,46.50,44.80,44.40,43.00,36.80,38.00,37.30,37.10,42.10,37.20,31.60,28.20,24.00,18.10
Nordson Corp,NDSN,67.20,64.80,62.00,65.00,65.80,68.80,65.80,#VALUE!,65.40,63.60,62.80,58.30,60.80,50.00,49.30,49.70,43.40,52.60,52.10,60.10,63.30,57.30,36.10,56.10,40.50,50.10,44.00,45.30
"F5, Inc.",FFIV,59.60,47.80,55.00,60.20,54.60,69.00,60.80,58.20,56.40,39.40,35.20,49.90,59.00,71.10,67.70,69.90,74.00,74.00,74.50,77.00,71.60,67.90,62.10,45.10,55.20,56.10,2.30,43.30
Skyworks Solutions Inc,SWKS,50.80,25.60,10.00,58.80,61.00,71.60,69.60,36.70,75.60,82.80,80.40,81.80,83.30,83.40,84.40,83.60,75.60,65.30,52.50,44.70,55.70,47.70,46.30,45.70,29.30,4.80,20.70,24.00
"Stanley Black & Decker, Inc.",SWK,10.20,6.80,16.60,21.20,17.80,16.20,24.80,#VALUE!,6.80,12.00,24.60,31.70,27.60,35.00,31.40,42.10,41.30,38.90,34.90,40.30,28.10,31.90,28.00,21.70,50.70,40.20,46.50,47.70
"Epam Systems, Inc.",EPAM,23.40,23.80,32.40,20.80,21.20,23.40,30.80,#VALUE!,23.80,26.20,29.20,35.70,29.60,28.10,24.90,28.40,25.40,31.00,35.60,41.40,48.00,41.90,37.40,#VALUE!,#VALUE!,#VALUE!,#VALUE!,#VALUE!
Akamai Technologies Inc,AKAM,69.40,69.80,48.60,67.00,69.00,73.60,73.20,#VALUE!,69.80,73.80,79.20,81.40,78.90,72.10,70.40,79.60,79.80,81.90,82.80,81.00,82.90,83.50,86.30,84.80,79.30,71.80,78.40,79.10
"Udr, Inc.",UDR,91.20,94.00,68.60,94.80,93.40,93.60,43.00,#VALUE!,94.00,29.40,30.60,24.40,72.40,49.40,53.10,58.90,64.70,36.80,31.20,21.90,92.80,93.50,94.10,8.30,88.60,90.30,88.80,90.50
"Conagra Brands, Inc.",CAG,15.40,17.80,36.00,36.20,40.00,34.80,22.00,25.50,18.40,26.60,35.60,35.30,32.00,32.60,28.60,16.80,4.30,12.90,20.90,16.90,29.60,26.50,21.10,26.20,25.20,11.50,17.70,22.60
Incyte Genomics Inc,INCY,7.40,53.60,27.80,0.40,35.60,61.80,60.20,#VALUE!,54.20,37.00,38.80,5.20,49.30,13.80,0.60,30.70,11.20,2.30,1.70,3.20,0.00,19.50,0.00,0.00,0.70,0.50,0.20,0.00
Camden Property Trust,CPT,92.80,93.00,91.40,93.80,92.80,93.20,94.60,#VALUE!,93.20,94.80,93.60,94.20,94.60,92.90,94.10,94.30,94.80,94.00,95.40,94.10,95.10,96.10,92.50,89.90,96.10,95.20,96.70,96.30
Albemarle Corporation,ALB,0.40,13.40,0.20,0.80,4.20,0.20,3.80,#VALUE!,13.40,79.40,6.20,50.70,52.30,40.90,38.50,43.60,38.60,22.50,59.00,44.90,58.80,42.10,24.00,24.70,41.10,49.90,26.30,42.60
Henry (Jack) & Associates,JKHY,66.00,69.40,67.00,67.20,63.60,71.00,68.80,83.70,49.20,50.80,45.40,74.70,50.70,58.90,59.80,61.10,63.20,65.10,60.50,58.40,56.10,55.30,73.60,71.70,75.90,75.30,71.40,69.10
"C.H. Robinson Worldwide, Inc.",CHRW,5.20,5.20,6.60,10.20,9.40,7.80,6.80,#VALUE!,5.00,6.00,6.80,9.60,6.80,6.10,8.10,9.80,9.10,8.30,8.40,6.30,9.40,11.10,18.30,99.10,12.00,9.50,8.80,7.40
Juniper Networks Inc,JNPR,13.80,16.00,19.60,13.20,11.60,29.00,38.40,#VALUE!,16.20,22.40,27.20,35.90,32.20,35.20,55.80,52.10,55.60,82.70,39.30,27.40,51.20,60.10,55.70,66.80,53.90,60.00,70.90,71.90
"Host Hotels & Resorts, Inc.",HST,60.20,58.60,53.20,61.60,63.00,45.20,37.00,#VALUE!,59.60,64.40,61.60,5.40,64.20,63.00,62.90,62.60,65.50,64.00,58.80,55.30,48.40,45.10,48.50,67.00,69.30,67.20,55.30,54.70
"Dayforce, Inc.",DAY,32.60,32.20,33.80,32.00,38.40,32.20,30.00,#VALUE!,31.80,4.60,4.20,13.60,26.80,27.50,21.30,11.70,23.10,#VALUE!,#VALUE!,#VALUE!,#VALUE!,#VALUE!,#VALUE!,#VALUE!,#VALUE!,#VALUE!,#VALUE!,#VALUE!
Allegion Public Limited Company,ALLE,49.40,45.40,53.00,51.00,48.60,50.40,54.00,#VALUE!,46.40,43.20,46.60,54.90,51.10,51.40,54.00,54.00,49.00,39.10,46.00,51.10,48.80,#VALUE!,#VALUE!,#VALUE!,#VALUE!,#VALUE!,#VALUE!,#VALUE!
Bunge Global Sa,BG,5.80,9.60,7.60,8.60,9.80,10.40,7.00,#VALUE!,9.40,4.40,7.40,9.40,2.20,3.00,3.70,5.10,6.20,3.70,4.20,5.10,3.80,5.40,7.00,11.90,7.30,5.10,5.10,6.50
"Universal Health Services, Inc. Class B",UHS,21.80,18.40,22.60,25.60,25.40,23.80,17.80,#VALUE!,18.80,17.40,23.00,33.50,27.20,27.90,33.30,38.20,41.50,42.60,40.40,40.70,36.20,26.70,35.50,28.90,21.10,12.20,31.40,24.40
Dollar Tree Inc.,DLTR,2.40,1.80,10.40,14.60,0.80,8.60,10.20,3.10,14.60,13.60,13.00,17.20,15.50,17.20,15.80,15.30,28.50,29.10,32.00,29.10,26.40,25.80,28.90,30.00,21.80,23.60,27.70,32.10
Norwegian Cruise Line Holdings Ltd.s,NCLH,49.80,39.40,63.00,50.40,45.80,1.40,63.60,#VALUE!,40.60,0.20,0.00,0.60,64.80,65.80,65.50,66.70,63.60,63.20,63.40,62.40,58.60,57.50,49.10,45.50,26.80,19.20,15.80,26.70
The J.M. Smucker Company,SJM,45.80,46.80,45.20,47.80,24.80,45.60,41.20,57.10,35.40,41.60,46.20,52.10,45.90,52.40,51.90,51.10,34.90,52.20,50.00,46.20,54.40,56.40,48.00,37.70,32.30,36.70,41.20,40.20
Regency Centers Corporation,REG,99.60,93.80,99.60,96.40,95.80,96.00,97.40,#VALUE!,93.80,97.80,97.40,97.00,98.40,97.80,95.50,98.00,97.30,98.80,96.00,98.70,96.60,97.60,99.30,95.10,95.90,94.90,94.00,96.00
Carmax Inc.,KMX,4.80,5.60,6.80,7.20,5.60,12.00,9.40,9.20,5.80,8.00,9.80,14.40,10.70,9.50,10.50,11.50,11.60,10.60,10.50,8.00,6.40,10.60,8.10,9.40,5.20,3.90,4.00,4.00
Eastman Chemical Company,EMN,34.60,31.60,35.20,43.00,34.80,27.20,10.00,#VALUE!,31.20,28.20,47.00,40.10,43.10,48.80,50.90,53.20,55.40,41.00,64.00,33.10,42.40,50.80,42.70,31.40,26.10,24.20,40.90,29.30
"Bxp, Inc.",BXP,95.60,99.20,92.20,92.60,92.00,92.80,65.20,#VALUE!,99.40,92.80,94.60,93.20,95.20,93.30,95.70,95.50,95.70,95.60,97.30,96.20,94.00,97.80,94.50,93.00,93.00,91.70,91.90,92.80
"Tapestry, Inc.",TPR,44.20,39.60,40.00,40.40,32.80,53.20,40.60,50.00,39.60,41.20,39.20,4.00,22.70,16.80,50.50,28.20,28.30,60.30,71.80,75.30,77.20,74.20,73.80,83.90,85.90,84.80,81.20,79.50
Bio-Techne Corp.,TECH,65.00,60.00,51.80,72.40,68.60,55.20,64.80,73.50,73.80,74.00,53.40,49.30,45.50,47.40,47.70,69.30,75.40,87.30,93.50,93.90,93.40,95.40,96.90,93.50,92.30,90.80,90.90,90.70
Generac Holdings Inc,GNRC,28.20,22.60,31.20,25.20,14.40,39.20,23.60,#VALUE!,22.80,27.00,44.60,51.70,40.80,43.10,36.90,40.30,45.00,59.00,65.30,59.10,53.30,64.00,69.80,61.00,65.70,#VALUE!,#VALUE!,#VALUE!
"Super Micro Computer, Inc.",SMCI,12.80,12.40,11.40,16.40,17.00,15.20,16.80,20.40,15.00,8.40,4.60,8.20,4.00,3.20,5.50,7.60,11.80,8.10,4.00,8.20,8.70,9.30,12.80,19.30,12.70,18.20,7.90,98.40
"Lamb Weston Holdings, Inc.",LW,36.60,29.60,34.80,39.20,42.80,49.80,52.80,44.90,41.20,26.80,31.60,43.90,49.90,47.20,42.80,32.30,35.30,32.60,41.20,#VALUE!,#VALUE!,#VALUE!,#VALUE!,#VALUE!,#VALUE!,#VALUE!,#VALUE!,#VALUE!
"Charles River Laboratories International, Inc.",CRL,51.80,53.80,40.60,51.60,48.80,70.80,49.40,#VALUE!,54.40,52.80,47.60,60.90,47.70,37.70,43.00,38.00,37.20,32.40,28.00,35.00,39.20,20.60,43.40,97.10,63.20,65.60,64.20,66.30
"The Interpublic Group of Companies, Inc.",IPG,22.80,28.40,14.00,23.40,16.80,50.60,35.40,#VALUE!,27.80,29.00,28.00,26.50,23.50,17.80,18.90,19.40,17.10,18.10,13.00,24.30,24.10,21.70,15.00,29.10,19.10,11.80,4.90,22.10
"Paycom Software, Inc.",PAYC,84.60,64.40,72.40,69.20,97.20,72.40,68.20,#VALUE!,64.80,73.20,64.00,66.10,79.30,78.70,50.70,50.70,46.50,34.30,29.30,32.70,22.40,#VALUE!,#VALUE!,#VALUE!,#VALUE!,#VALUE!,#VALUE!,#VALUE!
News Corporation Class A,NWSA,17.00,22.20,3.20,25.40,24.60,36.80,21.80,33.70,21.00,28.40,22.00,72.30,25.20,31.20,50.30,22.90,30.60,16.40,13.20,86.10,25.60,16.70,#VALUE!,#VALUE!,#VALUE!,#VALUE!,#VALUE!,#VALUE!
"Assurant, Inc.",AIZ,12.60,14.60,12.80,4.20,17.40,17.60,12.60,#VALUE!,14.00,7.60,29.00,13.40,8.90,8.70,13.40,28.00,5.60,13.30,18.20,20.70,18.30,15.00,24.20,19.50,28.90,34.60,17.00,15.60
"Catalent, Inc.",CTLT,14.60,1.20,9.60,44.80,16.60,19.20,2.80,2.00,4.40,24.80,26.20,24.00,18.10,17.00,17.00,23.50,22.10,25.80,46.40,52.10,45.80,#VALUE!,#VALUE!,#VALUE!,#VALUE!,#VALUE!,#VALUE!,#VALUE!
Molson Coors Beverage Company Class B,TAP,37.00,37.00,25.80,46.80,36.80,11.40,51.40,#VALUE!,37.40,49.40,45.20,55.50,66.40,39.30,53.80,57.10,76.90,76.10,59.80,49.80,72.30,77.20,52.90,60.80,41.60,46.90,45.60,30.50
Erie Indemnity Co,ERIE,32.40,32.00,35.00,36.60,29.40,32.40,33.40,#VALUE!,31.40,25.00,1.40,4.40,1.40,28.90,39.40,45.40,38.80,10.20,18.60,14.30,7.90,20.40,44.30,34.80,71.10,71.40,74.40,72.60
Pinnacle West Capital Corporation,PNW,80.60,75.20,83.20,82.20,74.80,68.40,86.40,#VALUE!,75.20,76.60,82.00,84.20,80.70,80.80,83.60,82.60,84.90,79.80,83.30,83.80,81.70,81.30,75.60,70.60,72.50,82.40,71.90,73.30
Lkq Corporation,LKQ,18.40,19.60,19.80,21.00,19.80,20.80,19.20,#VALUE!,19.60,21.40,20.60,21.20,15.70,15.40,16.40,19.80,18.60,20.20,22.20,24.10,25.40,28.60,33.70,31.80,22.70,20.60,20.90,18.60
Marketaxess Holdings Inc.,MKTX,91.00,90.20,90.60,90.00,90.60,89.80,91.60,#VALUE!,90.60,92.60,92.20,95.80,92.40,90.10,93.10,93.50,93.80,92.30,91.80,90.30,88.70,83.70,78.00,62.10,64.30,44.30,53.00,67.90
Fox Corporation Class A,FOXA,51.20,40.80,73.00,51.20,58.60,14.40,48.40,51.00,29.00,32.60,59.00,47.70,52.90,53.60,61.90,57.30,#VALUE!,#VALUE!,#VALUE!,#VALUE!,#VALUE!,#VALUE!,#VALUE!,#VALUE!,#VALUE!,#VALUE!,#VALUE!,#VALUE!
Solventum Corporation,SOLV,44.00,58.80,37.20,33.80,57.00,52.40,58.00,#VALUE!,59.80,60.20,63.60,64.70,#VALUE!,#VALUE!,#VALUE!,#VALUE!,#VALUE!,#VALUE!,#VALUE!,#VALUE!,#VALUE!,#VALUE!,#VALUE!,#VALUE!,#VALUE!,#VALUE!,#VALUE!,#VALUE!
Aes Corporation,AES,46.00,57.80,62.40,41.60,59.60,55.80,70.40,#VALUE!,58.40,58.00,66.60,80.80,70.20,70.60,70.80,72.60,74.80,62.80,67.40,38.40,67.40,55.50,80.20,80.00,77.00,77.10,79.50,80.20
Globe Life Inc.,GL,9.80,2.20,56.60,2.00,3.00,2.20,51.80,#VALUE!,2.00,38.20,31.20,42.30,45.30,50.40,48.70,51.50,56.20,52.80,56.30,59.50,61.20,63.30,58.10,60.30,80.70,80.40,79.10,63.70
Teleflex Incorporated,TFX,42.00,58.00,59.00,55.40,59.00,59.80,65.60,#VALUE!,58.80,57.00,59.60,62.50,56.90,58.10,58.80,63.20,59.90,57.00,53.80,51.90,36.00,51.60,57.90,50.70,48.40,32.80,37.20,36.50
A.O. Smith Corporation,AOS,42.20,44.20,37.80,44.40,46.20,46.80,40.00,#VALUE!,45.40,10.60,36.40,41.30,39.00,44.90,43.40,46.20,42.10,29.50,28.20,30.40,20.00,13.20,24.90,15.50,18.90,18.50,18.80,12.10
The Mosaic Company,MOS,24.40,30.80,7.40,16.20,35.80,35.00,6.20,#VALUE!,30.40,51.20,40.40,10.00,5.00,13.00,30.20,29.00,57.00,60.50,49.40,67.70,67.20,82.90,67.20,67.70,78.40,33.70,51.20,20.50
Hormel Foods Corporation,HRL,16.80,15.60,18.80,16.80,20.80,21.00,16.20,#VALUE!,15.60,20.20,17.20,27.10,26.00,25.30,29.60,31.30,23.30,19.10,17.60,20.00,20.30,21.00,26.00,23.80,18.20,18.70,0.50,17.90
Campbell Soup Company,CPB,25.60,24.60,13.40,28.60,36.60,43.00,35.80,35.70,35.60,34.80,34.80,43.10,20.70,39.50,58.60,41.70,48.30,33.70,30.30,33.80,42.90,42.30,42.50,61.40,47.00,49.40,50.20,51.60
"Caesars Entertainment, Inc.",CZR,69.60,70.20,67.20,70.40,62.60,71.20,72.00,#VALUE!,70.40,61.80,56.80,54.30,60.20,56.10,47.10,41.50,41.10,29.30,37.40,26.20,49.70,69.80,60.10,4.00,41.80,38.60,33.00,99.80
Henry Schein Inc,HSIC,9.40,11.00,12.40,13.40,13.80,8.80,13.60,#VALUE!,11.00,11.60,11.40,15.00,14.10,10.70,11.00,12.90,12.80,12.30,11.90,16.00,13.00,13.90,19.40,20.40,13.90,10.90,13.00,10.50
Federal Realty Investment Trust,FRT,97.00,96.00,95.60,96.60,96.00,95.60,96.80,#VALUE!,96.20,95.80,95.80,96.00,96.40,96.20,96.10,96.30,96.70,97.70,98.10,97.30,96.80,97.20,98.50,94.60,93.60,93.50,92.60,93.00
"Enphase Energy, Inc.",ENPH,17.20,55.60,36.40,12.60,2.00,33.40,62.20,#VALUE!,56.80,46.20,31.40,60.50,41.90,4.70,1.80,0.80,3.10,2.90,1.30,0.80,1.30,1.10,1.30,#VALUE!,#VALUE!,#VALUE!,#VALUE!,#VALUE!
Celanese Corporation,CE,39.40,49.60,39.20,37.60,32.00,18.60,26.60,#VALUE!,50.60,35.40,54.60,30.90,30.80,48.60,37.90,60.30,52.30,28.90,31.00,25.10,29.00,25.40,25.60,27.80,46.60,30.90,41.40,33.00
Ralph Lauren Corporation,RL,29.00,26.20,25.60,35.40,21.40,47.40,26.40,37.80,26.80,33.00,14.40,20.60,33.00,29.10,17.40,16.40,25.60,32.00,47.70,33.50,34.80,33.80,47.40,48.40,44.30,43.40,23.30,35.10
Mgm Resorts International,MGM,26.80,24.80,26.60,27.00,29.20,26.80,23.80,#VALUE!,24.80,20.00,32.80,3.40,84.70,49.80,56.80,64.40,56.00,49.90,45.60,20.90,94.90,2.00,5.30,65.70,74.50,74.60,70.50,72.80
"Hasbro, Inc.",HAS,1.80,0.60,61.00,59.40,49.20,4.80,46.80,#VALUE!,0.40,13.40,24.40,34.10,29.80,10.90,35.50,35.40,36.60,33.90,24.30,32.30,33.00,37.50,44.70,36.80,45.50,41.80,58.10,34.20
"Match Group, Inc",MTCH,57.80,65.60,46.40,57.60,54.80,73.80,67.80,#VALUE!,66.00,62.60,23.80,76.20,36.20,57.30,11.60,27.80,24.00,27.90,42.10,28.50,25.20,14.80,16.10,6.70,18.60,27.00,14.70,53.30
Invesco Ltd,IVZ,30.00,33.40,19.00,31.60,28.20,55.60,36.20,#VALUE!,33.00,49.20,75.80,59.90,66.80,59.90,66.70,65.40,78.10,75.70,75.30,72.80,70.10,63.80,54.80,69.10,68.40,85.70,72.80,69.80
Apa Corporation,APA,87.00,94.20,23.80,95.40,94.60,93.40,81.40,#VALUE!,94.20,87.40,74.20,8.60,8.50,61.10,26.00,2.70,0.00,1.90,70.30,71.30,99.40,99.10,98.20,97.30,95.70,94.70,94.70,96.70
"Huntington Ingalls Industries, Inc.",HII,15.80,16.20,13.00,14.80,17.20,25.80,16.40,#VALUE!,16.40,15.20,13.20,22.20,16.70,26.10,26.20,29.40,27.10,23.10,17.80,14.10,13.20,9.10,#VALUE!,#VALUE!,#VALUE!,#VALUE!,#VALUE!,#VALUE!
Wynn Resorts Ltd,WYNN,59.40,56.80,38.00,54.80,66.00,65.00,51.00,#VALUE!,57.80,18.00,10.80,3.20,53.70,60.50,58.20,56.60,64.30,72.10,72.20,67.50,70.80,62.70,61.20,54.70,67.30,0.90,27.90,100.00
Borgwarner Inc.,BWA,21.40,20.60,23.60,22.80,23.00,26.20,19.40,#VALUE!,20.60,13.20,12.20,12.60,35.60,32.00,30.60,10.80,34.70,34.90,33.90,34.40,35.80,31.00,23.30,34.30,24.80,32.30,32.10,30.90
"Mohawk Industries, Inc.",MHK,23.20,24.20,22.80,26.60,20.20,22.40,9.20,#VALUE!,24.20,20.80,16.20,13.20,11.50,15.80,25.20,27.40,14.90,14.80,9.60,11.20,7.70,8.20,6.80,2.90,29.10,27.90,22.60,25.60
Brown-Forman Corporation Class B,BF-B,74.80,63.60,64.60,80.40,76.00,69.40,67.00,77.60,57.00,65.00,63.20,73.90,74.00,71.70,73.40,77.10,75.80,75.50,73.60,69.80,75.10,69.40,72.70,73.30,70.00,70.90,48.40,55.10
Fmc Corporation,FMC,18.80,32.60,29.00,37.00,40.60,46.20,20.60,#VALUE!,32.20,43.00,44.80,51.10,46.90,40.50,17.60,33.70,8.30,30.40,40.20,43.20,43.10,56.20,44.90,58.70,64.50,59.80,59.80,47.20
Davita Inc.,DVA,40.40,36.40,42.60,42.20,42.20,43.60,45.40,#VALUE!,36.80,34.20,40.80,47.10,46.50,38.70,50.10,36.40,26.40,42.20,36.60,47.70,52.20,47.50,53.50,49.10,43.40,60.70,49.50,55.60
Paramount Global Class B,PARA,0.60,3.80,10.60,19.80,3.80,12.80,15.60,#VALUE!,3.40,16.20,25.20,47.30,36.00,45.70,44.00,50.10,45.50,49.10,62.60,60.50,53.90,41.40,31.30,1.60,56.10,56.80,55.80,1.40
"Walgreens Boots Alliance, Inc",WBA,1.20,1.00,2.40,8.00,0.60,6.40,4.80,1.00,1.00,5.00,5.20,8.00,6.60,7.50,8.30,8.80,10.50,8.90,9.80,11.00,10.90,10.40,15.60,17.90,11.80,10.20,10.50,11.60
"Franklin Resources, Inc.",BEN,32.00,13.80,18.00,30.20,30.00,19.40,45.80,21.40,34.00,53.00,52.40,44.50,61.40,73.70,78.70,80.40,82.90,82.30,80.80,84.20,82.70,79.60,71.80,85.40,99.10,98.60,97.90,97.70
"Qorvo, Inc.",QRVO,13.40,18.80,15.80,17.40,20.40,10.00,25.00,28.60,8.00,57.20,43.40,27.70,5.40,2.60,4.30,63.80,9.70,13.90,7.70,#VALUE!,#VALUE!,#VALUE!,#VALUE!,#VALUE!,#VALUE!,#VALUE!,#VALUE!,#VALUE!
Fox Corporation Class B,FOX,51.20,40.80,73.00,51.20,58.60,14.40,48.40,51.00,29.00,32.60,59.00,47.70,52.90,53.60,61.90,57.30,#VALUE!,#VALUE!,#VALUE!,#VALUE!,#VALUE!,#VALUE!,#VALUE!,#VALUE!,#VALUE!,#VALUE!,#VALUE!,#VALUE!