Cash Conversion Efficiency Score - S&P 500 Index,,,,,,,,,,,,,,,,,,,,,,,,,,,,,
Company Name,Stock Symbol,TTM,Latest Fiscal Year,Latest Qtr,Previous Qtr,2 QTR ago,3 Qtr Ago,4 QTR Ago,2024,2023,2022,2021,2020,2019,2018,2017,2016,2015,2014,2013,2012,2011,2010,2009,2008,2007,2006,2005,2004
Nvidia Corp,NVDA,16.80,14.90,26.50,27.60,36.00,22.20,23.40,14.30,36.40,22.40,48.40,60.30,14.70,27.30,22.20,71.10,47.10,68.90,45.50,54.90,82.50,2.20,2.00,59.10,41.40,56.60,39.30,12.10
Apple Inc.,AAPL,35.80,32.50,64.50,43.60,37.20,33.40,19.20,37.80,26.40,41.00,26.40,41.70,33.10,39.50,42.30,47.50,52.70,48.60,44.40,29.00,45.60,36.70,55.90,76.20,57.50,28.90,72.60,90.70
Microsoft Corp,MSFT,43.40,39.30,47.50,59.40,60.20,24.20,41.20,45.90,32.40,41.20,40.60,38.90,38.70,82.80,55.50,57.80,83.60,44.70,34.70,67.60,25.60,33.50,34.10,37.30,37.30,32.30,43.00,61.90
Amazon.com Inc,AMZN,79.40,87.90,60.90,65.40,72.40,88.20,71.40,NA,88.60,0.60,50.60,87.20,89.50,87.20,94.30,97.30,99.40,0.20,98.70,0.00,95.90,86.30,86.80,87.20,93.90,95.40,80.70,17.00
"Meta Platforms, Inc. Class A",META,50.80,66.70,56.10,48.20,64.40,41.20,59.40,NA,67.60,83.40,54.80,36.70,70.40,41.50,53.90,56.60,82.00,66.60,84.60,98.90,53.30,24.60,32.80,14.80,9.50,NA,NA,NA
Alphabet Inc. Class A,GOOGL,25.00,41.90,36.90,33.20,46.80,25.60,52.00,NA,43.40,63.40,37.20,54.30,55.60,57.90,85.20,68.00,55.20,53.00,45.70,53.20,50.70,34.60,41.20,71.50,45.70,34.20,64.20,81.40
"Tesla, Inc.",TSLA,26.40,13.30,84.40,79.60,18.40,18.20,60.20,NA,14.80,37.80,78.80,96.20,3.00,4.30,9.30,12.90,11.80,6.90,1.90,11.70,8.70,13.50,43.00,20.90,13.60,9.00,NA,NA
Alphabet Inc. Class C,GOOG,25.00,41.90,36.90,33.20,46.80,25.60,52.00,NA,43.40,63.40,37.20,54.30,55.60,57.90,85.20,68.00,55.20,53.00,45.70,53.20,50.70,34.60,41.20,71.50,45.70,34.20,64.20,81.40
Berkshire Hathaway Class B,BRK-B,8.40,8.30,15.40,10.20,32.40,14.80,5.80,NA,8.40,4.40,9.20,21.00,9.30,97.60,23.00,40.40,36.70,54.50,41.90,46.60,70.10,40.40,63.40,82.20,19.80,18.70,26.70,19.80
Broadcom Inc.,AVGO,94.80,33.90,7.20,74.40,91.40,40.80,45.00,NA,35.80,59.80,78.00,91.40,90.10,10.30,88.80,7.00,61.00,93.30,33.30,29.90,35.60,31.50,4.20,85.40,5.20,NA,NA,NA
Jpmorgan Chase & Co.,JPM,2.60,7.10,4.80,38.80,2.00,94.80,89.40,NA,7.60,91.20,63.80,4.20,7.50,8.70,8.70,19.30,90.50,58.50,96.20,33.30,94.70,6.70,98.00,95.50,1.10,2.10,2.30,1.60
Eli Lilly & Co.,LLY,11.60,11.30,93.20,10.60,23.80,11.00,0.60,NA,12.00,34.80,45.40,24.40,19.00,63.20,0.20,64.50,25.30,64.90,26.90,37.50,58.00,38.30,22.20,3.60,69.50,57.50,19.30,49.80
Unitedhealth Group Incorporated,UNH,27.60,34.70,76.20,55.60,6.80,7.80,30.20,NA,37.40,47.60,44.60,42.50,39.10,40.90,39.60,41.00,60.00,41.80,28.60,36.90,38.80,38.50,43.20,48.80,37.00,61.40,38.40,50.20
Exxon Mobil Corporation,XOM,59.40,52.80,69.50,34.80,71.40,58.00,59.20,NA,54.80,52.80,79.20,8.80,73.80,64.20,54.50,86.90,68.70,38.40,38.70,32.40,38.20,52.60,43.40,43.60,39.50,40.60,41.60,50.90
Visa Inc.,V,19.00,17.70,40.50,28.80,38.20,20.80,47.20,17.30,31.20,44.80,39.80,22.00,19.80,34.40,45.10,21.10,19.30,34.40,8.20,79.40,21.50,15.20,16.30,21.80,6.60,20.30,68.40,6.50
Mastercard Incorporated,MA,26.80,19.40,54.70,25.40,24.60,45.20,22.60,NA,21.00,34.20,25.20,26.70,17.70,22.10,48.20,27.00,20.70,11.50,35.60,19.90,43.70,15.70,21.40,6.50,14.10,99.80,23.30,41.90
Costco Wholesale Corp,COST,53.60,53.20,40.70,62.40,21.80,82.00,58.20,61.20,65.40,45.60,69.80,75.40,63.90,67.00,81.10,44.30,65.80,70.10,59.20,65.00,75.90,72.80,62.30,64.50,74.50,65.60,64.00,80.00
"Home Depot, Inc.",HD,44.00,43.10,36.50,36.80,62.20,53.20,27.00,51.00,13.60,26.80,54.60,29.70,25.40,47.00,35.40,38.50,35.50,40.70,49.30,61.20,40.10,65.70,74.00,42.00,43.00,27.70,44.70,47.40
Procter & Gamble Company,PG,42.80,38.30,33.10,64.40,59.00,32.00,25.40,43.90,27.80,34.60,43.60,37.10,92.30,55.30,16.70,49.20,74.10,25.10,34.30,30.50,23.90,32.40,25.60,42.70,40.70,45.50,31.20,42.10
Johnson & Johnson,JNJ,61.00,9.50,85.80,37.20,43.60,62.60,10.80,NA,9.60,38.00,29.40,52.30,53.00,50.80,98.20,28.90,32.40,20.30,29.90,46.80,49.90,31.30,36.80,34.80,52.00,44.60,28.80,33.30
Walmart Inc.,WMT,72.40,80.20,49.90,82.80,32.60,82.60,60.80,82.70,84.40,72.20,88.00,59.50,93.80,85.80,78.50,68.60,63.30,44.30,47.40,53.00,45.40,62.60,54.00,59.30,71.40,61.70,50.00,60.20
Netflix Inc,NFLX,18.00,39.50,28.90,13.20,36.60,57.20,31.00,NA,41.60,10.80,6.00,20.00,4.00,4.00,4.50,2.30,1.20,6.50,11.20,40.00,43.10,57.20,79.50,93.30,97.70,97.70,94.90,96.50
"Salesforce, Inc.",CRM,77.00,83.50,19.40,93.40,82.60,36.00,15.00,84.70,99.60,93.80,34.00,99.00,88.10,97.00,95.50,0.20,2.50,1.50,2.50,0.40,96.60,89.10,94.10,99.60,100.00,94.00,98.80,96.00
Bank of America Corporation,BAC,6.60,59.70,5.00,82.20,4.40,97.40,49.60,NA,61.20,6.20,5.00,72.30,79.80,48.60,12.00,24.00,63.10,94.40,98.10,3.20,99.60,0.40,99.30,28.10,14.80,13.90,4.40,5.10
Abbvie Inc.,ABBV,92.60,96.00,90.40,58.60,88.60,93.80,92.60,NA,95.40,81.60,76.60,90.20,61.90,78.90,69.10,31.60,48.80,72.40,48.20,27.80,63.10,26.70,27.30,NA,NA,NA,NA,NA
Oracle Corp,ORCL,62.60,64.90,79.80,67.80,81.80,11.40,85.60,72.40,74.20,55.60,32.00,33.90,36.90,91.50,53.50,53.70,47.50,36.50,32.80,44.50,35.20,44.10,43.60,44.70,39.80,48.00,32.80,24.70
Chevron Corporation,CVX,75.60,58.70,71.50,47.40,48.80,92.80,47.60,NA,60.40,54.60,73.00,5.00,97.60,73.70,76.80,0.60,94.80,57.00,56.40,50.20,52.70,55.00,59.30,39.10,43.60,53.80,48.10,20.90
"Merck & Co., Inc.",MRK,51.60,99.80,85.40,27.80,27.40,10.20,55.20,NA,99.80,48.20,24.20,43.70,42.50,65.40,80.90,65.80,88.80,9.00,82.30,51.50,69.10,98.90,16.70,23.80,81.60,59.40,61.40,46.70
Wells Fargo & Co.,WFC,51.00,76.20,25.90,90.00,4.00,92.00,82.40,NA,76.80,78.40,4.80,27.30,8.50,59.90,16.90,12.10,12.70,10.20,82.10,89.80,13.20,49.30,72.20,6.10,26.80,95.60,3.70,85.80
Coca-Cola Company,KO,10.00,20.40,11.40,50.00,17.20,40.20,43.00,NA,22.00,36.40,44.40,32.10,26.00,30.20,93.70,40.20,46.50,47.60,27.40,25.80,22.60,12.60,29.30,42.20,31.40,35.80,39.80,27.40
Advanced Micro Devices,AMD,27.80,71.60,25.70,76.00,93.20,18.80,43.80,NA,72.60,90.20,28.20,15.20,47.00,7.70,5.50,11.30,10.60,7.10,63.20,9.50,11.50,4.60,31.70,17.50,10.20,0.70,99.50,99.30
"Cisco Systems, Inc.",CSCO,39.00,19.00,45.50,60.60,78.40,14.00,15.20,19.40,57.00,33.60,53.80,39.30,42.30,99.80,50.00,34.20,43.60,52.00,32.60,47.70,53.50,35.00,50.00,54.40,46.80,52.90,39.50,51.90
"Pepsico, Inc.",PEP,37.80,48.80,44.10,17.00,8.80,89.60,61.20,NA,51.60,40.20,59.00,45.90,37.90,11.30,73.40,58.40,70.70,54.70,43.20,44.10,41.40,37.40,26.70,46.10,34.50,26.80,49.10,25.30
Accenture Plc,ACN,35.40,31.90,69.30,56.80,49.60,13.00,80.20,36.70,44.40,53.80,58.40,52.90,43.30,52.80,49.80,27.90,40.20,24.20,14.70,59.50,51.60,57.60,64.30,62.50,81.40,89.80,75.60,82.80
Adobe Inc.,ADBE,35.20,39.70,38.70,38.20,74.20,30.60,40.00,NA,41.80,67.60,56.80,25.30,49.80,57.30,62.40,69.50,81.50,95.00,92.60,65.90,63.50,45.90,80.80,53.00,76.80,72.30,31.60,47.00
Linde Plc,LIN,49.00,50.60,62.50,35.60,46.00,56.80,54.60,NA,53.20,82.00,86.80,85.40,85.70,12.80,79.70,67.60,62.70,59.70,58.10,58.90,48.60,52.80,54.20,64.30,65.70,68.60,77.00,61.40
Mcdonald's Corporation,MCD,25.60,24.20,39.30,19.40,48.60,35.40,37.60,NA,26.00,39.40,38.00,36.30,40.10,29.40,25.40,35.70,47.70,40.50,31.40,34.50,34.10,33.30,31.90,47.20,78.20,39.00,63.30,56.50
"Servicenow, Inc.",NOW,92.20,71.80,55.10,78.20,92.00,92.40,36.60,NA,72.80,97.60,97.40,97.60,71.20,0.60,3.00,10.70,5.40,4.80,3.60,5.90,91.70,8.90,15.00,14.80,9.50,NA,NA,NA
"Thermo Fisher Scientific, Inc.",TMO,50.20,43.50,44.70,40.20,36.40,71.60,43.60,NA,45.20,48.40,39.60,34.50,39.70,56.70,65.40,55.50,45.60,37.80,52.40,62.30,32.00,46.50,62.80,49.70,75.70,85.70,31.90,13.30
Abbott Laboratories,ABT,52.20,33.30,59.50,51.20,33.20,61.60,37.40,NA,35.00,53.40,56.40,62.70,59.90,83.20,97.40,80.10,13.30,54.30,32.40,54.20,65.00,64.80,32.40,54.80,51.80,93.10,54.20,37.40
Ge Aerospace,GE,20.40,8.50,25.50,15.40,27.20,63.40,96.20,NA,8.60,99.20,4.60,17.20,3.80,6.30,5.90,11.70,3.30,64.70,70.10,78.40,78.70,87.40,68.70,89.00,79.30,56.10,82.10,74.70
Texas Instruments Incorporated,TXN,35.60,16.50,42.10,46.00,35.00,42.00,28.20,NA,17.40,25.40,30.00,25.70,38.50,37.70,51.40,35.20,46.10,37.60,51.20,70.10,47.10,26.50,57.30,65.80,65.20,11.80,59.80,55.60
International Business Machines Corporation,IBM,76.20,68.30,3.00,32.80,86.00,40.40,60.40,NA,69.00,96.40,81.80,88.20,53.80,64.80,85.00,43.20,34.40,39.90,17.30,26.10,30.50,39.80,45.40,56.20,56.80,62.60,71.90,63.70
Intuit Inc,INTU,58.00,57.90,1.80,58.20,69.80,9.00,98.00,66.30,77.20,76.40,61.60,35.90,49.60,64.60,59.80,46.70,94.20,55.50,53.50,55.50,54.80,57.80,57.90,66.50,64.50,55.40,57.00,63.00
Philip Morris International Inc.,PM,28.40,27.20,32.90,67.60,15.60,46.20,56.40,NA,30.00,38.60,46.80,29.30,44.80,31.20,51.80,30.70,24.90,15.20,23.40,20.30,28.80,34.30,30.80,34.60,18.90,23.10,17.90,24.20
Caterpillar Inc.,CAT,29.40,31.30,50.30,33.00,29.20,45.60,46.00,NA,33.60,37.40,27.60,72.10,22.80,22.50,96.10,0.00,86.90,77.70,82.90,15.90,44.60,63.70,96.50,45.20,84.30,65.40,25.60,1.90
Goldman Sachs Group Inc.,GS,4.60,3.40,2.40,95.80,25.80,15.00,1.20,NA,4.00,16.40,5.80,6.80,86.50,71.10,3.30,18.40,25.10,4.60,7.80,62.10,94.20,5.00,87.00,23.60,2.00,1.40,3.00,0.90
Intuitive Surgical Inc.,ISRG,11.40,17.50,40.30,36.60,15.20,14.40,38.60,NA,18.80,34.40,38.80,41.30,24.80,20.20,62.80,45.50,37.30,53.40,33.90,30.90,39.40,40.90,51.80,46.30,50.70,50.60,14.00,32.10
Qualcomm Inc,QCOM,31.40,6.00,13.60,48.00,62.40,29.40,83.80,5.10,55.80,13.60,32.60,26.50,59.70,5.30,69.70,36.10,19.50,20.00,32.20,17.40,25.40,32.20,90.70,33.00,28.60,46.20,34.90,41.20
The Walt Disney Company,DIS,88.80,88.10,99.00,25.60,0.40,32.80,99.00,89.80,94.60,76.20,88.80,4.60,11.10,26.50,44.90,44.90,35.70,33.00,49.90,45.10,46.90,55.40,49.60,38.20,29.30,70.40,64.90,70.00
Amgen Inc,AMGN,61.40,32.30,41.30,89.40,3.20,20.20,54.20,NA,34.40,61.60,61.40,43.10,25.20,43.70,93.50,39.50,36.90,57.60,27.80,41.50,41.60,31.70,38.50,49.20,68.20,71.80,41.90,49.30
Comcast Corp,CMCSA,62.40,68.10,67.90,37.40,77.40,58.60,68.60,NA,68.80,95.00,78.40,78.20,71.00,74.10,19.90,77.70,80.50,73.30,71.40,81.40,88.90,86.70,80.40,95.30,96.40,88.50,97.70,95.80
Verizon Communications,VZ,94.00,91.70,86.40,71.20,63.40,4.40,74.20,NA,91.80,71.00,70.40,78.00,67.70,76.30,16.10,59.40,77.60,89.10,90.10,98.50,98.70,99.10,97.10,95.70,98.20,96.30,90.90,84.40
Booking Holdings Inc.,BKNG,64.20,61.10,27.30,58.80,91.20,94.40,13.60,NA,62.40,82.60,84.80,42.70,17.30,42.30,72.20,67.00,28.40,25.50,26.50,32.80,31.80,47.60,23.30,61.30,21.10,58.40,10.50,36.00
Morgan Stanley,MS,3.40,1.80,6.80,2.00,86.20,1.80,51.60,NA,2.20,5.40,82.00,4.80,94.20,12.60,7.10,14.50,12.00,7.50,98.30,100.00,56.50,97.40,0.70,100.00,1.40,0.50,1.40,1.40
Rtx Corporation,RTX,78.40,83.30,61.30,99.40,18.20,85.00,3.40,NA,84.20,53.00,72.20,7.80,57.30,31.60,35.80,18.60,15.10,23.60,25.30,37.10,36.50,38.00,39.60,43.10,36.80,44.10,47.20,35.60
American Express Company,AXP,52.60,77.60,10.20,51.00,81.40,86.60,89.20,NA,78.60,90.80,71.40,63.30,72.80,37.90,92.70,53.50,76.60,66.80,53.70,56.40,73.80,75.70,82.20,91.70,81.10,85.90,80.50,83.50
S&p Global Inc.,SPGI,50.40,44.20,51.90,53.20,36.80,72.20,41.00,NA,45.80,17.80,35.40,48.10,36.50,21.50,43.30,17.00,10.00,0.80,8.00,60.80,49.50,58.90,57.70,52.60,68.00,67.00,69.50,39.80
At&t Inc.,T,96.40,86.10,1.20,81.20,80.00,91.60,86.80,NA,87.20,2.00,79.40,1.80,89.90,77.50,39.80,88.30,87.60,94.60,66.10,95.10,97.00,59.10,80.60,1.30,92.50,80.80,88.80,65.60
Lowe's Companies Inc.,LOW,47.40,18.80,23.20,43.20,83.40,31.00,14.00,18.40,40.80,39.60,74.00,23.60,85.30,51.60,66.30,69.10,67.00,64.10,67.20,80.30,66.70,75.20,61.00,57.10,52.50,50.80,45.30,54.90
Danaher Corporation,DHR,57.00,50.80,65.50,53.80,65.80,45.80,47.40,NA,53.40,38.20,45.00,60.10,37.30,54.90,46.50,42.60,23.90,43.40,35.80,47.20,27.30,25.40,46.90,48.50,32.00,49.90,42.60,39.10
Applied Materials Inc,AMAT,22.20,6.30,48.10,18.60,44.40,21.80,56.20,6.10,35.20,18.80,18.00,24.60,27.40,26.90,24.20,46.90,15.60,56.40,79.60,98.10,31.10,63.30,8.60,68.80,40.00,42.50,23.70,26.00
"Nextra Energy, Inc.",NEE,73.40,53.60,76.40,79.00,55.20,73.60,87.00,NA,55.20,88.60,88.20,83.20,76.60,17.80,32.10,76.60,78.40,79.10,82.70,72.90,73.10,66.70,78.90,80.00,91.10,75.80,66.70,87.20
Progressive Corporation,PGR,72.00,87.30,83.20,76.20,72.20,35.60,87.40,NA,88.20,98.40,83.40,29.10,54.60,79.80,78.90,85.00,66.20,36.30,56.00,68.20,49.30,51.50,40.10,1.10,55.20,39.30,48.60,51.40
"Uber Technologies, Inc.",UBER,46.40,69.80,25.10,62.80,4.60,19.00,93.20,NA,70.60,7.00,14.40,14.40,9.70,4.50,10.60,98.20,NA,NA,NA,NA,NA,NA,NA,NA,NA,NA,NA,NA
Pfizer Inc.,PFE,87.80,94.80,52.70,0.20,20.80,6.40,5.00,NA,94.40,22.00,55.80,70.50,12.90,49.80,15.20,77.50,74.70,65.80,9.90,25.00,71.40,41.50,62.10,82.00,62.70,18.00,68.80,41.40
"Eaton Corporation, Plcs",ETN,22.60,23.60,42.70,24.00,26.00,41.00,36.00,NA,25.40,28.00,21.40,71.10,53.40,35.20,17.90,38.10,27.20,15.90,27.20,43.00,16.00,40.20,87.20,44.50,30.50,58.70,46.70,32.30
Union Pacific Corp.,UNP,44.60,36.70,56.90,34.60,50.80,43.80,42.80,NA,39.20,50.20,50.40,51.90,48.20,51.00,13.40,65.20,53.50,41.10,50.70,54.40,62.00,47.80,53.50,67.00,70.20,70.00,85.80,93.00
"Blackrock, Inc.",BLK,13.80,10.90,13.60,28.20,12.60,44.20,21.00,NA,11.00,23.60,14.60,18.00,11.50,10.10,15.40,16.80,16.40,11.30,28.40,15.50,27.50,29.30,48.20,84.50,11.80,82.20,25.30,51.60
"Honeywell International, Inc.",HON,30.00,14.70,48.70,21.20,20.20,73.20,31.40,NA,16.20,29.40,25.40,34.30,22.20,16.60,88.60,29.70,24.70,24.40,19.20,27.50,39.70,71.30,58.80,45.60,59.30,59.80,50.90,59.50
"Tjx Companies, Inc.",TJX,41.60,40.30,51.50,14.80,76.20,27.20,40.40,46.90,29.20,21.80,99.40,30.90,39.30,28.10,56.10,36.90,41.50,26.30,53.90,35.60,49.00,64.60,34.80,68.10,61.40,66.10,60.20,24.40
Citigroup Inc.,C,4.80,1.00,2.80,5.00,87.00,8.80,93.80,NA,1.20,69.20,89.60,5.20,5.60,72.90,26.00,92.20,80.70,96.20,93.10,69.10,92.10,89.60,100.00,3.80,0.20,8.10,37.20,5.60
Blackstone Inc.,BX,67.80,89.30,91.60,29.00,14.80,94.20,67.00,NA,89.80,81.80,8.20,19.60,9.50,7.30,6.10,10.20,92.10,15.40,86.70,86.00,1.50,18.00,11.90,6.70,6.40,2.80,77.40,6.50
Boston Scientific Corp.,BSX,0.20,54.40,0.20,80.80,20.40,61.20,41.80,NA,56.20,83.60,70.80,1.40,8.90,7.90,97.80,86.70,3.90,94.20,0.80,8.30,77.40,6.30,10.60,10.80,4.10,5.80,49.50,55.80
Conocophillips,COP,75.20,66.90,83.80,72.60,76.00,56.40,66.00,NA,67.80,63.00,79.60,5.60,52.60,73.90,1.60,8.00,5.00,81.40,62.10,59.10,54.40,48.90,75.30,7.40,79.10,50.30,37.40,43.70
Stryker Corporation,SYK,22.80,26.60,62.70,17.40,19.20,39.60,50.20,NA,29.40,32.80,64.80,70.30,19.40,10.90,54.70,26.40,12.40,90.60,65.90,35.40,22.00,30.40,35.20,29.20,22.00,28.20,36.50,30.90
Vertex Pharmaceuticals Inc,VRTX,63.40,16.30,43.10,28.40,45.80,12.60,33.20,NA,17.20,43.20,30.40,28.30,38.90,9.70,86.80,6.60,13.10,9.40,6.30,4.40,94.00,13.90,18.90,19.60,13.00,8.80,16.30,14.90
"Palo Alto Networks, Inc.",PANW,36.00,32.70,49.70,66.80,21.40,95.80,61.40,38.80,96.60,1.20,1.60,2.80,0.60,2.20,3.70,4.70,4.40,5.40,1.70,99.40,2.30,8.30,19.60,NA,NA,NA,NA,NA
Automatic Data Processing,ADP,32.20,22.40,26.30,54.00,49.80,33.20,11.40,23.50,33.00,29.00,35.60,30.50,25.60,56.90,35.00,34.00,37.60,25.30,20.60,44.30,39.00,41.70,28.40,51.20,27.70,34.90,43.30,44.40
"Fiserv, Inc.",FI,70.40,62.30,94.40,52.00,45.40,60.40,55.60,NA,63.80,74.00,90.20,92.00,88.70,40.70,31.90,54.70,69.10,61.60,54.10,42.80,71.20,66.10,56.20,46.50,51.60,52.40,29.50,64.90
Palantir Technologies Inc. Class A,PLTR,74.40,93.10,85.00,30.20,47.60,84.00,63.40,NA,92.80,5.00,4.40,13.20,8.10,7.50,NA,NA,NA,NA,NA,NA,NA,NA,NA,NA,NA,NA,NA,NA
Bristol-Myers Squibb Co.,BMY,3.60,62.50,95.60,45.80,11.40,75.40,79.40,NA,64.00,80.40,83.60,6.20,81.70,31.40,93.10,16.00,23.70,52.20,38.90,91.10,34.50,47.00,17.60,22.50,52.70,46.00,12.30,35.80
Lockheed Martin Corp.,LMT,34.60,25.40,52.50,35.00,40.80,36.20,57.80,NA,27.20,51.80,54.20,28.10,25.80,9.90,87.00,21.90,44.80,17.10,48.80,11.00,55.00,30.00,23.60,47.40,48.20,57.70,67.00,77.40
Gilead Sciences Inc,GILD,100.00,44.40,89.80,19.00,8.40,46.60,16.40,NA,46.00,78.00,72.00,99.60,62.30,56.30,81.90,33.40,23.00,16.90,14.90,30.30,33.90,17.20,28.20,31.50,24.80,3.90,17.00,22.30
"Micron Technology, Inc.",MU,99.40,98.80,93.40,96.60,63.20,7.00,7.40,99.00,6.40,71.20,80.00,87.00,74.20,33.80,57.70,1.60,65.10,67.20,48.40,5.10,99.10,55.90,11.00,10.60,3.40,97.20,98.60,97.20
"T-Mobile Us, Inc.",TMUS,74.20,78.20,69.10,66.20,78.80,75.20,79.60,NA,79.20,96.60,95.40,84.00,70.80,44.10,17.10,93.60,97.30,98.70,99.80,88.80,89.60,95.90,93.20,90.60,99.10,98.60,47.90,6.50
The Charles Schwab Corporation,SCHW,97.80,4.00,99.20,1.60,5.80,98.00,2.80,NA,4.80,9.20,8.60,70.90,83.50,90.70,11.60,45.10,15.80,63.30,50.30,42.40,84.60,7.80,58.40,15.50,14.50,54.30,18.10,80.70
Starbucks Corp,SBUX,69.60,56.70,87.80,55.00,27.60,73.00,54.00,64.30,50.00,50.60,53.20,60.90,44.40,82.60,50.40,58.00,41.70,7.30,100.00,31.40,33.30,60.90,85.90,95.10,76.40,77.40,70.50,71.20
Medtronic Plc,MDT,59.80,67.90,23.00,23.60,93.40,60.80,16.00,75.50,58.20,60.20,67.00,47.50,50.60,54.50,61.80,50.00,67.40,55.10,40.60,28.20,27.10,37.20,56.40,57.50,23.90,16.90,56.50,42.60
"Marsh & Mclennan Companies, Inc.",MMC,19.80,24.00,80.60,30.40,8.20,73.40,80.00,NA,25.80,35.40,28.80,57.90,41.10,51.80,37.80,29.10,26.10,43.00,13.50,22.50,59.70,14.10,77.10,1.60,9.30,17.60,19.80,99.10
"Analog Devices, Inc.",ADI,84.00,NA,72.90,82.60,84.00,74.00,37.00,NA,49.60,66.20,76.20,56.50,59.10,61.10,54.90,51.00,35.90,38.20,36.40,32.20,19.80,42.20,55.10,24.00,64.30,29.80,59.50,37.70
Boeing Company,BA,10.80,2.80,16.80,83.00,97.40,0.20,8.40,NA,3.20,4.80,14.00,48.90,91.90,51.20,58.70,76.20,66.40,56.20,63.60,69.70,18.30,14.80,90.10,12.80,86.10,94.20,89.30,65.10
Intel Corp,INTC,5.40,97.80,12.60,3.00,90.00,55.00,99.20,NA,97.00,77.20,56.00,58.90,54.20,47.80,77.80,75.20,59.30,62.20,73.70,61.70,56.10,45.40,75.10,79.80,71.80,79.70,65.80,58.60
"Prologis, Inc.",PLD,52.00,63.50,49.10,40.00,71.80,54.20,81.80,NA,65.00,41.60,22.20,68.50,46.40,23.90,23.60,30.90,22.40,19.20,41.10,1.50,3.60,97.80,2.20,2.90,15.00,58.20,29.30,78.80
Chubb Limited,CB,55.00,52.20,66.10,69.20,65.60,28.60,75.00,NA,54.40,82.40,46.00,83.40,45.80,46.40,30.70,35.00,41.90,52.60,17.70,58.30,84.40,23.70,34.40,93.50,72.30,69.30,96.00,94.20
Kkr & Co. Inc.,KKR,88.60,5.00,73.90,92.80,90.20,65.20,39.00,NA,6.00,98.80,3.00,4.00,2.80,2.60,4.30,3.10,14.30,88.90,92.20,97.20,0.00,8.00,12.60,78.00,0.90,NA,NA,NA
Deere & Company,DE,30.40,12.30,65.30,17.60,8.60,74.80,23.20,NA,13.40,13.00,44.80,83.00,19.20,11.70,23.20,83.40,70.10,19.80,12.00,10.00,11.90,30.70,70.90,26.30,55.50,12.00,16.00,14.00
Arista Networks,ANET,30.80,16.10,55.70,49.60,32.00,23.80,36.20,NA,17.00,9.60,37.60,27.50,21.80,55.90,52.40,17.40,58.90,34.00,10.10,30.10,7.50,NA,NA,NA,NA,NA,NA,NA
Lam Research Corp,LRCX,39.20,29.60,48.30,19.60,59.40,47.00,24.80,31.60,27.60,13.40,17.80,21.40,47.60,25.70,32.70,50.40,27.40,20.90,96.40,88.30,28.40,18.50,16.50,44.90,31.80,26.30,47.70,66.70
"Elevance Health, Inc.",ELV,8.00,39.90,81.80,7.80,34.00,4.00,69.00,NA,42.00,56.60,49.80,77.80,33.90,19.60,26.60,36.30,56.40,33.40,21.30,18.60,32.20,10.00,18.70,28.80,40.50,45.30,40.50,37.20
The Southern Company,SO,71.00,69.60,77.20,75.80,45.60,69.00,68.00,NA,70.40,72.60,87.00,73.10,28.80,87.90,95.90,72.70,86.10,88.30,91.20,71.60,81.90,66.50,61.90,73.30,75.90,69.70,58.10,59.30
"United Parcel Service, Inc. Class B",UPS,57.40,51.80,28.30,47.20,88.80,46.00,67.60,NA,54.00,40.60,32.40,96.00,69.80,83.00,10.40,69.70,53.10,68.50,58.30,96.40,63.80,22.40,74.40,89.20,93.40,46.70,52.10,50.50
Ge Vernova Inc.,GEV,90.60,2.40,2.60,16.80,91.00,99.40,5.20,NA,2.80,7.20,87.40,NA,NA,NA,NA,NA,NA,NA,NA,NA,NA,NA,NA,NA,NA,NA,NA,NA
The Cigna Group,CI,88.20,79.60,18.60,7.60,1.60,43.00,99.60,NA,80.80,46.60,47.40,29.90,67.90,50.20,66.70,76.40,35.30,11.90,7.40,48.50,24.30,34.10,18.10,97.50,32.50,11.50,11.20,18.40
Trane Technologies Plc,TT,38.00,27.00,60.70,22.60,25.20,60.20,47.00,NA,29.80,19.20,28.40,58.10,42.10,21.10,30.90,23.20,33.80,15.70,66.30,24.20,89.10,21.50,88.50,13.30,10.70,19.40,14.90,11.20
"Nike, Inc.",NKE,50.60,34.90,18.20,61.20,70.80,57.40,8.00,39.80,28.00,19.40,32.20,22.60,48.80,81.40,17.30,19.50,46.30,19.60,26.70,14.20,13.00,55.20,27.80,29.40,36.60,37.20,37.70,51.20
"Altria Group, Inc.",MO,14.00,25.00,29.90,6.40,55.00,48.20,40.80,NA,27.00,57.40,92.20,66.50,1.60,32.20,11.20,13.50,22.60,11.10,13.30,16.30,21.70,11.30,24.70,27.20,23.40,29.60,24.00,23.50
American Tower Corporation,AMT,97.00,91.50,8.20,49.80,57.80,98.20,73.40,NA,91.60,81.00,73.20,77.60,72.20,87.00,79.10,87.10,91.10,84.60,85.90,76.30,86.80,81.70,85.00,81.30,99.80,100.00,2.60,2.60
Parker-Hannifin Corporation,PH,31.00,27.60,31.90,54.60,41.80,28.20,22.20,28.60,47.20,75.00,55.00,61.10,24.00,54.00,42.10,47.70,34.00,35.30,29.70,40.30,23.50,74.60,68.50,47.60,28.40,53.60,47.00,67.40
The Sherwin-Williams Company,SHW,33.00,48.40,45.10,44.20,13.60,78.00,58.00,NA,51.40,23.20,37.00,58.30,50.40,65.20,24.60,30.50,42.90,29.60,43.80,37.90,58.20,50.40,63.70,70.60,50.20,53.10,55.30,39.30
Intercontinental Exchange Inc.,ICE,59.60,50.20,46.50,66.40,52.20,78.40,44.20,NA,52.80,88.20,12.80,39.50,42.90,36.60,16.50,52.70,18.90,50.90,85.70,40.50,42.40,37.60,45.20,39.80,31.60,23.60,33.00,64.40
Kla Corporation,KLAC,27.20,28.40,31.30,29.40,61.40,29.60,31.20,30.60,22.20,25.60,23.00,44.30,16.70,55.70,30.50,26.00,58.50,35.50,58.90,31.80,19.60,72.00,13.00,72.10,29.10,16.40,25.10,40.90
"Paypal Holdings, Inc.",PYPL,62.20,24.60,57.50,44.40,79.20,60.60,33.60,NA,26.60,87.60,51.20,45.30,59.30,83.60,47.60,78.90,73.90,95.40,71.80,71.40,NA,NA,NA,NA,NA,NA,NA,NA
Amphenol Corporation,APH,37.40,36.50,36.70,40.40,41.40,50.80,32.20,NA,39.00,35.80,19.40,36.10,35.50,15.80,63.20,37.50,40.90,29.00,25.90,28.60,22.20,14.30,58.60,34.40,25.70,30.00,27.20,31.40
"Mondelez International, Inc. Class A",MDLZ,40.00,15.30,54.30,45.20,36.20,51.40,31.60,NA,16.60,57.80,45.80,65.10,18.50,69.40,17.70,62.50,11.20,56.80,56.80,37.30,32.40,15.40,53.30,49.40,47.00,38.10,38.80,45.80
Regeneron Pharmaceuticals Inc,REGN,16.60,26.40,27.90,8.00,78.20,26.20,26.60,NA,28.80,37.00,15.20,17.60,24.40,14.80,26.80,60.00,75.10,77.20,39.40,8.90,9.40,4.30,24.40,31.00,7.30,7.20,10.20,4.70
Duke Energy Corporation,DUK,11.80,93.80,6.40,89.00,79.40,77.80,84.40,NA,93.40,86.20,79.80,95.00,77.60,84.00,75.40,89.50,83.00,90.80,78.10,87.90,74.80,90.90,83.90,84.70,81.80,76.90,54.40,85.10
"Equinix, Inc. Reit",EQIX,91.40,92.30,80.40,86.40,85.80,90.00,85.00,NA,92.20,94.00,96.20,94.60,92.50,94.10,94.70,98.40,95.40,2.30,96.60,93.00,96.20,98.30,93.40,78.20,0.00,0.00,3.50,3.70
Synopsys Inc,SNPS,13.40,42.50,34.70,57.00,11.80,26.00,56.60,NA,44.20,72.00,76.40,46.10,50.20,17.60,91.90,77.30,77.80,76.80,69.10,85.40,69.90,46.10,40.70,66.70,95.70,99.10,0.50,91.60
Pnc Financial Services Group,PNC,74.80,65.90,73.70,21.60,38.60,93.00,9.20,NA,67.00,62.00,42.20,49.70,42.70,52.40,25.20,21.30,40.00,34.90,35.40,77.80,69.30,43.50,72.70,98.70,7.00,23.80,5.60,9.80
Aon Plc Class A,AON,37.00,38.70,85.60,25.20,19.80,77.00,74.80,NA,41.20,43.40,68.00,42.30,26.80,53.40,12.20,60.70,48.10,23.40,46.10,47.50,20.00,23.00,17.80,21.30,54.50,48.30,31.40,74.00
"Motorola Solutions, Inc.",MSI,57.80,28.00,45.70,9.40,2.20,67.60,51.00,NA,30.60,50.00,55.20,59.70,75.20,25.30,1.40,74.40,57.90,5.20,10.90,28.40,11.30,87.60,1.50,13.90,0.50,20.10,22.10,70.20
Cadence Design Systems,CDNS,20.60,34.50,61.50,14.20,39.80,23.20,51.80,NA,37.20,60.60,62.00,48.30,12.70,65.00,78.00,77.00,51.50,72.00,75.40,12.10,88.70,42.60,14.30,14.20,44.50,91.90,99.30,94.90
"Waste Management, Inc.",WM,70.60,73.80,63.50,60.00,75.40,80.80,65.00,NA,75.00,79.40,84.20,77.20,80.80,67.60,59.10,83.60,91.50,63.90,99.20,87.70,81.70,77.60,72.90,83.60,80.20,82.00,76.50,79.80
Cme Group Inc.,CME,24.00,19.60,35.70,20.60,40.40,36.80,28.40,NA,21.20,35.20,17.20,33.10,34.10,35.40,11.00,28.30,28.20,21.50,33.70,41.70,10.70,44.80,35.00,63.40,35.00,33.00,36.00,45.60
"Chipotle Mexican Grill, Inc.",CMG,34.00,47.40,36.10,38.40,65.40,26.40,50.60,NA,49.00,60.80,76.00,66.10,73.20,90.50,82.50,99.40,47.30,50.30,55.40,51.90,66.30,53.00,65.90,86.50,79.50,86.80,78.40,96.30
General Dynamics Corporation,GD,15.80,44.60,53.30,22.00,10.40,34.20,53.80,NA,46.20,51.20,46.40,29.50,13.50,16.40,42.70,18.20,15.40,46.30,34.50,1.70,32.60,23.50,29.10,40.70,49.10,32.60,46.50,43.30
Zoetis Inc.,ZTS,32.40,17.30,47.70,18.20,38.80,54.40,32.60,NA,18.60,21.40,25.00,34.10,26.60,35.80,55.70,19.90,71.20,17.50,36.20,19.10,72.10,75.90,9.70,NA,NA,NA,NA,NA
Mckesson Corporation,MCK,73.00,46.20,98.00,2.80,94.80,16.20,46.20,52.00,48.80,93.40,4.00,92.80,99.80,99.40,19.70,58.20,76.10,82.50,65.50,73.10,67.60,62.80,50.90,24.30,67.30,95.20,0.90,15.10
U.S. Bancorp,USB,10.20,53.80,46.70,2.60,77.00,17.00,81.00,NA,55.40,92.40,40.20,17.80,11.90,53.60,24.00,20.70,51.00,10.90,68.60,46.00,71.00,51.70,85.50,69.70,12.00,32.10,14.20,29.50
Welltower Inc.,WELL,81.00,96.20,53.50,78.40,89.40,91.40,89.60,NA,95.60,98.00,97.20,0.40,86.70,71.50,83.90,52.50,53.90,78.50,97.10,87.50,82.70,83.30,63.90,35.30,73.90,80.10,78.60,55.10
"Crowdstrike Holdings, Inc. Class A",CRWD,98.80,99.40,97.40,97.60,96.00,97.20,99.40,100.00,1.60,3.40,1.20,8.60,7.30,8.50,11.80,NA,NA,NA,NA,NA,NA,NA,NA,NA,NA,NA,NA,NA
Transdigm Group Incorporated,TDG,36.60,27.80,39.50,43.00,25.40,71.20,27.20,29.60,20.60,31.80,48.20,62.10,23.60,23.10,41.50,29.50,25.50,62.60,50.50,34.10,51.80,29.60,29.50,49.00,37.70,9.20,83.30,98.10
Cintas Corp,CTAS,43.20,37.90,30.70,59.00,68.40,29.00,18.20,42.90,30.20,43.60,38.40,44.90,27.80,27.10,56.90,16.40,40.70,55.70,61.50,55.90,40.50,80.40,71.40,60.70,43.90,52.70,44.20,65.80
"Eog Resources, Inc.",EOG,63.00,49.60,72.10,60.40,66.60,48.00,39.60,NA,52.20,10.20,73.60,2.00,87.50,77.90,60.40,6.40,6.00,88.50,89.70,96.60,92.50,99.60,94.50,73.90,89.80,76.20,72.10,77.70
Colgate-Palmolive Company,CL,45.40,57.10,56.30,44.80,39.00,49.40,55.40,NA,59.00,57.20,59.20,39.70,38.10,36.40,53.30,35.50,77.00,48.90,42.70,36.40,26.70,47.20,41.90,33.90,38.00,48.50,40.20,34.90
Moody's Corporation,MCO,40.60,38.50,43.50,39.00,54.40,41.80,30.80,NA,41.00,29.80,17.00,28.90,26.20,25.90,14.60,95.30,29.50,14.80,21.70,26.90,43.30,33.70,48.90,35.50,48.90,22.20,35.60,27.00
Constellation Energy Corporation,CEG,4.20,2.00,13.20,4.00,6.60,100.00,5.40,NA,2.40,99.00,98.60,23.40,84.10,98.00,NA,NA,NA,NA,NA,NA,NA,NA,NA,NA,NA,NA,NA,NA
Illinois Tool Works Inc.,ITW,17.40,28.20,23.40,22.40,29.40,43.60,35.00,NA,30.80,16.60,19.00,36.90,26.40,24.50,48.40,28.70,28.00,8.10,47.60,12.30,16.40,19.10,70.50,52.80,42.50,37.60,33.50,22.60
Emerson Electric Co.,EMR,60.20,59.50,33.30,89.60,60.80,81.80,6.40,69.40,7.00,21.20,60.20,50.70,35.90,41.10,37.60,64.30,17.00,61.00,64.60,53.60,34.30,49.60,57.00,47.00,49.30,49.00,54.70,60.00
Northrop Grumman Corp.,NOC,64.80,69.20,31.70,51.80,7.20,3.60,38.00,NA,69.80,11.80,10.00,37.70,69.40,30.00,40.40,34.80,21.60,30.50,31.20,41.10,17.90,27.20,32.20,4.50,60.70,31.20,71.40,61.60
3m Company,MMM,9.00,3.80,9.60,21.40,32.20,68.00,6.00,NA,4.60,24.00,41.20,45.70,52.80,31.80,39.20,37.70,39.20,35.70,29.30,26.70,29.40,32.80,45.60,42.90,23.20,21.90,41.20,40.70
Capital One Financial,COF,97.60,95.20,88.40,98.20,82.40,97.00,92.20,NA,94.80,75.80,20.80,94.40,87.70,75.30,95.70,89.80,85.50,75.80,78.30,83.70,79.10,85.70,83.00,0.20,99.50,51.70,76.00,86.70
"O'reilly Automotive, Inc.",ORLY,37.20,NA,53.70,41.00,35.80,39.00,49.00,NA,36.60,58.80,55.60,54.70,30.00,40.10,36.00,44.50,43.20,50.10,36.60,73.90,76.10,56.30,21.10,59.60,56.60,24.50,37.90,52.10
Target Corporation,TGT,68.00,75.00,66.50,36.40,83.00,63.80,81.20,78.60,48.20,43.00,84.40,74.30,73.00,79.10,71.70,63.30,3.50,90.00,62.90,67.40,62.70,76.70,64.80,51.50,69.30,73.00,20.70,57.20
Csx Corporation,CSX,49.40,50.00,66.90,33.80,46.40,53.60,62.20,NA,52.60,51.00,48.80,49.10,48.40,48.40,13.00,65.00,61.80,61.80,61.70,56.80,66.50,71.10,56.60,80.70,62.30,61.90,19.50,94.00
Cvs Health Corporation,CVS,17.00,56.30,3.40,61.00,93.60,6.80,32.00,NA,58.40,93.00,82.60,75.20,69.60,1.40,33.70,70.10,56.20,62.40,30.30,61.90,58.60,42.40,25.10,37.80,34.30,42.00,39.10,18.10
"Air Products & Chemicals, Inc.",APD,18.20,15.50,13.60,63.20,58.00,28.00,45.60,15.30,44.80,57.00,62.60,61.90,61.30,63.00,11.40,93.90,69.50,78.10,52.00,52.80,45.00,48.00,66.30,70.80,52.30,73.40,74.00,62.30
Williams Companies Inc.,WMB,70.00,68.50,62.10,88.20,75.80,54.00,64.20,NA,69.20,87.00,87.20,97.80,94.00,1.00,31.30,2.00,2.10,13.40,94.70,73.50,97.20,3.00,97.40,83.10,84.80,98.20,96.50,98.40
"Becton, Dickinson and Co.",BDX,80.60,78.00,13.60,81.80,37.00,82.20,98.20,81.60,74.00,61.20,81.60,91.20,85.90,97.40,78.70,85.20,85.30,46.10,22.30,51.30,38.40,36.30,39.20,54.20,47.70,54.00,65.30,79.10
Autodesk Inc,ADSK,24.60,47.20,22.80,68.40,64.00,11.80,14.40,54.10,84.80,92.20,35.20,95.20,1.80,7.10,8.30,7.80,97.70,82.00,75.60,71.20,81.20,93.30,84.40,76.60,77.30,41.60,64.70,64.00
Marriot International Class A,MAR,27.00,17.90,53.10,26.40,56.60,24.60,29.40,NA,19.00,26.00,23.60,2.60,38.30,39.90,61.20,73.40,59.10,55.90,64.80,62.50,94.90,79.10,5.10,68.30,26.60,63.70,34.20,45.30
"Hca Healthcare, Inc.",HCA,65.20,65.10,83.60,44.00,64.20,52.00,75.20,NA,66.40,62.40,44.00,80.60,77.00,66.00,79.90,72.10,78.60,81.20,77.70,84.50,54.60,79.80,76.20,87.90,58.90,68.80,81.20,81.20
Fedex Corporation,FDX,65.40,70.60,52.10,64.00,72.60,63.00,70.00,76.50,78.80,89.20,75.20,91.00,98.00,19.80,59.60,89.10,95.90,73.90,86.30,80.70,83.40,80.90,99.60,91.50,70.50,78.30,80.20,92.30
General Motors Company,GM,64.00,74.60,74.90,70.60,40.60,55.40,71.60,NA,75.80,66.00,57.80,82.20,79.40,69.00,2.80,63.90,31.50,83.70,77.50,61.40,14.30,22.20,14.50,18.70,NA,NA,NA,NA
Freeport-Mcmoran Inc.,FCX,93.60,88.90,91.20,88.00,92.60,85.80,83.20,NA,89.40,61.40,70.20,89.20,1.20,63.40,82.10,8.80,9.10,1.30,76.00,31.10,46.30,46.70,48.50,11.90,79.80,43.20,56.00,55.30
Arthur J. Gallagher & Co.,AJG,77.80,75.80,86.00,9.60,51.00,0.60,88.60,NA,76.40,76.80,73.40,73.50,60.50,32.60,67.70,52.00,67.20,34.70,33.10,63.60,68.70,37.00,51.30,80.20,72.00,15.90,98.40,43.50
Carrier Global Corporation,CARR,8.80,71.00,10.40,8.40,16.60,76.60,86.60,NA,71.80,11.20,48.60,19.40,15.30,11.10,62.00,NA,NA,NA,NA,NA,NA,NA,NA,NA,NA,NA,NA,NA
"Oneok, Inc.",OKE,62.00,58.50,64.10,64.60,38.00,71.00,68.80,NA,60.20,69.00,66.40,87.40,51.40,68.80,87.40,92.60,94.00,92.70,94.30,87.10,91.30,78.50,91.90,56.00,96.10,90.50,6.30,14.70
"Ecolab, Inc.",ECL,47.00,63.70,32.10,39.20,65.00,68.20,66.40,NA,65.20,67.20,71.60,66.90,53.20,59.10,46.10,56.40,72.40,48.40,54.90,61.00,50.30,60.40,52.60,63.80,74.10,66.70,69.30,66.00
Schlumberger Limited,SLB,56.80,55.20,70.50,41.20,20.00,80.00,48.60,NA,57.20,31.00,85.80,11.40,6.00,83.80,3.90,4.10,94.40,74.50,44.80,28.80,29.60,33.90,53.10,40.90,33.00,44.30,43.50,49.10
Truist Financial Corporation,TFC,2.40,1.20,19.20,43.80,19.00,9.20,69.40,NA,1.40,72.40,38.60,56.90,9.10,43.30,70.30,26.80,43.80,49.50,87.80,68.00,90.00,92.00,11.70,94.20,12.30,11.30,24.20,68.60
"Fortinet, Inc.",FTNT,38.40,59.30,35.30,22.20,87.20,19.60,57.40,NA,61.00,79.20,85.60,75.60,83.10,69.80,98.60,99.20,99.60,97.30,89.50,87.30,74.00,78.90,22.70,97.10,5.00,4.80,NA,NA
Hilton Worldwide Holdings Inc.,HLT,56.60,60.10,67.70,26.40,51.60,83.40,61.60,NA,61.60,50.40,7.80,8.20,54.00,61.30,14.20,92.80,17.80,73.50,94.50,90.00,93.80,96.30,NA,NA,NA,NA,NA,NA
Norfolk Southern Corp.,NSC,49.20,62.90,34.50,47.00,92.20,36.40,41.40,NA,64.40,46.40,52.80,63.90,46.00,47.60,12.40,65.60,67.80,41.30,54.70,63.10,58.40,62.00,57.50,58.70,58.60,57.30,61.60,62.60
Paccar Inc,PCAR,17.60,13.90,44.30,9.00,48.00,22.60,26.20,NA,15.60,26.60,33.40,77.40,27.00,45.10,58.50,94.90,55.60,51.60,69.70,42.60,52.50,90.00,98.50,41.30,67.00,39.50,16.70,17.40
"Roper Technologies, Inc.",ROP,54.20,48.00,70.10,34.20,57.00,50.00,61.00,NA,51.00,15.20,68.80,52.70,13.30,54.70,38.20,48.80,39.40,32.80,46.90,45.30,43.50,50.90,44.90,56.40,46.40,48.70,69.10,59.10
"Airbnb, Inc. Class A",ABNB,79.20,11.50,23.80,66.60,96.80,10.60,11.00,NA,12.20,73.60,0.60,13.00,6.30,0.40,4.10,NA,NA,NA,NA,NA,NA,NA,NA,NA,NA,NA,NA,NA
"The Travelers Companies, Inc.",TRV,71.80,84.30,87.00,87.60,51.20,37.20,97.60,NA,85.20,88.80,77.00,79.80,71.80,64.40,66.90,44.10,18.00,13.20,16.60,38.10,52.00,16.30,28.00,30.60,28.20,30.30,81.40,95.30
Sempra,SRE,14.80,73.40,9.00,22.80,81.60,44.40,64.80,NA,74.60,59.00,99.20,71.30,77.40,88.50,98.00,61.70,77.20,66.00,62.30,79.20,40.30,85.00,52.40,30.30,74.80,33.30,12.10,20.20
"United Rentals, Inc.",URI,68.40,71.20,61.10,69.00,74.40,67.00,50.00,NA,72.20,81.20,87.80,85.60,84.50,82.20,60.80,91.80,92.30,90.20,92.80,96.80,95.70,0.70,2.40,7.90,86.80,95.80,93.50,0.70
Bank of New York Mellon Corporation,BK,5.20,65.30,12.40,63.40,4.20,1.60,94.40,NA,66.60,96.00,12.60,40.70,6.90,51.40,29.30,64.10,36.50,40.90,5.10,11.90,13.60,55.70,3.70,78.70,75.20,27.30,4.70,78.40
Johnson Controls International Plc,JCI,25.80,14.10,71.70,28.60,30.20,8.00,80.80,13.30,31.00,47.20,58.20,49.50,14.90,28.30,8.90,6.10,18.70,71.60,74.50,33.90,9.60,18.90,4.40,76.00,55.90,49.70,23.00,63.30
Nxp Semiconductors N.v.,NXPI,38.20,31.70,33.70,35.20,53.80,49.00,34.20,NA,34.00,54.40,65.00,98.80,97.80,71.90,27.60,1.40,16.00,86.60,81.30,2.30,8.50,4.80,89.90,16.90,NA,NA,NA,NA
Fair Isaac Corporation,FICO,33.20,30.60,60.10,59.60,24.40,27.80,55.00,34.70,23.20,52.20,24.00,49.30,40.90,58.30,63.40,61.90,53.30,65.30,48.00,46.20,65.20,54.80,72.00,73.70,68.40,75.30,58.40,68.10
"Digital Realty Trust, Inc.",DLR,96.80,61.90,98.60,96.40,49.40,98.80,13.00,NA,63.40,94.40,21.00,92.60,84.70,92.30,90.70,76.00,87.80,89.60,72.00,84.10,81.40,91.50,84.60,92.10,89.30,93.50,97.40,98.60
Aflac Inc.,AFL,15.20,10.30,2.00,7.40,22.80,83.00,16.60,NA,10.40,20.40,35.80,31.30,58.90,73.30,47.20,78.50,87.30,78.30,89.90,94.70,95.10,86.10,89.00,94.80,92.30,92.10,91.20,89.80
Royal Caribbean Group,RCL,67.60,85.50,25.30,64.80,91.80,88.40,15.40,NA,86.40,6.40,8.00,15.60,83.30,69.60,64.00,72.50,89.60,79.70,86.10,99.20,79.30,86.50,93.80,73.00,80.70,58.00,55.60,75.80
"Simon Property Group, Inc.",SPG,52.40,61.70,54.50,75.40,47.20,39.40,53.00,NA,63.20,71.80,64.00,71.90,66.50,56.10,67.90,66.40,58.70,70.80,70.50,62.90,68.20,83.50,94.90,93.70,94.10,83.40,85.10,88.80
"Ameriprise Financial, Inc.",AMP,94.40,67.30,99.80,67.40,62.60,93.20,24.40,NA,68.20,54.80,19.60,85.80,31.00,34.80,29.70,51.80,57.70,47.00,15.80,49.20,71.90,61.70,6.80,0.40,23.00,21.20,61.90,22.80
"W.W. Grainger, Inc.",GWW,35.00,22.60,40.90,20.40,56.80,47.40,26.40,NA,24.40,19.60,16.60,53.90,29.80,44.30,65.70,59.60,38.20,24.80,27.60,26.30,22.40,25.70,53.70,32.60,26.10,31.40,34.00,40.20
"Autozone, Inc.",AZO,25.40,23.80,37.90,27.40,33.60,41.40,33.80,25.50,29.00,49.00,64.40,50.90,37.50,57.50,34.80,34.60,37.80,30.70,39.80,39.00,52.20,53.50,40.30,50.60,50.00,54.70,28.60,21.60
Phillips 66,PSX,53.40,16.90,89.00,71.40,10.60,55.20,35.80,NA,18.20,24.40,95.20,9.60,53.60,44.50,13.80,70.30,41.30,10.00,55.60,19.30,20.90,83.70,64.10,NA,NA,NA,NA,NA
Public Storage,PSA,58.80,51.00,65.90,61.60,51.80,58.20,44.80,NA,53.60,14.40,45.60,47.10,41.70,32.00,44.50,38.90,38.60,39.50,37.90,43.40,47.80,54.10,36.10,33.50,83.90,87.30,53.00,60.50
"Kinder Morgan, Inc.",KMI,86.60,86.90,68.90,86.20,67.80,87.60,78.80,NA,87.80,77.40,91.00,98.40,76.80,88.10,99.20,96.90,98.80,93.10,90.50,95.60,91.90,0.20,83.70,14.80,NA,NA,NA,NA
Marathon Petroleum Corporation,MPC,59.20,47.60,83.00,73.20,67.00,21.60,49.80,NA,50.20,34.00,92.00,11.80,95.20,86.40,70.10,91.40,45.90,27.80,55.20,39.80,40.90,92.20,94.70,20.70,NA,NA,NA,NA
The Allstate Corporation,ALL,71.20,0.40,82.80,96.20,56.20,22.40,0.00,NA,0.60,2.20,20.40,22.80,19.60,79.60,43.90,75.60,59.50,21.10,65.70,39.60,79.50,92.60,92.70,4.90,30.70,22.90,92.60,57.40
"American Electric Power Company, Inc.",AEP,89.00,79.20,89.40,94.00,59.60,88.00,64.00,NA,80.40,85.40,59.60,62.30,79.00,84.40,77.00,97.50,82.20,87.70,84.20,89.20,67.80,74.30,58.10,72.60,83.20,89.40,82.30,80.50
Realty Income Corporation,O,95.20,92.90,88.00,91.60,95.40,86.20,87.80,NA,92.60,91.80,93.80,84.20,82.70,81.80,84.10,84.20,84.20,80.40,72.60,72.00,65.70,64.10,54.40,72.80,85.00,15.70,26.50,57.90
"L3harris Technologies, Inc.",LHX,66.80,60.50,68.30,70.80,10.00,91.20,44.00,NA,62.00,79.80,53.60,81.00,10.30,35.60,25.80,25.40,89.20,84.30,52.80,95.80,99.40,44.30,41.60,99.80,35.70,18.50,46.30,54.70
Vistra Corp.,VST,73.80,94.00,26.70,88.80,2.40,3.20,87.60,NA,93.60,5.80,6.80,93.40,87.10,0.80,2.20,11.90,9.80,6.30,NA,NA,NA,NA,NA,NA,NA,NA,NA,NA
Copart Inc,CPRT,23.60,20.20,46.10,41.60,23.60,32.40,23.60,20.40,24.20,30.60,23.20,35.30,21.00,37.00,37.20,33.20,27.60,45.70,19.40,33.10,47.50,35.70,42.30,38.90,43.40,55.70,41.40,42.80
Cummins Inc.,CMI,12.00,96.40,24.40,3.20,16.40,7.40,76.00,NA,95.80,21.60,23.40,47.90,45.20,25.10,77.20,43.00,49.20,37.20,40.80,16.10,24.10,17.00,77.30,42.50,25.50,36.00,45.10,58.80
D.R. Horton Inc.,DHI,9.20,7.70,54.10,11.20,10.80,10.80,40.20,10.20,15.40,7.80,6.40,16.80,9.90,8.30,10.80,17.20,16.80,3.50,2.70,8.50,6.60,84.60,5.70,10.30,3.90,4.20,6.00,4.40
"Dominion Energy, Inc.",D,83.00,92.10,58.70,50.60,88.40,94.00,98.40,NA,92.00,92.60,34.80,90.60,90.30,70.90,53.00,71.70,82.40,85.80,69.50,97.90,73.30,11.10,81.30,51.70,9.10,90.80,86.00,76.30
"Quanta Services, Inc.",PWR,89.40,76.40,79.40,71.80,76.80,90.60,48.40,NA,77.00,85.80,36.20,81.40,36.70,33.20,31.70,71.30,73.70,16.10,19.60,9.70,56.90,51.30,71.80,51.90,60.50,98.80,90.00,0.50
Newmont Corporation,NEM,1.80,3.60,63.70,57.40,94.20,10.40,97.00,NA,4.40,1.40,100.00,61.50,18.10,95.10,0.40,3.70,97.90,87.90,4.40,38.60,97.70,42.00,70.70,55.30,6.80,60.50,94.70,90.90
"American International Group, Inc.",AIG,9.40,61.30,6.00,42.40,22.00,99.00,35.40,NA,62.60,10.40,10.80,12.00,6.50,2.00,47.80,4.90,37.10,9.20,8.60,20.10,5.80,73.90,7.30,14.60,98.90,10.60,84.20,92.10
"Fidelity National Information Services, Inc.",FIS,95.40,4.40,12.00,76.60,99.60,94.60,4.00,NA,5.40,6.00,98.00,98.60,97.00,78.70,45.50,91.20,65.60,60.50,73.50,77.30,81.00,80.70,96.00,88.50,17.70,75.10,20.00,32.80
Fastenal Co,FAST,23.40,31.00,29.30,20.80,43.80,38.80,38.40,NA,33.40,20.00,14.20,32.90,20.20,14.60,22.60,24.40,20.50,14.00,12.20,16.50,10.90,15.00,52.00,25.60,20.70,11.10,13.50,10.00
"Metlife, Inc.",MET,95.60,98.40,87.60,91.00,86.80,96.40,97.40,NA,98.40,95.80,72.40,73.90,81.50,78.10,85.80,99.60,86.50,85.40,80.00,88.10,55.20,67.80,7.50,92.60,10.90,25.20,65.60,86.50
Paychex Inc,PAYX,20.80,23.40,42.50,12.40,54.60,25.00,52.60,24.50,23.00,30.80,31.40,35.50,32.10,45.30,31.10,40.00,39.00,39.20,23.60,36.00,41.20,33.00,33.50,40.40,34.10,38.80,35.80,31.90
Ross Stores Inc,ROST,26.20,39.10,34.90,16.60,64.60,27.60,53.20,44.90,25.20,27.00,99.00,35.10,35.70,34.20,46.30,36.70,50.20,26.90,28.80,32.00,27.90,68.50,61.70,45.40,80.50,74.40,67.40,38.60
Te Connectivity Ltd,TEL,24.40,20.80,92.80,61.80,52.00,15.20,69.80,21.40,59.40,27.40,34.60,2.20,37.10,16.80,45.30,21.50,14.50,23.20,54.30,62.70,44.80,49.80,12.80,20.40,3.60,52.00,20.90,18.60
"Msci, Inc.",MSCI,31.60,20.00,52.30,41.80,45.20,26.60,27.80,NA,21.80,44.60,44.20,37.50,33.50,32.40,42.50,60.90,42.30,17.70,43.60,68.60,48.80,67.60,48.70,82.70,44.80,35.30,26.00,6.50
Howmet Aerospace Inc.,HWM,29.80,26.80,22.40,50.20,30.00,62.40,22.80,NA,29.60,64.20,68.40,12.40,13.90,8.10,1.00,8.60,1.90,96.50,5.90,9.10,90.20,97.60,15.40,NA,9.50,8.30,7.40,6.50
Discover Financial Services,DFS,90.20,89.10,13.60,59.20,95.60,95.40,89.80,NA,89.60,66.60,27.80,94.00,75.00,68.60,80.30,67.80,60.20,57.20,42.10,36.70,56.30,95.70,80.00,96.60,96.80,64.00,90.20,72.10
Kenvue Inc.,KVUE,65.80,70.00,20.00,96.80,37.60,81.40,51.20,NA,70.80,40.80,6.60,3.00,74.40,NA,NA,NA,NA,NA,NA,NA,NA,NA,NA,NA,NA,NA,NA,NA
Crown Castle Inc.,CCI,83.80,74.80,76.60,86.80,75.00,74.60,68.40,NA,76.00,70.00,86.00,85.20,90.50,93.90,95.30,95.50,92.90,95.80,99.40,92.40,91.00,3.70,2.90,2.20,4.50,1.20,5.30,10.20
Pg&e Corporation,PCG,75.40,76.00,94.60,45.00,89.20,17.60,95.80,NA,76.60,80.20,0.00,97.40,5.80,5.50,88.40,88.90,94.60,83.10,93.30,95.30,93.20,84.10,74.70,78.90,88.20,89.60,87.90,10.70
Kimberly-Clark Corp.,KMB,45.80,73.00,31.50,65.80,28.00,74.40,53.60,NA,73.80,55.00,57.00,51.50,34.30,74.50,39.40,51.20,80.10,66.40,41.30,68.40,45.20,48.30,59.00,53.90,43.20,67.40,50.70,54.20
"Prudential Financial, Inc.",PRU,65.00,84.70,82.40,5.80,94.40,22.80,3.20,NA,85.60,2.40,27.00,0.20,94.60,94.90,62.20,91.00,84.90,98.50,0.40,98.70,90.60,70.00,60.40,2.50,59.80,42.30,29.10,88.60
"Ametek, Inc.",AME,44.40,37.50,49.30,33.60,52.40,48.80,42.40,NA,40.00,24.80,33.20,44.50,34.90,30.40,34.60,50.60,24.10,28.80,32.00,40.90,36.00,48.50,55.70,27.90,33.60,40.00,30.70,40.50
Valero Energy Corporation,VLO,67.00,18.30,91.00,83.40,60.60,28.40,34.40,NA,20.20,7.60,8.40,8.40,7.10,48.00,43.50,74.80,44.00,22.80,70.30,83.10,67.20,98.00,10.10,4.30,21.60,32.80,59.10,53.70
"Axon Enterprise, Inc.",AXON,18.60,20.60,46.30,70.20,13.20,76.20,24.20,NA,22.40,65.80,2.60,0.80,99.40,76.10,88.20,24.80,81.10,63.50,57.10,65.30,2.80,7.20,1.80,81.80,18.60,3.00,21.90,49.50
Ford Motor Company,F,96.00,93.30,96.80,86.00,40.20,3.40,91.40,NA,93.00,3.20,15.60,1.00,100.00,91.90,79.30,94.70,78.00,93.90,45.30,57.60,8.30,58.50,95.60,15.70,1.60,4.40,99.80,96.70
Baker Hughes Company,BKR,44.80,54.80,43.90,13.00,69.60,68.80,52.80,NA,56.80,3.00,0.40,12.20,96.60,97.20,97.60,16.20,4.60,NA,NA,NA,NA,NA,NA,NA,NA,NA,NA,NA
Public Service Enterprise Group Incorporated,PEG,32.60,49.00,38.50,32.00,49.00,37.40,95.20,NA,51.80,60.00,2.00,55.30,72.40,72.50,73.80,92.40,81.30,74.90,80.80,75.60,78.90,41.10,27.50,75.70,51.10,88.20,47.40,75.10
Old Dominion Freight Line,ODFL,44.20,33.10,50.10,37.80,60.00,40.00,34.60,NA,34.80,42.00,33.60,40.30,56.70,53.00,30.10,70.70,66.60,45.30,60.00,69.90,69.70,64.30,88.30,89.70,83.40,81.10,79.80,77.00
"Cencora, Inc.",COR,80.80,80.60,99.60,95.20,4.80,44.80,96.00,83.70,79.60,65.60,67.40,9.00,86.30,99.00,98.80,99.80,99.80,99.60,99.60,99.80,57.40,58.00,46.00,90.30,88.60,67.70,96.70,59.80
Republic Services Inc.,RSG,69.20,75.60,62.90,73.60,71.60,65.80,67.80,NA,76.20,82.80,80.80,81.80,77.80,75.50,52.80,87.90,78.80,87.50,81.70,85.00,87.00,83.00,80.20,98.00,85.50,73.90,91.40,84.70
Targa Resources Corp.,TRGP,87.00,81.90,47.90,86.60,89.60,83.80,62.40,NA,82.80,89.80,96.80,7.60,99.00,100.00,98.40,3.50,99.20,96.90,96.00,97.50,98.50,1.10,98.20,99.30,NA,NA,NA,NA
Ingersoll Rand Inc.,IR,61.80,64.30,64.70,58.00,31.40,76.80,65.20,NA,66.00,56.00,25.80,0.60,76.40,62.10,97.20,3.30,8.30,4.40,18.50,NA,NA,NA,NA,NA,NA,NA,NA,NA
"Gartner, Inc.",IT,38.60,36.10,48.90,56.20,34.20,30.20,62.00,NA,38.60,52.00,65.20,88.80,82.50,91.30,100.00,69.90,71.40,68.30,60.40,60.20,64.00,73.00,63.00,68.50,77.50,71.60,0.70,85.60
Lennar Corporation Class A,LEN,18.40,36.90,21.40,8.20,25.00,61.40,17.80,NA,39.40,13.80,10.60,59.90,13.10,18.60,35.60,15.40,8.10,3.80,3.20,7.20,2.10,83.90,9.30,8.50,7.70,18.90,9.10,9.10
"Cbre Group, Inc.",CBRE,41.80,7.90,80.00,77.00,3.40,59.20,68.20,NA,8.00,37.20,43.80,80.00,16.10,22.30,23.80,18.90,26.30,37.00,77.30,15.70,51.40,87.00,95.80,16.40,65.50,33.90,62.80,85.30
"Delta Air Lines, Inc.",DAL,45.20,43.80,29.70,65.60,98.00,13.60,20.60,NA,45.40,94.80,98.20,13.60,65.30,65.80,57.90,58.80,63.90,97.10,6.90,81.80,88.50,94.80,8.40,17.10,13.20,7.60,7.20,8.60
Otis Worldwide Corporation,OTIS,16.20,25.80,22.20,16.40,23.40,59.40,16.80,NA,28.20,43.80,52.00,55.90,37.70,52.20,77.40,NA,NA,NA,NA,NA,NA,NA,NA,NA,NA,NA,NA,NA
"Verisk Analytics, Inc.",VRSK,33.80,62.10,45.30,15.00,68.80,44.00,39.80,NA,63.60,32.60,67.60,46.50,76.00,57.70,42.90,20.90,30.10,27.30,45.10,47.00,37.10,41.30,75.60,58.00,64.80,NA,NA,NA
"Corteva, Inc.",CTVA,94.20,82.30,10.80,9.80,3.00,1.20,11.20,NA,83.20,16.20,60.00,86.00,2.00,6.90,9.80,96.50,NA,NA,NA,NA,NA,NA,NA,NA,NA,NA,NA,NA
Cognizant Technology Solutions,CTSH,15.40,21.80,50.70,10.40,17.40,38.40,53.40,NA,23.80,33.80,32.80,79.00,41.30,34.00,57.50,25.20,38.80,14.60,22.10,22.00,17.50,19.60,31.30,27.40,20.90,27.00,19.10,30.50
Edwards Lifesciences Corp,EW,7.60,9.10,16.20,27.00,12.40,14.20,24.60,NA,9.20,17.40,31.80,32.50,22.60,37.40,58.10,33.60,22.80,30.90,25.70,35.00,36.90,24.80,20.30,36.20,73.60,68.40,66.30,100.00
Dell Technologies Inc.,DELL,52.80,86.30,56.70,30.80,52.60,69.60,97.20,87.80,50.40,74.80,93.20,69.50,2.60,3.60,7.70,7.20,4.80,NA,NA,NA,NA,NA,NA,NA,NA,NA,NA,NA
The Kroger Co.,KR,75.80,91.30,78.00,80.20,86.40,22.00,1.80,91.80,71.60,92.80,87.60,83.80,39.50,66.40,75.20,82.00,83.80,78.70,66.50,93.20,87.40,100.00,71.60,81.10,80.90,83.80,0.20,97.00
Monster Beverage Corporation,MNST,29.20,18.50,59.90,27.20,35.60,33.80,29.00,NA,20.40,15.00,14.80,22.40,17.50,28.90,32.90,22.10,10.80,26.10,15.20,14.00,25.80,21.30,20.70,71.00,18.20,15.50,16.50,17.70
Hess Corporation,HES,76.60,88.70,86.60,80.60,34.60,84.60,66.60,NA,89.20,76.00,91.40,10.40,1.40,2.40,8.50,11.50,7.90,69.90,13.10,83.50,86.10,72.60,89.20,74.80,74.30,71.40,51.40,68.40
Agilent Technologies Inc.,A,36.20,45.40,57.90,30.60,57.20,31.20,95.60,NA,47.00,28.60,39.00,32.70,15.90,90.10,40.90,63.10,30.50,42.20,53.30,19.70,29.90,23.90,1.30,31.20,55.70,9.50,89.50,67.00
Ge Healthcare Technologies Inc.,GEHC,34.80,38.90,55.50,5.20,43.40,78.60,58.60,NA,41.40,32.20,12.00,19.00,36.10,NA,NA,NA,NA,NA,NA,NA,NA,NA,NA,NA,NA,NA,NA,NA
Vulcan Materials Company,VMC,60.80,57.70,84.20,13.80,68.60,67.40,67.40,NA,59.80,79.00,57.40,64.90,56.30,60.10,25.60,54.30,79.90,31.50,98.50,3.40,2.60,3.30,98.90,0.00,57.70,39.70,32.30,70.90
Charter Comm Inc Del Cl a,CHTR,92.00,90.90,86.80,87.40,88.00,87.00,88.00,NA,91.20,92.00,93.00,92.40,96.20,97.80,33.50,79.90,0.40,0.60,0.20,2.50,1.90,1.50,15.90,12.60,8.20,6.90,6.50,5.80
"Yum! Brands, Inc.",YUM,22.40,17.10,39.90,23.20,45.00,26.80,28.80,NA,18.40,30.20,24.60,42.90,17.90,11.50,15.00,17.80,58.30,71.00,68.40,47.90,56.70,56.50,34.60,55.70,68.60,62.40,63.70,47.90
Exelon Corporation,EXC,80.40,73.20,77.60,88.40,61.00,72.00,72.60,NA,74.40,84.80,69.20,74.10,80.20,92.50,72.00,97.70,91.90,86.80,92.00,94.90,67.40,69.80,69.80,84.30,63.00,92.60,83.00,79.50
Sysco Corporation,SYY,55.80,52.40,16.00,84.40,46.60,60.00,10.00,59.20,58.80,48.60,93.60,95.60,46.60,54.30,71.10,73.80,79.70,53.90,48.60,32.60,16.60,11.70,44.30,51.00,48.40,45.70,33.70,33.70
Electronic Arts Inc,EA,75.00,66.50,24.60,10.00,89.80,89.20,10.40,74.50,72.00,87.80,83.00,16.40,50.80,60.50,48.60,25.60,28.80,99.80,89.30,91.50,3.80,6.50,15.20,10.10,98.40,87.50,35.30,24.00
"Xcel Energy, Inc.",XEL,87.40,90.10,80.20,92.20,79.00,73.80,86.20,NA,90.60,85.00,50.00,67.90,81.90,80.80,83.50,85.50,90.70,85.00,83.60,76.10,85.10,78.70,79.70,86.70,90.20,94.50,81.90,75.60
Nucor Corporation,NUE,67.40,54.60,96.20,77.60,24.20,62.20,72.00,NA,56.40,49.40,17.60,89.80,78.20,19.20,15.90,76.80,96.90,67.80,74.70,80.50,36.70,96.50,3.30,46.70,41.80,43.00,60.50,16.00
Corning Incorporated,GLW,99.80,93.50,4.60,94.60,23.00,1.00,93.40,NA,93.20,78.80,70.00,91.80,75.60,84.60,3.50,16.60,75.30,69.70,41.70,70.60,24.50,21.10,23.10,18.90,20.20,20.80,92.80,4.20
Martin Marietta Materials,MLM,11.00,35.70,59.70,6.80,16.80,62.80,25.60,NA,38.20,36.00,64.20,43.90,54.80,53.80,19.10,57.60,72.00,81.60,81.10,84.70,87.60,82.40,87.90,75.10,55.00,49.40,62.10,72.80
Arch Capital Group Ltd,ACGL,29.60,34.30,69.70,37.00,57.60,20.40,83.40,NA,37.00,89.40,62.40,70.70,32.70,73.10,65.00,73.20,68.30,29.20,24.80,53.80,69.50,16.50,26.40,94.40,66.80,82.90,98.10,95.60
Iqvia Holdings Inc.,IQV,66.60,55.40,79.60,56.40,72.00,49.60,65.40,NA,57.40,80.60,90.40,95.40,96.40,93.50,14.40,98.00,29.90,25.90,61.90,68.90,9.80,76.30,NA,NA,NA,NA,NA,NA
Microchip Technology Inc,MCHP,78.20,51.40,18.80,85.00,87.40,65.40,19.00,58.20,58.60,84.20,97.00,82.80,94.80,95.30,95.10,80.30,71.00,60.30,90.70,25.60,41.80,71.50,30.60,54.60,32.70,70.70,62.30,82.30
Keurig Dr Pepper Inc.,KDP,12.20,8.70,30.10,40.60,17.80,16.00,27.60,NA,9.00,78.20,47.60,65.50,71.40,84.80,20.70,27.50,35.10,44.50,39.60,12.50,30.90,95.00,46.50,5.20,33.40,31.60,32.60,37.90
"Constellation Brands, Inc.",STZ,98.00,56.50,9.80,17.80,42.40,42.60,42.00,63.30,0.00,100.00,52.20,100.00,11.70,12.30,27.80,39.30,34.20,7.70,42.90,63.80,23.00,93.00,7.70,9.40,19.30,47.60,30.00,48.80
Hp Inc.,HPQ,48.00,21.60,74.10,24.20,18.00,64.80,35.20,NA,23.60,56.40,20.00,48.50,49.20,13.00,51.00,35.90,45.40,81.80,75.80,6.80,62.30,39.30,55.30,67.20,42.30,72.10,93.00,43.00
Lululemon Athletica Inc.,LULU,47.60,48.60,35.50,9.20,78.00,48.40,43.20,55.10,25.60,56.20,49.40,24.00,52.40,68.40,38.00,28.50,38.00,13.60,16.20,21.40,49.70,68.90,28.90,38.70,95.90,0.90,7.40,6.50
Resmed Inc.,RMD,38.80,41.10,31.10,51.40,54.20,37.60,37.20,49.00,11.60,10.60,60.40,33.30,23.00,59.50,33.90,55.30,21.40,20.70,34.10,51.10,30.10,17.40,50.40,40.20,46.10,29.30,25.80,36.50
Idexx Laboratories Inc,IDXX,21.40,19.80,27.50,38.00,33.80,37.00,36.40,NA,21.60,17.20,22.00,26.30,20.40,21.90,48.00,52.30,23.40,32.40,33.50,36.20,39.20,32.60,41.00,38.40,51.40,35.60,51.90,26.70
M&t Bank Corp.,MTB,18.80,45.20,11.80,53.60,63.60,51.80,69.60,NA,46.80,85.60,54.40,15.80,29.40,23.50,71.50,20.30,56.60,15.00,10.30,10.20,72.70,81.50,82.80,89.90,78.60,12.70,10.70,19.30
"General Mills, Inc.",GIS,49.60,37.70,32.50,53.40,58.60,61.00,13.80,41.80,21.40,41.40,42.80,58.50,56.90,41.90,46.70,55.10,74.50,38.60,52.20,52.50,12.80,44.60,39.90,44.30,56.10,65.10,44.40,38.80
Wabtec Inc.,WAB,60.40,48.20,67.50,18.80,47.80,83.60,59.60,NA,51.20,67.40,74.80,67.10,88.30,22.70,14.00,49.60,23.20,36.10,9.70,16.70,48.00,45.70,39.40,37.10,41.10,69.10,52.60,52.80
"Extra Space Storage, Inc.",EXR,80.00,63.10,78.60,85.40,79.60,53.00,72.20,NA,64.60,58.00,31.60,52.50,61.10,60.90,37.00,49.40,70.50,68.70,51.80,66.90,84.90,92.80,74.90,79.60,91.80,97.50,2.10,9.30
"Dupont De Nemours, Inc.",DD,92.80,95.80,81.20,14.00,83.80,0.40,75.60,NA,95.20,11.40,75.40,7.00,3.20,33.60,94.10,34.40,17.40,61.20,56.60,90.90,44.10,59.80,83.50,98.40,57.00,28.40,20.50,16.70
"The Hartford Financial Services Group, Inc.",HIG,67.20,59.10,73.10,60.20,60.40,68.40,83.00,NA,60.80,84.00,66.80,76.00,60.30,58.70,7.30,80.90,57.30,81.00,97.30,0.20,87.80,67.00,4.00,7.00,78.00,78.50,60.90,29.30
Iron Mountain Inc.,IRM,99.60,97.00,3.60,98.40,70.60,98.40,79.00,NA,96.20,68.60,66.20,85.00,90.70,81.60,89.80,95.70,95.20,44.10,95.40,82.60,53.70,1.30,79.10,97.80,94.80,91.00,85.30,89.30
Occidental Petroleum Corporation,OXY,12.40,84.90,5.80,71.00,81.00,79.60,74.60,NA,85.80,45.20,94.80,11.00,0.40,67.80,89.40,3.90,8.70,99.20,74.30,82.00,62.90,70.40,64.50,57.30,36.40,59.10,22.80,46.30
"Consolidated Edison, Inc.",ED,64.40,12.70,20.80,96.00,31.20,81.60,9.00,NA,14.00,86.80,77.60,68.90,81.30,70.60,76.20,86.50,88.00,84.80,78.70,78.00,86.60,77.40,79.30,20.00,66.60,72.50,26.30,81.90
Humana Inc.,HUM,2.80,55.80,93.80,62.60,25.60,97.80,49.40,NA,57.80,67.00,13.20,57.70,70.00,38.50,60.60,89.30,13.50,40.30,40.00,55.70,48.20,69.30,37.90,55.50,53.20,94.70,76.70,29.10
"Diamondback Energy, Inc.",FANG,63.60,69.00,65.10,63.60,70.00,53.40,47.80,NA,69.60,58.40,71.20,10.60,98.20,67.20,67.50,6.80,6.40,65.10,85.10,92.60,0.60,10.90,9.50,NA,NA,NA,NA,NA
"Equifax, Incorporated",EFX,81.80,73.60,89.60,57.20,77.20,75.80,77.60,NA,74.80,31.40,70.60,64.30,5.20,76.90,45.90,57.20,62.40,58.20,54.50,66.10,61.60,36.10,56.80,61.10,63.90,49.20,43.70,35.10
"Avalonbay Communities, Inc.",AVB,55.20,58.90,42.90,50.40,83.20,43.20,83.60,NA,60.60,44.40,36.00,44.70,60.90,42.10,48.80,27.30,45.20,32.60,70.70,35.20,17.30,65.20,73.60,26.10,38.60,41.80,18.80,29.80
"Nasdaq, Inc.",NDAQ,61.60,56.00,24.80,71.60,81.20,68.60,23.00,NA,58.00,63.20,17.40,37.30,31.90,77.30,36.40,96.70,56.00,57.80,46.70,60.40,60.10,22.80,67.60,41.10,11.40,62.10,74.70,98.80
Vici Properties Inc.,VICI,14.40,12.90,24.20,19.20,35.20,21.20,21.20,NA,14.20,70.80,16.00,23.20,32.50,17.00,86.20,20.10,100.00,100.00,NA,NA,NA,NA,NA,NA,NA,NA,NA,NA
Garmin Ltd,GRMN,17.80,19.20,19.80,20.00,65.20,24.00,42.60,NA,20.80,18.40,18.40,27.10,12.50,41.70,20.10,42.80,12.20,42.40,16.00,33.50,54.20,35.90,45.80,35.70,15.90,14.50,15.30,20.00
Dow Inc.,DOW,93.80,98.60,93.00,67.20,34.40,1.40,96.40,NA,98.60,66.40,28.00,93.20,2.40,13.40,0.60,9.20,NA,NA,NA,NA,NA,NA,NA,NA,NA,NA,NA,NA
Edison International,EIX,91.20,88.50,95.20,15.20,98.40,65.00,97.80,NA,89.00,93.20,5.40,43.50,6.70,1.80,92.90,79.30,93.60,68.10,87.60,0.60,0.20,82.20,86.10,69.90,93.00,92.80,74.20,27.70
Entergy Corporation,ETR,83.20,66.10,78.40,99.00,96.20,30.40,71.00,NA,67.20,86.60,78.20,67.50,79.60,85.20,94.50,2.90,0.20,92.50,93.70,90.50,77.60,87.20,72.50,88.10,84.50,92.40,57.90,88.10
Willis Towers Watson Public Limited Companys,WTW,4.00,33.50,12.20,84.60,16.20,23.00,86.00,NA,35.40,18.00,19.20,63.10,18.80,67.40,53.70,88.70,12.90,33.80,49.10,6.40,70.60,20.90,21.60,22.20,13.40,9.70,11.60,23.00
Centene Corporation,CNC,7.80,89.70,9.40,67.00,9.80,91.00,72.40,NA,90.20,95.20,90.80,86.20,22.00,45.70,65.20,90.80,68.00,93.50,77.10,99.60,78.50,60.00,81.70,87.60,91.40,1.60,40.90,75.30
Fifth Third Bancorp,FITB,77.40,70.80,87.40,40.80,29.60,86.40,19.80,NA,71.40,89.60,19.80,13.40,12.30,39.70,13.60,40.60,44.60,38.80,79.80,58.70,63.30,93.70,93.60,7.20,5.70,91.70,88.60,76.70
"Monolithic Power Systems, Inc.",MPWR,64.60,49.80,58.30,46.80,86.60,49.20,45.80,NA,52.40,11.60,47.20,55.50,72.00,43.50,73.00,74.00,71.80,75.20,82.50,56.60,88.10,54.60,50.20,61.60,89.50,1.80,93.30,3.30
"Rockwell Automation, Inc.",ROK,16.40,13.70,64.30,37.60,22.40,12.00,84.00,12.20,17.60,20.80,18.60,25.50,62.50,80.00,37.40,36.50,46.70,29.90,36.00,17.20,15.60,20.70,73.10,29.00,11.10,14.30,33.30,41.60
"Wec Energy Group, Inc.",WEC,83.60,79.00,87.20,94.40,55.40,70.80,79.80,NA,80.20,60.40,61.00,64.70,73.40,78.30,62.60,78.30,72.80,74.10,73.30,74.60,64.80,59.60,51.10,78.40,58.20,84.80,70.70,69.10
Costar Group Inc,CSGP,86.20,35.50,67.10,84.20,98.80,47.80,12.80,NA,38.00,47.00,63.00,73.30,48.00,49.00,69.90,80.70,0.00,89.40,91.60,96.20,61.40,85.40,67.20,62.70,95.20,88.90,94.20,17.90
Ebay Inc,EBAY,17.20,13.10,38.30,57.60,58.20,12.40,15.60,NA,14.60,4.20,97.80,21.80,64.30,20.90,4.70,14.30,81.70,0.00,61.10,49.80,18.80,50.20,30.00,60.40,99.30,76.40,69.80,54.40
Tractor Supply Co,TSCO,28.20,29.20,17.80,42.60,51.40,49.80,14.60,NA,32.20,44.00,31.00,65.90,46.80,40.30,52.60,48.40,19.70,19.00,15.60,43.20,24.90,36.50,59.70,87.40,60.00,20.60,29.80,25.80
Xylem Inc,XYL,45.00,41.30,49.50,49.40,26.20,54.60,79.20,NA,42.80,68.80,41.40,88.00,74.80,22.90,74.20,70.50,42.10,28.20,41.50,40.70,55.70,28.00,40.50,NA,NA,NA,NA,NA
Ansys Inc,ANSS,43.80,45.80,45.90,13.40,97.20,23.60,86.40,NA,47.60,40.00,37.80,31.70,21.40,27.90,61.00,39.80,48.30,49.10,37.30,49.60,59.30,21.70,44.10,67.60,56.40,98.40,54.90,44.20
"Raymond James Financial, Inc.",RJF,11.20,6.30,13.60,17.20,39.20,31.40,22.40,6.10,3.60,7.40,95.80,93.00,10.10,76.50,73.20,8.20,64.90,16.70,64.20,39.20,95.30,2.40,78.00,18.40,69.10,7.40,90.70,2.10
On Semiconductor Corp,ON,24.80,13.50,36.30,29.60,42.20,30.80,20.80,NA,15.20,53.60,69.00,90.00,89.10,72.70,43.70,90.00,80.30,83.30,74.10,4.00,99.80,65.40,91.00,8.30,41.60,43.40,73.30,4.90
"Cardinal Health, Inc.",CAH,34.20,95.60,6.20,97.20,12.00,85.40,100.00,95.90,98.80,2.80,94.60,10.00,72.60,98.20,18.90,74.60,74.90,77.50,94.90,21.20,46.70,88.90,37.40,35.10,12.70,81.30,89.10,61.20
"United Airlines Holdings, Inc.",UAL,80.20,85.70,54.90,74.60,0.60,6.60,16.20,NA,86.60,97.40,3.80,16.00,80.60,86.00,58.90,83.20,14.90,80.60,80.60,6.10,85.30,97.20,8.10,18.00,98.60,8.50,7.00,6.30
"Global Payments, Inc.",GPN,86.80,79.40,96.40,68.60,53.60,58.80,30.00,NA,80.60,99.40,90.00,90.80,88.90,80.40,27.20,90.60,77.40,51.10,9.50,21.80,4.50,90.20,71.10,99.10,66.40,47.10,70.90,82.10
Take-Two Interactive Software Inc,TTWO,6.80,6.70,17.60,16.00,14.60,23.40,7.60,8.20,6.80,12.20,59.80,59.30,83.70,77.70,92.50,0.40,6.20,70.40,6.50,12.90,83.20,50.00,46.70,19.30,7.50,25.90,10.00,13.70
"Ppg Industries, Inc.",PPG,41.40,69.40,59.30,14.60,12.80,96.80,70.80,NA,70.20,22.60,24.80,69.30,60.10,24.10,21.30,53.10,36.30,9.80,7.60,69.30,35.00,56.70,88.80,86.10,31.10,63.00,68.10,44.90
State Street Corporation,STT,2.00,7.30,2.20,2.40,5.40,99.20,13.40,NA,7.80,94.20,2.20,44.10,82.10,91.70,86.40,25.80,7.30,5.60,3.80,14.80,61.80,10.20,66.10,8.10,85.70,17.80,93.70,10.50
The Kraft Heinz Company,KHC,90.00,42.70,6.60,97.80,37.40,57.80,92.00,NA,44.60,28.40,96.40,97.20,67.30,6.10,9.60,47.30,93.40,70.60,9.10,67.20,46.10,9.80,NA,NA,NA,NA,NA,NA
Hewlett Packard Enterprise Company,HPE,88.40,77.20,75.20,90.40,17.00,89.40,89.00,NA,78.20,95.40,66.60,2.40,91.50,57.10,82.30,56.10,50.60,92.90,93.50,7.60,NA,NA,NA,NA,NA,NA,NA,NA
"Keysight Technologies, Inc.",KEYS,62.80,NA,20.40,20.20,74.80,52.20,17.00,NA,40.20,27.60,55.40,55.10,57.50,89.30,86.00,33.80,13.90,42.60,28.00,14.40,16.80,NA,NA,NA,NA,NA,NA,NA
"Nvr, Inc.",NVR,12.60,14.50,26.10,12.60,21.20,35.20,50.40,NA,16.00,31.20,21.20,23.80,16.90,15.00,24.40,20.50,11.40,8.80,15.40,49.40,6.00,9.30,31.50,96.40,66.10,33.70,14.70,15.30
"Dexcom, Inc.",DXCM,31.80,42.30,51.30,68.20,59.20,17.80,73.60,NA,44.00,77.80,89.80,22.20,88.50,5.10,5.70,9.00,5.80,4.20,5.50,11.20,10.00,12.20,20.50,22.00,14.30,19.20,13.70,15.60
Dover Corporation,DOV,14.20,32.90,34.30,15.80,19.40,55.60,39.20,NA,34.60,16.00,20.60,54.10,44.00,46.60,22.80,62.10,22.00,27.60,22.90,54.00,26.20,38.90,68.90,64.90,42.00,63.30,40.70,42.30
"Pultegroup, Inc.",PHM,9.60,12.10,20.20,11.40,21.00,15.40,15.80,NA,13.20,8.80,10.20,31.90,20.00,49.60,52.00,12.30,7.50,8.60,6.70,91.90,5.30,5.40,11.50,9.70,5.90,6.20,8.40,3.00
"Leidos Holdings, Inc.",LDOS,28.00,96.80,63.90,36.20,18.60,38.60,4.40,NA,96.00,58.20,49.60,72.50,49.40,41.30,49.20,66.20,56.80,4.00,24.00,11.40,98.10,25.00,31.10,36.40,17.00,70.90,12.60,6.50
Deckers Outdoor Corp,DECK,22.00,40.50,11.60,25.00,11.60,75.00,8.20,48.00,19.40,9.80,60.80,24.20,41.90,85.60,99.80,24.20,20.10,65.60,30.90,9.30,14.10,52.40,20.00,25.40,58.00,19.60,11.90,26.30
"Ventas, Inc.",VTR,0.60,0.20,100.00,98.80,1.40,4.80,2.60,NA,0.40,0.20,98.80,88.40,89.30,89.50,24.80,75.00,91.70,86.20,81.90,86.90,73.60,62.20,47.40,59.80,49.80,71.10,66.00,28.80
Fortive Corporation,FTV,58.20,54.20,70.70,54.80,48.40,52.80,64.40,NA,56.00,70.40,61.80,20.20,63.10,8.90,28.50,37.10,25.70,17.30,28.20,30.70,NA,NA,NA,NA,NA,NA,NA,NA
Halliburton Company,HAL,51.20,36.30,50.90,52.60,31.80,69.40,33.00,NA,38.80,56.80,46.60,9.20,3.40,69.20,2.40,13.70,2.70,22.30,72.20,44.70,33.70,29.10,66.50,66.30,15.50,61.00,9.80,2.30
"Brown & Brown, Inc.",BRO,21.80,26.20,66.70,46.60,15.00,32.60,60.60,NA,28.60,48.00,63.60,46.90,62.70,61.90,28.00,48.00,60.60,66.20,63.80,27.30,45.80,62.40,42.70,79.30,27.00,45.00,48.40,34.70
Mettler-Toledo International,MTD,33.60,29.80,39.10,36.00,41.00,46.80,38.20,NA,32.80,24.60,34.20,28.50,20.60,24.70,44.70,30.10,27.80,28.40,20.80,22.70,20.50,25.20,36.60,31.70,39.10,38.30,60.00,48.10
Cdw Corporation,CDW,41.00,46.80,32.70,11.60,77.60,58.40,48.00,NA,48.40,39.80,13.80,57.50,43.80,49.20,52.20,45.70,13.70,63.00,84.00,85.80,98.90,0.90,13.40,13.70,16.80,28.60,14.40,13.00
Broadridge Financial Solutions Inc,BR,48.20,51.20,8.80,75.60,37.80,79.40,7.00,57.10,37.80,18.60,33.00,33.50,34.70,60.30,56.50,45.90,51.90,46.60,31.80,78.60,31.30,80.20,49.30,85.60,16.60,88.00,NA,NA
"Church & Dwight Co., Inc.",CHD,71.40,40.90,5.40,24.80,44.80,47.60,54.80,NA,42.60,82.20,36.40,31.50,44.60,42.90,18.50,46.50,49.40,33.20,30.70,50.80,43.90,52.00,51.50,65.40,53.60,47.80,55.10,74.40
The Hershey Company,HSY,41.20,31.50,55.30,63.00,29.00,70.00,21.40,NA,33.80,55.20,52.40,36.50,52.20,44.70,57.30,41.40,82.60,12.50,44.20,59.30,15.80,59.30,73.80,62.90,97.00,44.80,18.40,37.00
T Rowe Price Group Inc,TROW,19.60,10.10,22.60,52.80,55.60,15.60,23.80,NA,10.20,62.60,29.20,18.80,12.10,14.20,10.00,12.50,30.30,16.50,23.20,18.40,29.00,22.00,30.40,55.10,27.30,29.10,34.40,21.20
"Tyler Technologies, Inc.",TYL,81.20,79.80,90.20,23.80,53.40,87.40,91.20,NA,81.00,86.00,82.80,64.50,64.10,62.80,32.50,63.50,42.70,75.40,59.80,64.20,72.30,43.70,48.00,91.90,75.50,73.70,87.20,74.20
Eqt Corp,EQT,99.00,67.10,8.00,99.80,97.80,35.80,96.60,NA,68.00,77.60,3.20,6.00,4.40,4.90,26.40,5.70,98.50,91.20,86.90,93.90,65.90,91.30,91.40,76.90,65.00,90.10,4.00,11.40
"American Water Works Company, Inc",AWK,69.80,72.40,68.10,39.40,77.80,82.80,66.80,NA,73.40,51.40,30.80,69.10,79.20,80.20,87.80,85.70,85.10,85.20,79.40,86.20,82.10,84.30,4.80,8.80,4.80,2.50,7.40,71.40
Synchrony Financial,SYF,90.80,94.20,90.60,91.80,70.20,91.80,91.80,NA,93.80,84.40,66.00,93.80,82.30,89.10,91.70,88.10,88.60,82.90,85.30,85.20,85.90,NA,NA,NA,NA,NA,NA,NA
"Corpay, Inc.",CPAY,65.60,77.00,10.00,73.80,62.00,90.40,10.60,NA,78.00,17.00,53.00,71.70,35.30,25.50,18.70,55.90,74.30,57.40,35.20,NA,NA,NA,NA,NA,NA,NA,NA,NA
Godaddy Inc,GDDY,7.40,11.10,7.00,70.00,30.40,13.40,71.80,NA,11.40,90.60,92.40,6.40,95.40,96.80,88.00,1.00,3.10,3.10,4.20,8.10,4.70,NA,NA,NA,NA,NA,NA,NA
Smurfit Westrock Plc,SW,97.40,72.80,30.50,0.00,14.40,86.00,32.40,NA,73.60,57.60,43.40,65.70,NA,NA,NA,NA,NA,NA,NA,NA,NA,NA,NA,NA,NA,NA,NA,NA
Veralto Corporation,VLTO,21.20,25.60,30.30,38.60,27.00,38.00,30.40,NA,27.40,28.20,22.80,39.90,NA,NA,NA,NA,NA,NA,NA,NA,NA,NA,NA,NA,NA,NA,NA,NA
Huntington Bancshares Inc,HBAN,16.00,40.70,10.60,26.80,46.20,87.20,61.80,NA,42.40,73.40,62.80,54.90,21.60,35.00,60.00,64.80,50.80,39.70,52.60,54.70,86.40,81.10,11.20,2.00,2.30,10.90,60.70,35.30
Equity Residential,EQR,60.00,67.50,84.00,75.00,58.80,31.80,81.40,NA,68.40,75.40,18.80,40.10,50.00,73.50,74.80,13.30,54.40,75.60,7.20,31.60,14.50,80.00,59.50,69.40,16.40,14.80,15.60,47.20
"Netapp, Inc",NTAP,48.60,60.70,46.90,72.40,63.80,19.20,87.20,70.40,14.40,46.80,71.80,33.70,24.20,99.20,70.50,94.30,79.50,76.20,83.80,81.60,70.40,78.00,97.80,92.40,92.70,78.80,77.70,71.90
Biogen Inc.,BIIB,40.20,38.10,78.20,30.00,58.40,11.20,1.60,NA,40.60,11.00,83.80,24.80,27.60,47.40,64.80,32.60,19.90,13.80,30.10,42.20,42.60,53.30,25.30,77.10,59.10,96.10,97.90,99.80
Archer Daniels Midland Company,ADM,66.20,33.70,28.10,24.40,94.00,35.00,82.60,NA,35.60,17.60,85.40,7.40,2.20,3.40,45.70,30.30,31.70,79.30,92.40,81.10,4.10,43.90,82.60,6.30,10.50,24.90,77.20,8.40
Hubbell Incorporated,HUBB,31.20,26.00,30.90,32.60,26.80,64.40,20.40,NA,28.40,29.60,49.20,65.30,49.00,50.40,55.90,41.20,26.60,25.70,22.70,24.40,30.30,30.90,68.10,50.30,59.50,17.10,27.40,25.10
Carnival Corporation,CCL,95.00,0.00,21.20,99.20,2.60,0.80,57.60,NA,0.20,9.00,9.00,17.00,66.90,65.60,72.80,67.40,85.90,87.30,81.50,78.80,68.90,65.90,60.10,52.10,67.50,63.50,52.80,58.40
Dte Energy Company,DTE,79.00,80.40,57.30,78.80,90.60,64.20,62.80,NA,81.40,74.20,91.80,82.60,80.00,79.40,68.70,82.60,86.30,73.70,88.40,91.30,84.20,84.80,85.20,89.40,29.50,93.80,70.20,77.20
Ppl Corporation,PPL,82.00,81.70,91.80,93.00,34.80,27.00,90.00,NA,82.60,85.20,99.60,66.30,43.50,56.50,75.80,53.30,93.20,71.20,80.40,64.40,60.80,73.70,91.20,63.60,32.30,78.10,77.90,72.60
Ameren Corporation,AEE,46.60,77.80,15.00,74.20,73.80,85.60,63.20,NA,79.00,81.40,65.60,68.70,84.90,83.40,90.20,90.40,91.30,86.40,95.80,5.70,90.40,99.30,84.10,86.30,70.90,85.20,73.70,73.50
Devon Energy Corporation,DVN,50.00,63.30,14.80,64.20,88.20,46.40,64.60,NA,64.80,55.40,68.60,9.80,0.00,14.40,87.20,10.00,8.90,91.60,0.00,1.30,36.20,28.70,6.20,3.10,73.20,79.90,73.00,74.90
Regions Financial Corp.,RF,51.40,23.00,75.40,12.80,42.60,66.60,59.00,NA,24.80,53.20,36.80,72.70,57.90,38.70,65.90,61.30,49.60,64.50,90.30,75.40,1.10,1.70,5.90,11.70,90.70,79.40,72.80,33.00
"West Pharmaceutical Services, Inc.",WST,46.20,35.90,44.50,49.00,40.00,56.20,44.60,NA,38.40,42.60,15.80,38.50,51.00,47.20,63.00,53.90,78.20,42.80,68.80,79.00,60.60,72.40,61.20,58.20,72.50,81.80,71.60,91.40
Sba Communications Corp,SBAC,76.40,90.50,37.70,82.00,74.60,87.80,90.40,NA,90.80,91.60,96.00,99.20,96.00,98.80,96.30,99.00,2.90,0.40,1.10,5.50,3.00,4.10,7.90,3.40,4.30,5.10,5.10,6.00
Cincinnati Financial Corp,CINF,15.00,23.20,34.10,78.60,23.20,16.80,2.00,NA,25.00,1.80,11.40,30.30,10.70,92.10,22.40,68.90,60.40,58.00,49.70,52.10,50.50,43.30,29.70,33.30,17.30,13.20,42.10,40.00
International Flavors & Fragrances Inc.,IFF,5.80,4.60,15.20,46.20,68.00,10.00,98.60,NA,5.60,6.60,96.60,68.10,52.00,38.90,41.90,37.90,20.30,30.10,21.90,38.30,10.20,27.40,43.80,28.50,38.20,33.50,17.70,46.00
"Ptc, Inc",PTC,70.80,72.60,23.60,87.00,80.20,81.00,26.00,77.60,84.60,54.00,13.40,63.50,1.00,93.10,99.00,4.30,89.40,69.30,50.90,2.80,15.10,96.10,76.90,88.80,18.00,26.10,53.70,86.30
"Expedia Group, Inc.",EXPE,85.20,92.70,7.60,92.00,1.00,5.60,3.60,NA,92.40,98.60,99.80,41.90,95.00,93.70,92.30,96.30,64.70,90.40,88.80,93.40,66.10,63.50,70.30,12.10,87.00,87.10,94.40,94.70
Teledyne Technologies Incorporated,TDY,24.20,15.10,27.70,62.20,66.80,17.40,43.40,NA,16.40,12.40,72.60,48.70,27.20,42.70,60.20,60.50,21.00,34.20,18.90,23.90,12.60,26.10,37.70,27.00,67.70,21.00,49.30,71.60
Weyerhaeuser Company,WY,72.80,60.30,97.80,80.40,41.60,38.20,72.80,NA,61.80,62.20,38.20,67.70,0.80,53.20,73.60,17.60,75.70,8.40,63.40,51.70,13.90,10.40,17.40,33.70,16.10,94.90,84.00,57.00
Atmos Energy Corporation,ATO,56.00,94.40,78.80,60.80,30.60,64.00,78.40,NA,94.00,45.00,2.80,61.70,68.80,68.20,76.00,79.50,86.70,83.90,80.20,86.40,83.60,91.70,92.10,79.10,95.00,80.40,90.50,88.40
Waters Corp,WAT,32.00,14.30,41.70,8.80,85.40,29.20,29.60,NA,15.80,19.80,23.80,47.70,20.80,19.40,99.60,32.00,26.80,24.60,17.90,16.90,25.20,27.80,33.70,41.60,47.30,36.70,51.20,23.70
"Zimmer Biomet Holdings, Inc.",ZBH,48.80,53.40,57.10,52.20,52.80,42.20,70.20,NA,55.00,95.60,94.00,1.60,44.20,3.20,17.50,96.10,99.00,45.10,30.50,52.30,53.10,68.00,46.30,37.50,48.60,40.40,30.90,50.00
Lyondellbasell Industries N.v. Class A,LYB,55.40,80.80,37.30,48.80,11.20,96.00,73.80,NA,81.80,65.20,50.20,79.60,48.60,28.50,25.00,48.20,36.10,43.80,29.50,60.00,37.30,8.70,17.20,13.00,71.10,NA,NA,NA
Western Digital Corp.,WDC,10.40,7.50,15.60,31.60,22.20,13.80,18.60,9.20,7.40,40.40,83.20,3.60,3.60,96.20,96.50,98.60,52.90,62.00,88.00,69.50,77.20,42.80,78.60,60.00,25.20,23.30,82.60,30.00
Steris Plc,STE,86.40,84.10,60.30,72.20,0.20,66.80,34.80,86.70,97.60,91.00,67.80,43.30,65.50,58.50,89.60,80.50,66.80,55.30,42.30,21.00,77.80,58.70,44.50,71.90,30.00,84.50,67.70,33.50
Eversource Energy,ES,0.00,1.60,0.00,69.60,24.80,9.40,50.80,NA,2.00,69.60,63.20,41.10,78.40,64.00,72.60,81.10,57.10,72.20,72.80,75.80,79.70,82.60,81.50,85.20,21.80,16.60,3.30,93.70
Kellanova,K,53.00,62.70,52.90,31.00,56.00,96.60,84.20,NA,64.20,70.20,31.20,51.70,29.60,27.50,40.70,81.60,88.40,88.10,14.10,66.30,33.50,12.80,37.20,31.90,45.00,52.20,30.20,38.10
Packaging Corp of America,PKG,54.80,61.50,47.10,46.40,71.20,57.00,62.60,NA,62.80,59.20,45.20,76.20,63.50,59.30,38.60,65.40,63.50,67.40,38.50,82.20,75.70,57.00,27.10,76.40,70.00,76.00,96.30,87.90
Northern Trust Corp,NTRS,89.60,81.50,43.30,89.80,2.80,99.60,10.20,NA,82.40,72.80,15.40,50.30,63.70,26.70,49.00,48.60,68.90,21.90,21.10,26.50,72.90,26.30,28.60,30.80,33.20,12.20,21.60,32.60
Seagate Technology Holdings Plcs,STX,23.00,87.50,17.20,19.80,97.00,2.20,6.80,88.80,3.80,26.40,40.00,60.50,14.10,66.20,80.50,97.10,52.50,56.60,57.90,23.50,80.60,28.30,13.70,77.50,22.70,67.90,76.30,25.60
"Builders Firstsource, Inc.",BLDR,60.60,50.40,81.00,42.20,47.40,55.80,45.20,NA,53.00,47.80,21.60,19.20,80.40,46.20,91.50,26.20,0.80,49.70,20.00,25.20,19.00,9.60,15.60,17.30,3.20,64.90,84.40,64.70
Firstenergy Corp.,FE,91.80,32.10,65.70,99.60,12.20,92.60,54.40,NA,34.20,96.80,81.40,35.70,85.50,20.60,5.10,9.80,96.50,97.50,96.80,89.00,89.30,92.40,74.20,62.00,40.20,60.00,87.00,73.70
Steel Dynamics Inc,STLD,43.00,46.00,77.80,21.80,26.60,65.60,65.80,NA,47.80,36.60,11.80,63.70,74.00,26.30,18.10,78.10,0.60,91.90,57.70,86.70,61.20,28.50,0.40,63.10,24.50,24.00,46.00,14.40
"Cboe Global Markets, Inc.",CBOE,88.00,44.00,97.00,73.40,30.80,45.40,90.20,NA,45.60,90.40,30.20,87.60,61.70,36.00,19.50,33.00,27.00,38.00,31.60,34.30,47.30,38.70,24.20,50.10,NA,NA,NA,NA
"Citizens Financial Group, Inc.",CFG,54.60,67.70,17.40,73.00,44.20,86.80,76.60,NA,68.60,78.60,20.20,12.80,15.50,20.00,29.50,46.10,48.50,54.10,4.00,85.60,94.50,NA,NA,NA,NA,NA,NA,NA
"Warner Bros. Discovery, Inc. Series a",WBD,5.60,3.00,0.40,5.60,7.80,2.00,2.20,NA,3.40,5.20,89.20,76.40,58.50,92.70,2.60,29.90,31.10,22.10,24.20,24.60,17.10,18.30,24.90,69.20,5.50,3.20,86.50,31.60
Zebra Technologies Corporation,ZBRA,78.80,5.80,72.30,81.60,41.20,96.20,76.40,NA,6.60,29.20,43.00,67.30,33.70,68.00,99.40,5.10,6.60,96.70,44.60,50.40,7.90,40.70,69.60,4.00,50.90,40.20,15.80,16.30
"First Solar, Inc.",FSLR,13.00,10.70,13.00,11.80,44.00,50.20,14.80,NA,10.80,0.40,9.80,12.60,4.20,3.80,1.80,9.40,7.70,60.80,79.20,1.90,12.40,20.40,23.80,43.80,40.90,7.90,4.20,15.80
"The Cooper Companies, Inc.",COO,61.20,74.20,68.70,39.80,61.20,66.40,57.00,NA,75.40,73.00,7.60,70.10,51.60,93.30,57.10,68.40,69.90,58.90,40.40,33.70,67.00,77.20,68.30,53.50,0.70,86.10,75.10,20.70
Cms Energy Corporation,CMS,79.60,84.50,38.90,90.60,90.40,37.80,28.00,NA,85.40,27.80,86.20,58.70,85.10,82.00,89.20,87.70,90.90,88.70,87.40,90.30,84.00,82.80,87.70,72.40,8.60,0.20,1.20,94.40
Labcorp Holdings Inc.,LH,92.40,91.10,59.10,83.20,13.00,4.20,49.20,NA,91.40,63.80,46.20,39.10,64.70,52.00,29.90,57.40,79.30,43.20,42.50,48.10,57.10,52.20,47.80,64.00,54.30,55.90,51.60,44.00
Clorox Company,CLX,86.00,83.70,74.50,54.40,3.60,51.20,18.40,85.70,98.00,69.40,71.00,56.70,28.20,29.80,36.20,31.80,52.10,37.40,36.80,23.10,30.70,39.10,38.30,58.90,49.50,36.30,13.00,53.50
Omnicom Group Inc.,OMC,28.80,21.20,51.10,4.60,5.20,92.20,25.80,NA,22.80,14.20,51.40,64.10,43.10,39.30,68.30,61.50,72.20,35.90,65.30,48.90,40.70,60.70,67.40,47.90,62.50,77.60,35.10,60.90
"Darden Restaurants, Inc.",DRI,54.40,55.00,43.70,45.40,72.80,50.40,41.60,62.20,56.60,48.80,74.20,1.20,65.10,62.60,69.30,74.20,93.80,50.50,76.80,57.80,64.40,75.00,66.70,75.30,94.30,80.60,75.80,76.00
International Paper Co.,IP,96.20,97.60,90.00,16.20,96.40,6.00,84.80,NA,96.80,58.60,86.40,94.80,91.30,59.70,16.30,86.10,88.20,95.60,73.90,92.20,71.60,79.60,96.30,5.40,60.90,34.60,44.00,0.00
"Centerpoint Energy, Inc.",CNP,76.80,95.40,21.60,81.00,63.00,88.80,70.60,NA,95.00,69.80,5.60,3.40,73.60,95.50,15.70,95.10,3.70,80.00,95.20,93.60,42.00,88.30,92.30,74.20,75.00,84.10,9.30,4.00
Southwest Airlines Co.,LUV,0.80,98.00,60.50,6.00,22.60,6.20,88.20,NA,97.20,97.20,84.00,14.00,63.30,72.30,28.70,70.90,50.40,84.10,89.10,94.10,96.80,90.40,97.60,2.70,98.00,90.30,95.60,92.60
"Essex Property Trust, Inc",ESS,68.80,82.70,82.20,79.20,44.60,83.20,0.40,NA,83.60,87.20,72.80,42.10,74.60,74.70,64.20,62.70,87.10,92.30,68.20,73.30,93.60,95.20,91.60,88.30,64.10,87.80,56.70,47.70
"Nrg Energy, Inc.",NRG,58.40,21.40,13.40,47.80,24.00,17.20,56.00,NA,23.40,9.40,7.40,89.60,8.30,94.50,7.90,5.30,9.30,98.10,2.10,72.50,95.50,90.70,69.20,36.60,89.10,13.40,17.40,91.20
"Mccormick & Company, Incorporated Non-Vtg Cs",MKC,39.80,66.30,21.80,21.00,32.80,78.80,52.40,NA,67.40,23.40,26.20,40.90,39.90,13.60,61.60,43.90,49.00,21.70,24.60,22.20,14.90,19.80,39.00,38.00,20.50,59.60,57.70,52.60
Live Nation Entertainment Inc.,LYV,87.20,82.90,8.60,45.60,1.20,5.00,4.80,NA,83.80,94.60,1.80,16.60,92.90,0.20,2.00,1.20,2.30,2.10,0.60,4.90,3.40,5.20,9.90,17.80,2.50,5.50,6.70,97.40
Insulet Corporation,PODD,13.20,10.50,41.90,11.00,69.00,16.40,25.00,NA,10.60,99.60,1.00,96.80,97.40,98.60,6.50,9.60,10.20,6.10,5.70,10.80,7.70,10.70,18.30,24.70,19.10,17.30,18.60,16.50
Invitation Homes Inc.,INVH,82.20,76.80,88.60,94.80,74.00,19.80,88.40,NA,77.80,90.00,92.80,89.40,94.40,0.00,4.90,4.50,5.60,5.80,NA,NA,NA,NA,NA,NA,NA,NA,NA,NA
"Molina Healthcare, Inc.",MOH,7.20,51.60,82.60,4.20,28.80,4.60,91.60,NA,53.80,24.20,91.20,83.60,10.50,5.90,6.30,100.00,97.50,99.00,91.40,98.30,97.90,85.20,92.50,21.10,90.50,82.70,94.00,53.00
Snap-on Incorporated,SNA,28.60,24.80,33.50,31.80,53.00,33.00,29.80,NA,26.80,14.80,33.80,53.10,16.50,26.10,27.00,25.00,19.10,11.70,20.40,20.60,8.10,12.00,75.80,25.20,38.90,77.80,83.70,62.10
Coterra Energy Inc.,CTRA,82.60,78.60,86.20,81.40,83.60,59.00,76.80,NA,79.80,50.80,53.40,90.40,75.80,72.10,96.70,8.40,1.00,98.30,91.80,94.30,92.30,94.60,89.40,90.80,91.60,27.90,84.90,87.70
"Mid-America Apartment Communities, Inc.",MAA,9.80,74.00,5.60,90.20,57.40,51.60,85.40,NA,75.20,68.00,65.40,87.80,78.00,88.70,72.40,79.70,43.40,85.60,76.20,70.80,89.80,94.30,87.40,96.20,93.60,97.00,97.00,90.50
"Principal Financial Group, Inc.",PFG,0.40,97.40,5.20,93.20,42.00,7.20,17.40,NA,96.40,13.20,77.80,82.40,92.70,88.90,66.10,87.50,92.50,80.20,69.90,91.70,91.50,88.50,86.60,96.90,96.60,81.50,87.40,84.20
Hologic Inc,HOLX,57.60,56.90,70.30,72.00,69.40,25.20,85.20,65.30,81.60,66.80,40.40,18.60,0.20,2.80,9.10,82.20,96.70,99.40,4.80,3.00,85.50,2.00,13.90,9.00,61.60,30.50,57.40,73.30
Jacobs Solutions Inc.,J,39.60,NA,NA,89.20,11.00,76.00,46.60,NA,50.60,14.60,58.60,71.50,4.60,84.20,70.90,90.20,55.80,77.90,17.10,13.30,10.40,12.40,36.30,23.10,36.10,30.70,24.70,12.60
Factset Research Systems,FDS,39.40,35.10,64.90,51.60,39.40,28.80,78.60,40.80,43.80,51.60,50.80,38.30,28.40,50.60,36.60,21.70,33.20,30.30,37.50,29.70,27.70,43.00,42.10,34.20,50.50,55.00,38.60,34.20
Ball Corporation,BALL,48.40,85.30,7.40,55.20,48.20,90.80,91.00,NA,86.20,10.00,77.20,80.20,86.10,90.30,90.00,18.00,92.70,77.00,71.20,74.80,74.40,22.60,42.50,75.50,86.60,38.60,78.10,60.70
W.R. Berkley Corporation,WRB,79.80,76.60,90.80,74.80,69.20,57.60,88.80,NA,77.60,75.20,80.20,86.80,60.70,17.20,40.00,45.30,63.70,20.50,57.30,39.40,58.80,17.80,22.50,97.30,77.00,82.40,92.30,92.80
"Ulta Beauty, Inc.",ULTA,27.40,25.20,24.00,10.80,87.80,9.80,12.00,26.50,30.40,30.00,95.60,50.10,47.80,48.20,55.30,31.10,53.70,54.90,39.20,66.50,80.80,93.90,81.90,71.20,87.50,85.50,7.40,18.60
Trimble Inc.,TRMB,8.20,70.40,77.00,7.00,92.80,48.60,67.20,NA,71.20,20.20,58.80,61.30,23.40,63.80,87.60,88.50,90.00,69.50,66.70,64.80,55.40,27.60,82.40,39.30,58.40,46.90,27.00,20.50
Las Vegas Sands Corp.,LVS,78.00,85.90,83.40,76.40,59.80,79.00,73.00,NA,86.80,15.40,5.20,20.80,22.40,70.20,58.30,82.80,64.10,60.10,67.60,71.00,59.50,87.80,6.60,9.90,94.50,6.00,79.10,13.50
Keycorp,KEY,7.00,89.90,85.20,4.40,67.40,98.60,63.60,NA,90.40,86.40,9.40,31.10,62.10,43.10,47.00,75.80,30.90,45.50,60.80,56.10,72.50,95.40,7.00,16.60,8.00,19.90,73.50,56.00
Quest Diagnostics Inc.,DGX,58.60,49.40,55.90,54.20,31.00,80.40,18.80,NA,52.00,73.80,29.00,41.50,47.40,60.70,54.10,59.80,24.50,59.10,9.30,73.70,65.50,51.10,38.10,70.30,90.90,64.70,55.80,50.70
"Teradyne, Inc.",TER,34.40,35.30,35.90,35.80,15.80,69.20,40.60,NA,37.60,18.20,24.40,26.10,28.00,21.70,79.50,1.80,72.60,96.00,55.80,67.80,11.10,48.70,10.40,11.20,63.60,83.60,8.80,48.40
Masco Corporation,MAS,45.60,54.00,79.00,43.40,9.40,77.20,65.60,NA,55.60,25.00,82.20,25.90,29.00,48.80,47.40,50.80,71.60,9.60,77.90,4.70,4.90,5.90,3.50,5.60,95.50,86.60,49.80,52.30
"Best Buy Company, Inc.",BBY,59.00,27.40,75.60,13.60,85.20,15.80,63.80,27.60,36.00,49.60,88.60,57.30,58.70,75.10,74.00,49.80,54.60,74.30,1.50,4.20,16.20,56.10,60.60,50.80,39.30,56.80,71.20,67.70
Pentair Plc,PNR,30.60,16.70,63.30,84.80,7.00,18.60,33.40,NA,17.80,15.60,27.40,52.10,17.10,36.20,19.30,59.20,55.00,93.70,60.20,7.00,97.40,39.60,69.40,24.90,61.80,41.30,42.30,48.60
Baxter International Inc.,BAX,97.20,9.70,7.80,4.80,93.80,69.80,9.60,NA,9.80,5.60,67.20,59.10,75.40,38.10,81.50,13.90,61.20,32.20,53.10,41.30,31.60,72.20,35.50,40.00,44.10,61.20,59.30,91.90
Idex Corporation,IEX,47.20,28.80,61.70,23.40,50.40,59.80,25.20,NA,31.60,23.00,41.00,47.30,31.50,28.70,39.00,50.20,33.60,33.60,51.60,96.00,23.70,25.90,60.80,64.70,38.40,27.50,40.00,54.00
"Alexandria Real Estate Equities, Inc.",ARE,77.20,99.60,84.60,97.40,76.40,31.60,98.80,NA,99.40,88.40,85.00,46.30,91.70,24.90,82.70,2.70,83.20,89.80,76.40,88.60,64.60,53.70,44.70,77.30,76.10,68.10,72.30,21.40
Genuine Parts Company,GPC,42.00,21.00,71.90,25.80,50.00,32.20,60.00,NA,22.60,42.80,51.80,97.00,46.20,49.40,41.70,42.00,57.50,19.40,50.10,44.90,22.80,45.00,67.00,32.40,37.50,18.20,22.30,39.50
Kimco Realty Corp.,KIM,85.40,57.30,72.50,80.00,1.80,40.60,78.00,NA,59.20,0.00,12.20,16.20,67.50,37.20,49.60,55.70,11.60,47.40,78.90,65.70,82.30,89.30,0.20,82.50,54.80,25.40,28.10,27.20
"Expeditors International of Washington, Inc.",EXPD,15.60,43.30,18.40,15.60,61.80,27.40,26.80,NA,45.00,64.80,11.00,21.20,36.30,16.00,21.50,32.80,31.30,16.30,22.50,21.60,26.40,24.30,38.80,45.80,29.80,53.30,36.30,28.40
"Tyson Foods, Inc.",TSN,93.00,91.90,61.90,93.80,6.40,97.60,6.60,92.90,3.00,19.00,41.60,66.70,34.50,18.00,51.60,54.10,75.90,36.70,59.60,71.80,42.20,63.00,6.40,92.80,88.00,3.50,88.40,77.90
Dollar General Corp.,DG,81.40,46.40,82.00,63.80,82.80,78.20,28.60,53.10,12.60,39.00,54.00,34.90,40.30,29.10,38.80,31.40,30.70,24.00,23.80,43.60,35.40,67.20,94.30,0.90,93.20,62.80,28.40,57.70
"Textron, Inc.",TXT,36.80,41.50,26.90,47.60,14.20,80.60,19.60,NA,43.00,70.60,80.40,80.80,32.30,15.20,86.60,23.80,54.80,73.10,56.20,57.00,93.40,98.50,0.90,56.90,28.00,64.40,97.20,83.30
Avery Dennison Corp.,AVY,42.20,57.50,51.70,32.20,28.20,70.20,76.20,NA,59.60,45.80,52.60,38.10,82.90,17.40,78.30,66.00,62.20,48.00,46.30,80.90,76.50,50.70,10.80,77.80,63.20,51.00,74.40,65.30
Gen Digital Inc.,GEN,93.20,92.50,28.70,48.60,97.60,70.40,17.20,93.90,8.80,37.60,42.60,6.60,99.20,12.10,74.40,14.10,51.20,41.50,71.60,58.50,87.20,77.00,14.10,94.60,97.30,99.50,81.60,80.90
Nisource Inc.,NI,76.00,86.70,94.20,95.40,49.20,52.40,92.40,NA,87.60,71.40,79.00,0.00,93.30,1.60,93.90,83.00,95.60,82.70,83.20,89.40,85.70,78.30,96.70,98.20,86.40,96.50,82.80,78.60
Marathon Oil Corporation,MRO,91.00,85.10,94.80,87.20,85.00,80.20,77.40,NA,86.00,61.80,92.60,8.00,95.60,86.80,8.10,10.50,7.10,64.30,86.50,83.30,76.30,75.40,86.30,74.40,63.40,24.70,56.30,87.00
"Everest Group, Ltd.",EG,78.60,70.20,96.00,69.40,67.60,39.20,69.20,NA,71.00,96.20,89.00,94.20,67.10,95.70,80.10,42.40,39.80,18.40,11.40,13.80,1.30,49.10,21.80,0.70,22.30,15.20,1.60,87.40
Jb Hunt Transport Services Inc,JBHT,84.40,82.10,74.30,82.40,91.60,41.60,75.40,NA,83.00,74.60,63.40,75.80,76.20,76.70,36.80,73.00,73.00,61.40,58.70,64.00,80.40,73.50,76.70,85.80,82.30,75.50,58.80,83.70
Align Technology Inc,ALGN,26.00,63.90,75.80,58.40,19.60,14.60,77.80,NA,65.60,65.00,58.00,14.20,61.50,46.80,69.50,37.30,58.10,51.40,85.50,78.20,68.00,58.30,5.30,19.80,54.10,10.20,100.00,84.90
"Healthpeak Properties, Inc.",DOC,95.80,90.70,92.20,75.20,99.00,99.80,94.80,NA,91.00,97.00,97.60,98.00,98.80,91.10,92.10,93.40,96.10,1.70,4.60,5.30,4.30,NA,NA,NA,NA,NA,NA,NA
Domino's Pizza Inc.,DPZ,23.20,24.40,37.50,29.20,38.40,30.00,32.80,NA,26.20,28.80,43.20,28.70,31.30,23.30,34.30,38.70,52.30,23.80,37.10,55.10,46.50,47.40,32.60,48.10,84.10,40.90,38.10,63.50
Viatris Inc.,VTRS,3.00,100.00,98.20,3.40,95.00,8.20,80.40,NA,100.00,55.80,2.40,5.40,99.60,96.60,85.60,94.50,82.80,18.00,62.70,50.00,37.70,81.30,76.00,5.80,8.90,83.10,21.40,12.30
Verisign Inc,VRSN,19.40,18.10,41.10,18.40,53.20,21.40,36.80,NA,20.00,42.40,22.40,20.60,30.60,31.00,55.10,52.90,62.90,59.50,17.50,59.70,78.30,9.10,49.80,7.60,3.00,41.10,34.70,69.50
Jabil Inc.,JBL,33.40,30.80,94.00,92.60,18.80,72.60,93.60,35.70,77.40,67.80,78.60,98.20,93.50,98.40,97.00,92.00,95.00,74.70,88.60,58.10,75.30,79.30,12.10,91.20,87.70,89.10,86.30,84.00
Alliant Energy Corporation,LNT,63.20,30.40,38.10,85.20,75.60,64.60,31.80,NA,33.20,14.00,15.00,18.40,25.00,18.80,75.00,78.70,79.00,79.50,68.00,82.40,75.50,88.70,93.00,29.90,47.50,42.70,0.00,89.50
"Cf Industries Holding, Inc.",CF,71.60,65.50,89.20,34.00,82.00,56.00,90.80,NA,66.80,36.20,82.40,84.80,87.90,94.70,91.30,5.90,62.00,14.20,14.50,35.80,38.60,91.10,59.90,25.80,73.40,97.90,1.90,95.10
Loews Corporation,L,1.60,87.10,1.60,77.20,71.00,29.80,95.40,NA,88.00,93.60,65.80,7.20,68.10,96.40,76.60,91.60,98.30,94.80,90.90,94.50,90.80,7.60,96.90,22.90,85.20,14.10,89.80,76.50
The Estee Lauder Companies Inc. Class A,EL,99.20,97.20,95.40,1.80,66.20,89.00,1.00,98.00,63.00,46.00,41.80,88.60,45.40,78.50,49.40,57.00,64.50,31.90,25.50,38.80,48.40,68.30,83.30,52.40,53.90,91.20,30.50,68.80
Amcor Plcs,AMCR,54.00,65.70,9.20,91.20,31.60,79.80,6.20,73.50,31.80,76.60,60.60,76.80,66.30,18.20,21.70,22.50,18.30,12.70,14.10,17.80,18.10,17.60,22.00,27.60,21.40,22.40,20.90,18.60
"Revvity, Inc.",RVTY,81.60,6.90,56.50,69.80,95.20,76.40,3.00,NA,7.20,38.80,56.60,30.10,56.50,40.50,67.10,51.60,41.10,63.70,12.80,75.00,100.00,29.80,54.80,65.60,57.30,25.60,91.90,73.00
Aptiv Plc,APTV,12.80,9.30,29.10,14.40,43.00,20.00,12.60,NA,9.40,59.60,57.60,18.20,58.30,55.50,26.20,54.90,25.90,52.80,44.00,43.90,26.90,61.10,NA,NA,NA,NA,NA,NA
"Evergy, Inc.",EVRG,82.80,86.50,69.90,53.00,85.60,95.20,78.20,NA,87.40,87.40,59.40,84.60,30.20,85.40,84.60,81.80,84.60,86.00,78.50,75.20,70.80,85.90,78.20,56.60,53.00,60.30,87.70,69.80
"Moderna, Inc.",MRNA,47.80,9.90,0.60,26.00,33.40,81.20,12.40,NA,10.00,12.00,28.60,4.40,14.50,13.20,40.20,10.90,NA,NA,NA,NA,NA,NA,NA,NA,NA,NA,NA,NA
Pool Corporation,POOL,46.00,59.90,79.20,7.20,73.00,79.20,82.80,NA,61.40,12.60,9.60,25.10,23.80,9.10,18.30,27.70,24.30,18.80,18.10,48.70,20.70,54.30,95.40,61.80,22.50,15.00,11.40,14.20
"Rollins, Inc.",ROL,32.80,29.40,32.30,32.40,54.80,42.40,22.00,NA,32.60,45.40,29.80,56.10,51.20,34.60,41.10,40.80,34.60,40.10,34.90,34.70,52.90,40.00,35.90,43.40,45.50,56.40,50.20,38.40
Nordson Corp,NDSN,40.40,37.10,48.50,28.00,64.80,36.60,48.20,NA,39.60,25.80,36.60,69.70,23.20,42.50,31.50,32.40,32.00,22.50,26.10,29.20,23.20,13.70,8.80,26.70,45.20,47.30,53.30,58.10
"F5, Inc.",FFIV,49.80,42.90,62.30,31.20,73.40,34.40,34.00,50.00,60.00,52.60,75.80,73.70,64.50,62.30,63.60,71.90,68.50,62.80,64.40,65.50,59.90,70.90,67.80,87.00,83.60,74.80,61.20,27.90
Skyworks Solutions Inc,SWKS,90.40,90.30,97.60,76.80,67.20,85.20,48.80,90.80,70.00,33.20,34.40,45.10,57.10,46.00,51.20,26.60,32.20,59.30,64.00,46.40,55.90,53.90,70.00,57.80,53.40,6.50,79.30,93.50
"Stanley Black & Decker, Inc.",SWK,1.20,1.40,88.20,0.60,0.80,5.20,99.80,NA,1.80,0.80,8.80,56.30,54.40,71.30,30.30,54.50,39.60,58.70,62.50,20.80,50.10,61.30,88.10,69.00,61.10,58.90,42.80,19.50
"Epam Systems, Inc.",EPAM,21.60,40.10,63.10,12.20,42.80,16.60,73.20,NA,42.20,32.40,35.00,57.10,21.20,33.00,83.30,60.20,16.60,48.20,12.40,15.00,29.20,11.50,62.60,NA,NA,NA,NA,NA
Akamai Technologies Inc,AKAM,89.80,83.10,97.20,88.60,76.60,75.60,74.00,NA,84.00,88.00,80.60,74.50,78.60,89.70,89.00,85.90,83.40,71.40,67.40,84.30,77.00,76.10,81.10,83.40,85.90,84.30,9.50,45.10
"Udr, Inc.",UDR,98.60,68.80,98.40,97.00,92.40,95.00,96.80,NA,69.40,98.20,95.00,96.40,89.70,85.00,90.90,66.60,33.00,83.50,97.90,50.60,98.30,3.50,4.60,18.20,27.50,69.50,58.60,83.00
"Conagra Brands, Inc.",CAG,94.60,96.60,19.00,3.60,80.40,43.40,42.20,96.90,49.80,49.80,30.60,74.70,59.50,29.60,67.30,7.40,1.50,95.20,65.10,77.10,57.60,69.10,16.10,16.00,34.80,76.70,74.90,11.60
Incyte Genomics Inc,INCY,91.60,11.70,84.80,41.40,50.60,20.60,18.00,NA,12.80,91.40,13.60,14.80,56.00,87.40,10.20,87.30,98.10,5.00,5.30,74.40,13.40,2.80,14.80,23.40,24.30,13.60,20.20,12.80
Camden Property Trust,CPT,82.40,72.00,1.00,95.60,66.40,24.40,95.00,NA,73.00,35.60,74.40,91.60,83.90,88.30,76.40,15.20,60.80,42.00,25.10,23.30,93.00,97.00,3.10,91.00,62.00,21.70,22.60,93.30
Albemarle Corporation,ALB,6.00,11.90,12.80,2.20,99.20,12.20,70.40,NA,13.00,22.20,89.40,72.90,40.50,11.90,93.30,29.30,21.20,91.40,16.80,55.30,21.10,19.30,65.20,60.90,23.60,88.70,50.50,90.20
Henry (Jack) & Associates,JKHY,40.80,49.20,28.50,77.40,43.20,24.80,51.40,56.10,19.60,54.20,56.20,60.70,55.40,24.30,50.60,49.00,64.30,59.90,61.30,60.60,61.00,63.90,65.00,66.10,65.90,74.60,48.80,62.80
"C.H. Robinson Worldwide, Inc.",CHRW,14.60,78.80,33.90,42.80,10.20,47.20,80.60,NA,80.00,71.60,6.20,23.00,47.20,30.60,14.80,24.60,44.40,21.30,10.70,12.70,17.70,14.60,22.90,39.60,20.00,43.60,27.90,22.10
Juniper Networks Inc,JNPR,74.00,88.30,70.90,5.40,0.00,11.60,93.00,NA,88.80,8.60,88.40,79.20,51.80,55.10,90.40,67.20,44.20,2.70,66.90,90.70,78.00,35.40,85.70,65.20,83.00,4.60,68.60,89.10
"Host Hotels & Resorts, Inc.",HST,73.20,71.40,95.00,65.20,55.80,72.80,84.60,NA,72.40,84.60,0.20,14.60,41.50,30.80,75.60,62.30,75.50,52.40,88.20,97.70,0.90,2.60,5.50,83.80,46.60,37.00,91.60,1.20
"Dayforce, Inc.",DAY,98.20,94.60,99.40,0.40,50.20,63.20,1.40,NA,94.20,4.00,4.20,95.80,11.30,6.50,91.10,19.10,10.40,NA,NA,NA,NA,NA,NA,NA,NA,NA,NA,NA
Allegion Public Limited Company,ALLE,29.00,22.80,44.90,31.40,21.60,59.60,20.00,NA,24.60,26.20,21.80,49.90,28.60,21.30,38.40,59.00,59.80,44.90,97.50,29.40,28.60,NA,NA,NA,NA,NA,NA,NA
Bunge Global Sa,BG,70.20,47.80,96.60,0.80,93.00,71.80,90.60,NA,50.80,2.60,3.40,3.80,10.90,3.00,94.90,84.40,14.10,76.60,97.70,2.10,82.90,3.90,9.00,84.00,6.10,5.30,13.30,56.30
"Universal Health Services, Inc. Class B",UHS,66.00,64.10,42.30,78.00,61.60,67.80,20.20,NA,65.80,61.00,16.20,81.20,64.90,63.60,56.30,66.80,51.70,69.10,60.60,66.70,62.50,74.10,65.40,82.90,78.90,12.90,67.90,78.10
Dollar Tree Inc.,DLTR,3.20,2.60,76.80,77.80,7.40,74.20,17.60,1.00,18.00,30.40,77.40,76.60,4.80,13.80,68.90,86.30,46.90,35.10,18.30,45.80,34.80,61.50,55.50,70.10,82.50,79.20,54.00,34.40
Norwegian Cruise Line Holdings Ltd.s,NCLH,93.40,99.00,18.00,93.60,99.40,5.40,14.20,NA,99.00,6.80,10.40,17.40,70.20,75.70,74.60,72.30,84.40,67.60,94.10,80.10,83.80,99.80,20.90,16.20,8.40,3.70,99.10,0.20
The J.M. Smucker Company,SJM,55.60,58.10,27.10,61.40,90.80,25.40,30.60,67.30,1.00,73.20,69.60,53.30,78.80,15.40,64.60,75.40,76.80,49.30,51.40,57.20,11.70,46.30,52.90,32.80,68.90,50.10,52.30,21.90
Regency Centers Corporation,REG,68.20,72.20,74.70,68.80,62.80,61.80,77.00,NA,73.20,77.00,94.40,3.20,98.40,80.60,82.90,63.70,67.60,47.20,58.50,97.00,92.80,98.70,2.60,53.30,25.90,21.50,36.70,36.70
Carmax Inc.,KMX,84.80,15.70,95.80,3.80,95.80,77.40,24.00,16.30,87.00,3.60,16.40,11.60,7.90,6.70,6.90,11.10,5.20,3.30,2.90,8.70,5.50,8.50,90.50,19.10,13.90,16.20,10.90,31.20
Eastman Chemical Company,EMN,43.60,52.60,73.50,55.40,13.80,44.60,85.80,NA,54.60,42.20,73.80,86.40,71.60,50.00,28.30,56.80,69.30,67.00,19.80,83.90,14.70,35.20,95.20,73.50,87.30,57.00,44.90,86.00
"Bxp, Inc.",BXP,26.60,98.20,4.20,94.20,84.20,84.20,3.80,NA,97.40,83.80,98.40,74.90,98.60,71.70,71.30,73.60,42.50,51.80,16.40,76.50,76.80,76.50,77.50,96.00,11.60,12.50,24.90,46.50
"Tapestry, Inc.",TPR,56.20,53.00,19.60,56.00,28.60,77.60,11.60,60.20,19.80,25.20,62.20,9.40,30.40,81.20,50.20,58.60,80.90,31.10,38.10,25.40,26.00,37.80,33.90,36.00,30.90,37.90,45.80,56.70
Bio-Techne Corp.,TECH,72.20,64.70,67.30,65.00,68.20,82.40,29.20,71.40,15.00,39.20,86.60,20.40,68.50,44.90,68.10,42.20,34.90,28.00,18.70,22.90,24.70,18.70,24.00,32.10,24.10,35.10,27.70,28.60
Generac Holdings Inc,GNRC,85.00,83.90,66.30,42.00,94.60,84.80,75.80,NA,85.00,8.20,13.00,40.50,29.20,20.40,59.30,84.60,84.00,43.60,46.50,82.80,9.20,68.70,54.60,14.40,2.70,NA,NA,NA
"Super Micro Computer, Inc.",SMCI,3.80,3.20,8.40,1.20,5.00,54.80,7.80,2.00,19.20,4.60,26.60,10.80,90.90,66.80,6.70,51.40,8.50,6.70,8.40,10.40,6.80,7.40,37.00,22.70,15.20,10.40,12.80,6.50
"Lamb Weston Holdings, Inc.",LW,37.60,22.20,81.40,79.40,17.60,18.40,44.40,22.40,11.20,80.80,68.20,50.50,45.60,27.70,44.30,39.10,38.40,46.80,NA,NA,NA,NA,NA,NA,NA,NA,NA,NA
"Charles River Laboratories International, Inc.",CRL,68.60,46.60,92.00,74.00,75.20,33.60,77.20,NA,48.00,46.20,75.60,46.70,69.20,70.40,81.70,71.50,69.70,71.80,69.30,74.20,64.20,5.70,63.20,11.00,72.70,2.30,63.50,72.30
"The Interpublic Group of Companies, Inc.",IPG,42.60,8.10,98.80,12.00,6.00,62.00,21.80,NA,8.20,12.80,81.00,93.60,81.00,15.60,54.30,19.70,50.00,39.00,74.90,13.60,9.00,88.00,90.30,90.10,70.70,6.70,8.60,2.80
"Paycom Software, Inc.",PAYC,23.80,44.80,41.50,68.00,26.40,51.00,37.80,NA,46.40,47.40,64.60,51.30,31.70,43.90,70.70,79.10,73.40,92.10,87.20,1.10,96.40,NA,NA,NA,NA,NA,NA,NA
News Corporation Class A,NWSA,84.60,95.00,17.00,95.00,98.20,72.40,4.60,94.90,97.80,83.20,94.20,10.20,93.10,5.70,7.50,95.90,1.70,91.00,13.70,7.80,68.40,93.50,NA,NA,NA,NA,NA,NA
"Assurant, Inc.",AIZ,77.60,64.50,88.80,91.40,20.60,63.60,58.80,NA,66.20,83.00,42.40,86.60,91.10,82.40,23.40,13.10,65.40,10.40,72.40,45.60,53.90,66.30,18.50,81.60,73.00,43.90,80.00,80.20
"Catalent, Inc.",CTLT,5.00,5.40,11.00,98.00,13.40,8.40,9.40,3.10,4.20,20.60,12.40,81.60,66.10,92.90,83.70,43.60,14.70,97.90,2.30,3.60,3.20,NA,NA,NA,NA,NA,NA,NA
Molson Coors Beverage Company Class B,TAP,72.60,77.40,81.60,70.40,16.00,90.20,55.80,NA,78.40,1.00,61.20,5.80,96.80,74.30,41.30,15.60,70.30,82.30,70.90,76.70,32.80,20.00,26.90,30.10,35.50,85.00,92.10,82.60
Erie Indemnity Co,ERIE,19.20,12.50,40.10,18.00,28.40,39.80,11.80,NA,13.80,41.80,49.00,27.70,24.60,18.20,21.70,22.50,18.30,12.70,95.60,17.80,74.20,94.10,52.20,80.90,30.20,46.40,24.40,17.20
Pinnacle West Capital Corporation,PNW,85.80,82.50,58.10,23.00,98.60,0.00,21.60,NA,83.40,89.00,51.00,62.50,65.70,81.00,77.60,81.40,85.70,87.10,84.80,89.60,88.30,73.30,99.10,93.00,82.00,37.40,95.80,90.00
Lkq Corporation,LKQ,53.80,47.00,73.30,35.40,66.00,34.60,71.20,NA,48.60,31.60,40.80,77.00,70.60,52.60,20.90,41.80,32.80,12.10,38.30,13.10,18.60,16.10,33.30,44.00,17.50,36.50,32.10,30.20
Marketaxess Holdings Inc.,MKTX,36.40,34.10,50.50,59.80,14.00,66.20,45.40,NA,36.80,36.80,25.60,37.90,35.10,39.10,29.10,15.80,32.60,45.90,24.40,41.90,39.90,69.60,77.80,93.90,92.00,93.30,78.80,9.50
Fox Corporation Class A,FOXA,20.00,30.00,16.40,83.60,80.60,2.80,8.60,32.70,49.20,64.40,39.20,78.60,55.00,9.30,33.10,23.40,NA,NA,NA,NA,NA,NA,NA,NA,NA,NA,NA,NA
Solventum Corporation,SOLV,89.20,87.70,47.30,92.40,73.60,95.60,58.40,NA,88.40,44.20,57.20,62.90,NA,NA,NA,NA,NA,NA,NA,NA,NA,NA,NA,NA,NA,NA,NA,NA
Aes Corporation,AES,85.60,99.20,76.00,72.80,27.80,2.40,94.60,NA,99.20,1.60,0.80,99.40,97.20,70.00,5.30,5.50,97.10,80.80,98.90,3.80,0.40,0.00,78.40,67.90,97.50,99.30,95.10,97.70
Globe Life Inc.,GL,42.40,52.00,35.10,48.40,56.40,42.80,27.40,NA,54.20,65.40,75.00,69.90,65.90,66.60,21.10,84.00,76.30,53.70,73.10,64.60,57.80,67.40,73.30,60.20,60.20,65.80,66.50,53.30
Teleflex Incorporated,TFX,84.20,45.60,71.10,34.40,96.60,89.80,46.80,NA,47.40,22.80,48.00,34.70,15.70,75.90,84.30,62.90,29.70,49.90,47.20,6.60,7.20,20.20,19.20,49.90,90.00,86.40,84.70,99.50
A.O. Smith Corporation,AOS,21.00,29.00,58.90,8.60,29.80,52.60,38.80,NA,32.00,68.20,47.00,55.70,30.80,19.00,27.40,41.60,28.60,31.30,57.50,15.30,6.40,23.30,84.80,41.80,82.70,72.70,95.30,66.30
The Mosaic Company,MOS,96.60,74.40,80.80,1.00,5.60,45.00,0.20,NA,75.60,32.00,47.80,79.40,5.00,87.70,1.20,94.10,66.00,78.90,83.40,17.60,42.90,16.70,50.70,20.20,33.90,66.30,2.80,70.70
Hormel Foods Corporation,HRL,51.80,37.30,39.70,39.60,73.20,50.60,66.20,NA,39.80,35.00,26.80,30.70,15.10,33.40,32.30,28.10,47.90,28.60,26.30,18.90,19.40,31.10,49.10,26.50,26.40,31.90,65.10,30.70
Campbell Soup Company,CPB,74.60,75.40,0.80,55.80,84.80,21.00,39.40,80.60,40.40,64.00,22.60,78.40,87.30,94.30,50.80,84.80,61.40,18.60,75.20,48.30,44.30,32.00,47.60,21.60,15.70,64.20,45.60,23.30
"Caesars Entertainment, Inc.",CZR,2.20,80.00,1.40,1.40,9.00,2.60,94.00,NA,81.20,3.80,3.60,13.80,92.10,89.90,63.80,93.00,11.00,2.50,29.10,0.80,5.10,7.00,17.00,13.50,88.90,91.50,85.60,79.30
Henry Schein Inc,HSIC,69.40,28.60,53.90,84.00,78.60,5.80,57.20,NA,31.40,33.40,29.60,45.50,33.30,36.80,43.10,32.20,29.30,31.70,49.50,19.50,51.20,27.00,33.00,58.40,35.90,54.50,67.20,44.70
Federal Realty Investment Trust,FRT,69.00,81.00,77.40,52.40,84.60,56.60,82.00,NA,82.00,79.60,93.40,99.80,68.30,74.90,56.70,61.10,61.60,76.00,67.80,70.30,59.10,71.70,76.40,67.40,25.00,60.70,53.50,67.20
"Enphase Energy, Inc.",ENPH,98.40,55.60,92.40,98.60,3.80,53.80,35.60,NA,57.60,75.60,84.60,53.50,13.70,4.70,12.80,14.80,17.20,1.90,6.10,24.80,6.20,13.30,25.80,NA,NA,NA,NA,NA
Celanese Corporation,CE,30.20,15.90,21.00,66.00,33.00,34.00,12.20,NA,16.80,23.80,18.20,15.00,62.90,38.30,20.30,22.30,89.00,50.70,8.80,27.10,21.30,28.90,30.20,80.40,42.70,73.20,86.70,8.80
Ralph Lauren Corporation,RL,56.40,58.30,20.60,57.80,54.00,70.60,13.20,68.40,11.80,38.40,1.40,68.30,66.70,96.00,0.80,83.80,33.40,23.00,37.70,37.70,28.10,65.00,61.50,62.20,76.60,55.20,75.30,28.10
Mgm Resorts International,MGM,87.60,81.30,91.40,79.80,84.40,71.40,92.80,NA,82.20,97.80,26.00,26.90,14.30,90.90,28.90,43.40,4.10,1.00,1.30,7.40,7.00,6.10,12.30,9.20,12.50,74.10,88.10,70.50
"Hasbro, Inc.",HAS,4.40,4.80,29.50,44.60,89.00,9.60,5.60,NA,5.80,74.40,74.60,92.20,32.90,86.60,66.50,44.70,29.00,18.20,40.20,57.40,19.20,15.90,19.40,74.60,71.60,51.50,83.50,64.20
"Match Group, Inc",MTCH,53.20,41.70,22.00,24.60,82.20,34.80,59.80,NA,43.20,59.40,91.60,38.70,77.20,58.90,44.10,2.50,89.80,14.40,43.40,76.90,74.60,89.80,13.20,4.70,1.80,96.80,15.10,97.90
Invesco Ltd,IVZ,1.40,0.60,93.60,85.80,9.60,8.60,63.00,NA,0.80,15.80,11.20,53.70,57.70,16.20,34.10,12.70,21.80,26.50,10.50,28.00,35.80,13.00,26.00,29.70,44.30,24.20,80.90,3.50
Apa Corporation,APA,57.20,22.00,4.40,56.60,87.60,19.40,56.80,NA,24.00,52.40,90.60,11.20,5.40,99.60,68.50,7.60,9.50,2.90,93.90,92.80,75.10,74.80,1.10,98.90,77.70,66.50,62.60,67.90
"Huntington Ingalls Industries, Inc.",HII,13.60,45.00,71.30,6.20,6.20,66.00,74.40,NA,46.60,49.20,51.60,51.10,58.10,23.70,61.40,47.10,73.20,76.40,11.60,77.50,1.70,82.00,NA,NA,NA,NA,NA,NA
Wynn Resorts Ltd,WYNN,46.80,60.90,3.20,87.80,79.80,18.00,4.20,NA,62.20,8.00,7.20,15.40,86.90,61.70,81.30,93.20,90.20,47.80,76.60,79.90,80.20,96.70,99.80,84.90,88.40,9.90,4.90,10.90
Borgwarner Inc.,BWA,63.80,78.40,57.70,50.80,7.60,93.40,94.20,NA,79.40,68.40,85.20,80.40,40.70,32.80,83.10,98.80,45.00,27.10,21.50,63.30,33.00,45.20,98.70,1.80,80.00,79.00,63.00,69.30
"Mohawk Industries, Inc.",MHK,66.40,2.20,68.50,49.20,70.40,67.20,7.20,NA,2.60,99.80,42.00,89.00,69.00,45.50,35.20,46.30,49.80,29.40,47.80,79.70,60.30,57.40,0.00,11.50,35.20,67.20,57.20,11.90
Brown-Forman Corporation Class B,BF-B,10.60,8.90,15.80,29.80,35.40,12.80,9.80,11.20,12.40,33.00,16.80,19.80,16.30,14.00,20.50,15.00,16.20,12.30,11.80,18.20,15.40,30.20,26.20,36.90,18.40,26.60,37.00,24.90
Fmc Corporation,FMC,8.60,5.20,72.70,26.20,99.80,13.20,0.80,NA,6.20,16.80,27.20,27.90,18.30,10.70,12.60,82.40,6.80,26.70,20.20,14.60,20.30,70.20,35.70,28.30,78.40,76.90,70.00,34.00
Davita Inc.,DVA,83.40,89.50,92.60,90.80,8.00,84.40,82.20,NA,90.00,80.00,76.80,82.00,84.30,77.10,84.80,77.90,96.30,72.90,84.40,72.20,80.00,70.70,47.10,53.70,48.00,70.20,79.50,66.50
Paramount Global Class B,PARA,6.20,4.20,58.50,6.60,9.20,93.60,46.40,NA,5.00,8.40,7.00,21.60,8.70,10.50,80.70,38.30,17.60,7.90,13.90,23.70,37.50,77.80,89.60,12.40,69.80,30.90,5.80,5.30
"Walgreens Boots Alliance, Inc",WBA,6.40,5.60,11.20,62.00,15.40,88.60,2.40,4.10,5.20,21.00,81.20,96.60,45.00,61.50,64.40,69.30,40.50,72.70,59.40,72.70,38.00,60.20,65.60,48.30,28.90,51.30,17.20,26.50
"Franklin Resources, Inc.",BEN,73.60,75.20,4.00,85.60,39.60,7.60,81.60,79.60,36.20,62.80,11.60,32.30,7.70,86.20,13.20,23.00,22.20,10.60,12.60,10.60,12.20,24.10,19.80,24.50,19.50,22.60,23.50,36.30
"Qorvo, Inc.",QRVO,1.00,0.80,3.80,100.00,100.00,3.80,19.40,0.00,98.20,27.20,69.40,84.40,95.80,1.20,0.00,0.80,54.10,97.70,3.40,NA,NA,NA,NA,NA,NA,NA,NA,NA
Fox Corporation Class B,FOX,20.00,30.00,16.40,83.60,80.60,2.80,8.60,32.70,49.20,64.40,39.20,78.60,55.00,9.30,33.10,23.40,NA,NA,NA,NA,NA,NA,NA,NA,NA,NA,NA,NA