Cash Flow Momentum Score (CMS)-S&P 500 Index,,,,,,,,,,,,,,,,,,,,,,,,,,,,,,
Company Name,Index Weight,Stock Symbol,TTM,Latest Fiscal Year,Latest Qtr,Previous Qtr,2 QTR ago,3 Qtr Ago,4 QTR Ago,2024,2023,2022,2021,2020,2019,2018,2017,2016,2015,2014,2013,2012,2011,2010,2009,2008,2007,2006,2005,2004
Nvidia Corp,6.36%,NVDA,57,56,47,54,66,53,56,56,31,53,51,62,46,55,51,69,55,53,45,65,56,31,6,73,55,68,47,13
Apple Inc.,6.21%,AAPL,50,48,55,56,51,63,37,53,43,61,54,57,48,58,55,56,76,67,62,64,72,63,57,74,65,33,69,65
Microsoft Corp,5.63%,MSFT,59,57,52,59,71,39,52,59,45,60,58,57,60,61,68,68,64,66,54,75,59,66,51,63,62,49,61,45
Amazon.com Inc,3.89%,AMZN,62,62,46,50,NA,72,50,NA,62,21,28,65,61,62,51,63,61,26,55,17,50,51,67,64,69,50,59,41
"Meta Platforms, Inc. Class A",2.55%,META,66,72,65,55,70,58,65,NA,72,66,69,53,71,57,68,69,70,62,73,54,65,58,39,21,15,NA,NA,NA
Alphabet Inc. Class A,3.87%,GOOGL,46,53,53,45,NA,36,56,NA,54,62,58,60,57,57,59,70,58,58,52,62,62,53,57,72,60,54,67,68
"Tesla, Inc.",1.88%,TSLA,26,24,58,57,17,40,39,NA,25,50,59,61,23,30,26,29,5,4,28,4,12,6,26,32,17,15,NA,NA
Alphabet Inc. Class C,3.86%,GOOG,46,53,53,45,66,36,56,NA,54,62,58,60,57,57,59,70,58,58,52,62,62,53,57,72,60,54,67,68
Berkshire Hathaway Class B,1.85%,BRK-B,39,47,24,36,40,36,29,NA,47,22,28,35,31,45,54,45,42,53,56,43,53,46,59,46,41,36,48,30
Broadcom Inc.,1.41%,AVGO,61,56,35,55,71,59,55,NA,57,74,71,80,74,60,80,43,76,70,47,47,64,66,18,68,19,NA,NA,NA
Jpmorgan Chase & Co.,1.26%,JPM,19,25,6,67,17,70,73,NA,25,70,66,6,10,39,8,25,74,21,56,28,70,36,89,71,21,22,26,17
Eli Lilly & Co.,1.29%,LLY,26,23,68,41,56,28,40,NA,24,44,49,54,35,50,38,66,27,42,53,44,64,71,45,64,73,73,31,40
Unitedhealth Group Incorporated,0.99%,UNH,34,45,69,60,32,13,32,NA,46,52,42,54,52,46,55,43,59,52,39,48,49,52,59,43,41,65,43,58
Exxon Mobil Corporation,0.96%,XOM,47,49,67,35,66,53,65,NA,50,70,75,11,35,53,53,37,33,37,29,43,49,60,31,60,51,53,61,64
Visa Inc.,1.08%,V,44,43,62,53,64,40,61,42,55,67,62,41,46,59,66,38,43,70,31,70,56,55,41,40,43,40,44,22
Mastercard Incorporated,0.87%,MA,49,47,69,57,45,63,50,NA,47,59,54,44,55,46,64,54,54,37,62,51,66,54,60,11,40,73,34,61
Costco Wholesale Corp,0.73%,COST,38,38,37,56,25,61,56,40,54,33,45,62,47,36,72,29,47,52,44,42,53,58,41,45,46,42,39,62
"Home Depot, Inc.",0.74%,HD,57,58,41,46,65,55,36,64,32,40,61,48,48,52,49,52,49,52,48,66,36,48,55,37,50,35,44,50
Procter & Gamble Company,0.73%,PG,54,53,41,55,67,43,42,56,43,45,51,56,64,57,34,55,60,39,48,42,35,50,45,57,52,56,43,50
Johnson & Johnson,0.68%,JNJ,62,45,72,60,51,64,56,NA,45,48,47,57,57,52,67,47,52,48,52,56,49,48,57,52,61,62,52,50
Walmart Inc.,1.24%,WMT,51,56,67,18,78,28,64,56,53,40,67,46,57,49,66,54,61,36,45,45,37,54,52,45,49,46,34,49
Netflix Inc,0.64%,NFLX,56,65,59,35,64,53,56,NA,65,52,27,56,28,22,26,19,19,24,48,30,56,47,64,64,77,70,67,82
"Salesforce, Inc.",0.57%,CRM,64,64,26,76,76,52,22,67,60,55,28,59,56,53,59,29,28,23,24,27,59,54,61,67,52,65,72,67
Bank of America Corporation,0.65%,BAC,30,75,4,66,14,80,57,NA,75,32,18,56,81,74,28,40,62,53,83,4,54,23,78,22,33,56,17,19
Abbvie Inc.,0.53%,ABBV,66,71,82,44,71,62,67,NA,71,77,76,73,66,75,76,53,75,44,57,58,71,49,47,NA,NA,NA,NA,NA
Oracle Corp,0.93%,ORCL,54,58,69,61,82,26,70,62,69,45,58,54,54,66,61,59,57,60,57,70,59,57,62,64,60,65,57,50
Chevron Corporation,0.53%,CVX,51,51,64,40,47,73,54,NA,52,71,73,12,57,68,55,5,33,29,31,42,63,63,34,56,49,64,67,53
"Merck & Co., Inc.",0.44%,MRK,49,43,77,61,64,8,75,NA,43,67,56,37,60,63,42,49,74,32,62,43,59,78,13,47,69,52,59,56
Wells Fargo & Co.,0.45%,WFC,70,76,44,80,14,76,86,NA,76,80,20,19,26,76,52,22,27,22,69,70,38,35,82,19,28,93,21,64
Coca-Cola Company,0.49%,KO,30,40,23,62,27,36,52,NA,41,44,59,46,56,39,48,39,48,49,40,48,38,45,50,55,52,47,57,49
Advanced Micro Devices,0.40%,AMD,18,31,32,43,58,27,33,NA,31,54,54,47,53,15,17,31,5,28,44,4,37,18,48,9,4,18,64,67
"Cisco Systems, Inc.",0.42%,CSCO,42,36,52,56,79,30,34,38,73,51,57,57,62,61,59,58,56,55,57,64,54,49,48,65,62,59,56,62
"Pepsico, Inc.",0.40%,PEP,46,50,56,48,20,62,68,NA,51,39,48,49,41,32,52,52,58,56,52,44,46,51,44,52,49,45,57,47
Accenture Plc,0.40%,ACN,41,39,59,61,62,24,57,42,46,56,53,62,53,56,56,52,59,48,35,67,57,57,67,62,63,78,66,70
Adobe Inc.,0.40%,ADBE,45,43,52,59,62,45,46,NA,44,67,60,54,54,61,65,69,60,57,44,59,71,50,55,58,75,63,53,64
Linde Plc,0.39%,LIN,47,48,62,40,49,52,51,NA,49,55,65,62,64,38,62,57,52,50,50,53,54,41,54,55,54,61,62,52
Mcdonald's Corporation,0.38%,MCD,54,54,60,40,64,48,64,NA,55,46,62,43,60,51,40,46,50,48,47,46,50,51,48,60,61,47,61,59
"Servicenow, Inc.",0.38%,NOW,57,53,46,36,61,72,25,NA,53,59,52,60,59,21,31,8,30,28,27,25,64,14,20,21,15,NA,NA,NA
"Thermo Fisher Scientific, Inc.",0.36%,TMO,44,38,46,47,35,64,53,NA,40,47,47,60,45,49,62,55,49,53,40,61,46,39,58,48,68,61,37,36
Abbott Laboratories,0.37%,ABT,40,32,58,50,31,64,49,NA,33,49,57,58,42,52,71,52,24,46,26,62,59,68,53,71,54,69,66,59
Ge Aerospace,0.35%,GE,27,20,46,30,28,63,70,NA,21,71,17,13,38,8,36,14,24,59,53,60,59,74,52,72,77,49,66,66
Texas Instruments Incorporated,0.33%,TXN,37,33,49,52,41,51,50,NA,33,53,61,48,52,67,66,60,66,63,55,64,49,60,51,62,79,33,63,61
International Business Machines Corporation,0.35%,IBM,64,66,33,35,68,60,56,NA,66,56,53,74,56,55,65,55,57,56,43,48,46,51,59,68,56,57,56,56
Intuit Inc,0.35%,INTU,44,45,10,79,60,15,38,47,62,60,58,49,55,64,64,48,66,62,62,67,55,64,56,63,64,57,62,61
Philip Morris International Inc.,0.36%,PM,47,47,51,83,32,61,61,NA,49,56,67,57,64,56,63,54,53,43,55,47,56,63,55,66,44,51,41,40
Caterpillar Inc.,0.34%,CAT,59,60,57,55,43,55,59,NA,61,48,44,50,44,44,54,20,56,54,77,23,54,39,74,33,72,69,46,10
Goldman Sachs Group Inc.,0.34%,GS,12,4,3,84,59,40,12,NA,4,58,40,17,75,83,15,29,59,16,26,54,84,17,87,45,17,15,36,14
Intuitive Surgical Inc.,0.34%,ISRG,37,37,45,55,29,27,37,NA,37,30,50,38,50,34,55,61,53,40,53,54,55,58,60,60,63,58,52,48
Qualcomm Inc,0.33%,QCOM,43,21,31,50,71,49,74,20,66,46,64,41,77,11,44,66,37,50,65,49,51,36,79,46,52,59,51,58
The Walt Disney Company,0.38%,DIS,63,58,69,29,41,27,71,61,61,45,36,28,19,51,51,63,52,47,59,52,49,59,49,49,38,67,46,63
Amgen Inc,0.28%,AMGN,49,45,56,77,41,27,50,NA,46,63,55,63,46,57,73,65,59,69,50,60,46,50,60,63,63,64,60,48
Comcast Corp,0.30%,CMCSA,60,62,67,40,75,46,62,NA,63,66,66,61,63,64,53,62,71,71,56,70,76,69,67,73,70,64,52,69
Verizon Communications,0.32%,VZ,68,68,68,69,61,36,67,NA,69,62,61,75,66,74,47,43,78,62,85,74,68,76,81,65,75,73,70,65
Booking Holdings Inc.,0.30%,BKNG,65,65,53,61,82,60,42,NA,65,82,67,31,45,59,71,71,52,60,55,62,63,60,56,71,43,59,48,45
Morgan Stanley,0.39%,MS,14,15,18,11,81,12,64,NA,15,14,81,16,85,55,15,22,47,10,75,76,51,87,15,91,38,17,20,20
Rtx Corporation,0.29%,RTX,54,51,45,71,18,69,41,NA,51,43,60,14,65,45,56,27,37,50,44,48,55,54,48,61,52,56,59,57
American Express Company,0.37%,AXP,50,60,19,55,73,64,79,NA,61,81,77,40,74,45,83,55,67,75,65,50,69,75,58,72,61,70,58,78
S&p Global Inc.,0.29%,SPGI,59,53,50,61,49,62,49,NA,54,28,51,68,65,46,67,63,28,34,41,48,55,66,65,54,71,59,76,46
At&t Inc.,0.30%,T,76,75,43,70,68,76,70,NA,75,35,65,39,74,69,54,73,75,62,61,74,64,61,71,34,83,68,75,54
Lowe's Companies Inc.,0.28%,LOW,46,38,49,76,48,27,65,39,43,47,73,30,68,40,63,52,62,56,44,60,47,49,42,42,46,48,35,44
Danaher Corporation,0.30%,DHR,42,40,49,40,61,47,39,NA,41,51,55,63,37,53,47,47,46,55,50,65,53,50,50,60,47,62,59,55
Applied Materials Inc,0.25%,AMAT,58,35,49,47,57,57,53,NA,66,51,54,57,42,53,61,70,32,69,35,57,64,72,8,55,59,64,35,58
"Nextra Energy, Inc.",0.29%,NEE,66,55,65,65,57,54,60,NA,55,57,49,54,60,30,41,59,66,62,69,47,50,47,70,57,73,63,36,68
Progressive Corporation,0.27%,PGR,76,73,79,55,76,46,71,NA,73,56,64,56,56,73,71,69,68,44,58,63,45,56,49,27,52,53,48,62
"Uber Technologies, Inc.",0.28%,UBER,56,54,48,53,37,29,48,NA,54,30,28,27,4,6,36,40,NA,NA,NA,NA,NA,NA,NA,NA,NA,NA,NA,NA
Pfizer Inc.,0.26%,PFE,52,41,75,10,34,39,36,NA,41,53,74,68,37,51,52,72,60,61,47,47,79,44,62,83,55,57,61,65
"Eaton Corporation, Plcs",0.26%,ETN,45,39,54,44,32,49,45,NA,40,40,19,45,59,40,40,48,52,24,44,51,28,34,57,56,35,61,58,36
Union Pacific Corp.,0.26%,UNP,49,43,64,45,61,57,49,NA,45,60,56,57,54,60,44,61,54,52,57,55,65,55,52,62,53,52,58,51
"Blackrock, Inc.",0.30%,BLK,33,32,30,62,27,60,53,NA,32,47,47,51,35,32,58,33,43,36,62,36,50,56,39,81,28,71,46,57
"Honeywell International, Inc.",0.27%,HON,41,34,58,49,30,73,49,NA,35,38,39,41,47,42,60,45,50,50,47,49,30,57,59,51,60,61,49,44
"Tjx Companies, Inc.",0.25%,TJX,52,53,57,23,76,38,51,58,44,27,58,43,58,31,62,43,54,35,66,40,44,71,41,59,53,56,62,31
Citigroup Inc.,0.24%,C,10,2,16,15,84,7,76,NA,2,49,83,11,14,77,20,80,62,57,82,41,68,73,32,47,2,7,57,26
Blackstone Inc.,0.41%,BX,49,59,92,59,37,56,57,NA,59,84,58,44,61,48,27,28,90,45,91,52,50,7,20,61,38,19,71,28
Boston Scientific Corp.,0.23%,BSX,31,52,8,64,27,58,39,NA,53,44,52,20,48,19,66,65,14,69,21,46,73,13,14,36,23,54,41,70
Conocophillips,0.24%,COP,65,58,79,62,72,62,73,NA,59,81,85,14,55,79,45,14,9,53,53,40,54,58,39,44,69,59,68,60
Stryker Corporation,0.27%,SYK,43,46,62,44,27,57,52,NA,47,32,44,61,27,47,38,53,26,51,57,56,40,50,58,54,46,43,57,38
Vertex Pharmaceuticals Inc,0.22%,VRTX,28,37,67,9,71,29,53,NA,38,69,44,67,55,45,57,32,26,5,17,31,63,7,7,23,6,29,11,18
"Palo Alto Networks, Inc.",0.23%,PANW,44,43,42,40,37,77,43,46,61,29,30,21,21,26,35,37,31,8,27,66,36,36,21,NA,NA,NA,NA,NA
Automatic Data Processing,0.22%,ADP,45,42,38,53,68,59,25,45,54,44,42,49,39,49,47,38,44,44,29,52,41,52,44,63,34,54,50,42
"Fiserv, Inc.",0.22%,FI,62,60,79,59,45,62,66,NA,61,65,57,72,70,47,51,59,61,69,61,47,60,64,61,59,46,53,41,65
Palantir Technologies Inc. Class A,0.27%,PLTR,56,58,63,32,35,61,46,NA,58,9,28,8,14,20,NA,NA,NA,NA,NA,NA,NA,NA,NA,NA,NA,NA,NA,NA
Bristol-Myers Squibb Co.,0.21%,BMY,40,69,89,57,51,67,83,NA,69,64,74,59,71,51,73,49,20,32,32,84,55,62,48,52,63,48,28,43
Lockheed Martin Corp.,0.23%,LMT,45,43,57,47,49,45,67,NA,44,47,57,52,59,21,70,45,61,35,68,22,61,51,38,57,55,60,59,68
Gilead Sciences Inc,0.20%,GILD,61,53,69,44,57,65,42,NA,54,62,74,68,64,53,65,58,73,72,36,44,65,49,64,60,60,47,54,57
"Micron Technology, Inc.",0.19%,MU,68,69,64,63,48,35,32,71,8,72,69,49,62,76,81,14,61,82,36,20,39,80,42,25,12,74,60,69
"T-Mobile Us, Inc.",0.50%,TMUS,59,60,57,60,70,59,64,NA,60,59,61,58,60,36,23,57,61,54,64,71,55,58,68,48,67,60,45,27
The Charles Schwab Corporation,0.26%,SCHW,59,17,75,18,24,74,11,NA,17,36,22,57,66,92,25,66,29,70,60,43,85,20,72,32,48,78,42,69
Starbucks Corp,0.20%,SBUX,56,46,75,64,31,68,54,51,57,41,65,35,38,84,47,62,62,23,67,42,40,62,62,55,56,58,56,58
Medtronic Plc,0.20%,MDT,55,57,27,66,71,29,25,62,42,58,42,52,64,36,64,50,53,61,61,59,45,53,64,62,54,34,53,59
"Marsh & Mclennan Companies, Inc.",0.20%,MMC,47,49,70,59,25,62,64,NA,49,46,42,66,40,59,42,48,40,63,31,32,66,29,38,37,11,47,15,62
"Analog Devices, Inc.",0.19%,ADI,52,NA,55,50,68,60,45,NA,54,71,63,53,53,74,41,70,48,46,53,46,44,70,42,46,70,43,48,59
Boeing Company,0.19%,BA,26,29,26,32,32,46,6,NA,29,30,27,16,30,56,65,66,60,58,54,73,44,24,76,20,72,65,74,42
Intel Corp,0.19%,INTC,6,40,25,26,34,39,63,NA,40,35,51,70,67,66,59,71,57,58,66,56,67,69,57,61,66,53,69,64
"Prologis, Inc.",0.19%,PLD,59,63,58,46,63,43,72,NA,63,58,36,62,57,36,53,58,52,49,41,44,21,57,26,34,18,49,37,54
Chubb Limited,0.21%,CB,63,62,60,59,60,43,72,NA,63,64,58,72,56,55,36,57,45,60,46,62,59,51,49,61,69,62,60,69
Kkr & Co. Inc.,0.24%,KKR,77,45,56,72,65,60,68,NA,45,59,21,27,36,16,18,17,22,48,48,74,15,61,29,49,22,NA,NA,NA
Deere & Company,0.20%,DE,57,50,63,47,21,77,58,NA,51,21,48,75,42,15,19,49,48,34,44,16,27,38,47,26,58,19,34,26
Arista Networks,0.22%,ANET,61,55,42,63,55,43,60,NA,56,28,53,40,65,41,69,28,63,58,41,53,25,NA,NA,NA,NA,NA,NA,NA
Lam Research Corp,0.16%,LRCX,51,40,66,35,64,65,41,41,63,42,55,40,68,60,66,70,46,39,69,49,69,58,9,52,71,43,76,61
"Elevance Health, Inc.",0.17%,ELV,18,45,68,13,69,6,57,NA,46,49,40,73,55,23,48,36,59,47,42,34,57,18,47,35,46,53,56,42
The Southern Company,0.18%,SO,69,53,76,62,43,43,56,NA,53,49,45,57,28,50,59,41,56,49,62,44,65,53,44,52,56,52,43,43
"United Parcel Service, Inc. Class B",0.21%,UPS,40,38,31,37,72,44,39,NA,39,50,58,61,35,75,16,45,63,41,50,57,68,29,47,80,34,38,47,43
Ge Vernova Inc.,0.17%,GEV,61,29,27,53,31,75,28,NA,30,27,36,NA,NA,NA,NA,NA,NA,NA,NA,NA,NA,NA,NA,NA,NA,NA,NA,NA
The Cigna Group,0.16%,CI,64,67,14,12,43,38,60,NA,67,53,37,48,63,37,55,71,55,51,12,64,35,61,27,70,58,29,28,39
Trane Technologies Plc,0.17%,TT,53,50,66,51,31,56,62,NA,51,36,38,41,60,34,46,60,37,31,48,42,71,22,77,16,32,49,42,50
"Nike, Inc.",0.21%,NKE,58,49,21,58,58,67,17,52,37,28,52,20,54,59,41,26,59,33,51,33,24,65,39,44,49,50,50,63
"Altria Group, Inc.",0.17%,MO,58,63,74,29,73,72,78,NA,64,67,76,74,38,69,54,34,61,49,52,52,56,38,45,48,52,64,55,54
American Tower Corporation,0.17%,AMT,74,66,42,55,66,60,58,NA,67,49,61,60,54,69,63,72,63,70,61,64,61,63,63,65,65,74,47,43
Parker-Hannifin Corporation,0.16%,PH,45,47,33,61,57,46,28,48,51,56,59,63,48,55,49,47,43,52,35,62,38,60,53,61,42,56,60,57
The Sherwin-Williams Company,0.17%,SHW,50,57,45,65,21,48,55,NA,58,29,28,64,53,45,50,39,59,37,52,48,47,40,55,59,57,58,65,45
Intercontinental Exchange Inc.,0.16%,ICE,53,50,45,61,63,66,42,NA,51,69,44,53,54,55,43,68,35,67,54,58,65,54,57,62,58,61,54,62
Kla Corporation,0.15%,KLAC,45,41,53,48,71,44,49,42,53,65,54,69,43,64,68,62,53,46,59,62,66,68,20,63,58,24,57,50
"Paypal Holdings, Inc.",0.16%,PYPL,53,39,56,48,66,73,60,NA,40,63,40,54,37,72,36,67,61,62,62,45,NA,NA,NA,NA,NA,NA,NA,NA
Amphenol Corporation,0.16%,APH,46,48,42,44,49,60,45,NA,49,56,32,47,56,32,52,47,58,49,46,51,51,29,61,60,51,51,47,53
"Mondelez International, Inc. Class A",0.16%,MDLZ,49,38,52,27,55,53,43,NA,39,42,41,50,35,59,26,36,34,32,62,32,43,24,61,55,43,47,42,46
Regeneron Pharmaceuticals Inc,0.15%,REGN,38,40,60,23,72,45,43,NA,42,48,68,51,51,56,38,56,68,65,61,49,5,28,26,13,21,32,21,5
Duke Energy Corporation,0.16%,DUK,41,65,24,56,57,48,65,NA,65,46,47,60,54,49,47,54,52,56,58,64,41,55,49,55,46,57,33,65
"Equinix, Inc. Reit",0.16%,EQIX,58,56,59,60,53,60,54,NA,56,62,56,63,59,61,67,63,67,32,54,58,65,58,66,61,33,25,42,43
Synopsys Inc,0.15%,SNPS,32,41,42,62,24,36,45,NA,42,63,62,53,59,22,61,66,53,65,57,65,68,59,40,58,76,49,33,60
Pnc Financial Services Group,0.15%,PNC,60,55,79,33,36,94,20,NA,55,72,68,39,34,71,50,43,58,39,52,58,58,59,68,74,22,57,23,23
Aon Plc Class A,0.15%,AON,47,55,69,44,40,73,68,NA,56,64,44,66,44,61,18,66,63,43,52,60,44,45,24,34,60,51,36,56
"Motorola Solutions, Inc.",0.15%,MSI,53,47,65,27,29,76,69,NA,48,53,55,54,75,36,42,70,71,3,29,50,23,71,32,11,7,36,55,59
Cadence Design Systems,0.15%,CDNS,38,45,63,28,49,38,48,NA,46,59,56,57,49,63,59,69,64,51,69,57,67,54,9,10,48,62,71,79
"Waste Management, Inc.",0.16%,WM,51,52,54,46,66,59,55,NA,52,60,64,54,62,58,58,69,68,53,63,55,62,56,57,66,60,64,65,62
Cme Group Inc.,0.15%,CME,51,49,56,43,58,58,36,NA,50,60,35,50,49,52,46,51,54,41,45,48,42,56,42,71,54,53,56,64
"Chipotle Mexican Grill, Inc.",0.15%,CMG,47,49,38,41,64,29,40,NA,50,48,57,40,50,58,60,37,46,56,55,47,60,50,63,63,58,55,58,40
General Dynamics Corporation,0.14%,GD,29,45,57,45,16,41,58,NA,46,51,48,54,31,29,63,32,30,60,52,22,49,45,43,55,59,43,54,46
Zoetis Inc.,0.14%,ZTS,53,45,64,38,51,60,59,NA,46,37,40,53,41,55,66,42,52,30,51,32,61,55,23,NA,NA,NA,NA,NA
Mckesson Corporation,0.14%,MCK,52,42,81,13,84,21,58,44,57,66,39,69,56,55,54,60,50,65,47,67,50,64,59,24,43,75,44,24
U.S. Bancorp,0.14%,USB,23,39,65,4,69,24,67,NA,40,87,70,36,33,74,59,40,74,21,60,37,62,35,80,63,26,53,39,45
Welltower Inc.,0.15%,WELL,55,63,50,58,63,57,56,NA,63,66,57,34,59,59,59,65,64,66,76,75,62,49,53,48,54,56,55,43
"Crowdstrike Holdings, Inc. Class A",0.15%,CRWD,51,51,46,47,59,54,42,52,27,26,28,31,27,17,25,NA,NA,NA,NA,NA,NA,NA,NA,NA,NA,NA,NA,NA
Transdigm Group Incorporated,0.13%,TDG,56,45,38,61,40,69,45,48,49,47,39,64,40,54,61,55,42,64,59,61,61,46,52,71,64,22,58,85
Cintas Corp,0.16%,CTAS,52,50,37,54,70,47,30,53,41,53,45,56,45,45,60,28,41,56,59,61,29,61,57,61,43,53,40,64
"Eog Resources, Inc.",0.14%,EOG,82,77,76,63,71,68,59,NA,78,34,81,31,65,72,65,19,16,68,69,61,67,52,51,72,62,60,75,59
Colgate-Palmolive Company,0.14%,CL,62,64,59,58,49,57,64,NA,65,47,52,59,52,48,52,53,58,53,47,53,42,53,63,49,55,52,51,47
Moody's Corporation,0.16%,MCO,58,56,52,48,71,51,40,NA,57,38,39,59,54,64,33,76,60,52,54,55,66,57,69,50,72,50,62,51
Constellation Energy Corporation,0.13%,CEG,22,8,44,35,42,37,15,NA,8,33,37,21,58,70,NA,NA,NA,NA,NA,NA,NA,NA,NA,NA,NA,NA,NA,NA
Illinois Tool Works Inc.,0.15%,ITW,53,55,52,45,45,55,51,NA,56,38,35,47,49,51,51,46,61,26,58,39,46,29,55,55,58,54,55,44
Emerson Electric Co.,0.13%,EMR,59,64,41,68,53,61,14,69,17,41,59,56,51,57,36,66,34,60,66,53,47,52,53,57,57,56,51,63
Northrop Grumman Corp.,0.13%,NOC,56,51,42,60,15,39,46,NA,51,28,31,48,61,54,35,53,35,48,42,61,37,49,35,39,63,29,62,60
3m Company,0.13%,MMM,37,33,24,50,42,67,33,NA,34,42,45,59,56,46,47,56,53,59,50,49,50,51,59,59,52,45,55,56
Capital One Financial,0.13%,COF,73,69,68,69,54,63,80,NA,69,75,48,64,76,64,79,77,73,62,69,76,63,83,62,34,88,57,67,86
"O'reilly Automotive, Inc.",0.13%,ORLY,37,NA,63,50,45,49,56,NA,43,58,60,72,40,53,46,54,51,60,35,67,71,58,27,39,52,25,33,48
Target Corporation,0.13%,TGT,69,68,66,27,75,51,62,70,24,43,71,65,50,66,56,66,26,70,44,45,46,64,47,35,46,55,26,49
Csx Corporation,0.12%,CSX,53,53,70,47,55,57,64,NA,55,63,60,51,60,64,48,48,53,52,55,46,58,69,43,75,50,53,14,59
Cvs Health Corporation,0.12%,CVS,18,43,6,45,73,8,32,NA,44,58,60,66,65,29,39,64,48,60,28,55,51,44,33,44,44,34,45,20
"Air Products & Chemicals, Inc.",0.13%,APD,37,39,38,51,53,30,44,41,39,45,47,55,58,61,25,73,58,62,35,44,47,50,42,60,47,46,62,48
Williams Companies Inc.,0.13%,WMB,65,70,53,65,66,71,54,NA,71,76,70,72,73,33,31,48,31,27,57,38,74,20,50,67,56,56,49,75
"Becton, Dickinson and Co.",0.12%,BDX,61,54,22,69,41,43,61,58,51,36,64,62,61,51,50,68,50,56,31,55,48,48,51,65,54,46,65,68
Autodesk Inc,0.12%,ADSK,29,36,31,57,71,26,25,39,70,60,40,72,30,5,7,13,65,55,55,61,71,43,65,71,72,56,72,70
Marriot International Class A,0.14%,MAR,49,47,55,42,58,38,48,NA,47,55,24,22,27,38,62,57,62,49,56,42,59,59,36,42,27,50,25,51
"Hca Healthcare, Inc.",0.16%,HCA,62,60,73,42,64,61,59,NA,61,57,50,74,68,65,62,73,69,74,58,71,67,71,77,62,37,37,64,72
Fedex Corporation,0.13%,FDX,42,47,31,61,50,41,44,49,48,58,64,44,58,20,34,51,58,41,48,57,54,49,51,51,40,54,49,68
General Motors Company,0.11%,GM,42,45,56,49,35,26,44,NA,46,40,32,49,39,30,18,52,33,32,54,49,32,45,8,27,NA,NA,NA,NA
Freeport-Mcmoran Inc.,0.11%,FCX,74,57,75,67,78,61,50,NA,57,49,82,69,6,57,79,32,5,17,66,35,64,71,70,18,87,71,83,41
Arthur J. Gallagher & Co.,0.12%,AJG,52,52,75,18,65,28,78,NA,53,67,54,73,64,33,66,43,72,44,36,61,57,46,62,46,75,31,54,67
Carrier Global Corporation,0.12%,CARR,33,58,17,44,18,58,71,NA,58,28,51,32,44,42,57,NA,NA,NA,NA,NA,NA,NA,NA,NA,NA,NA,NA,NA
"Oneok, Inc.",0.12%,OKE,63,66,53,68,37,71,53,NA,66,59,63,55,33,55,55,75,45,46,53,38,60,41,78,26,56,75,6,38
"Ecolab, Inc.",0.13%,ECL,53,54,50,40,53,54,54,NA,54,38,43,37,47,42,43,43,52,47,48,54,30,58,43,51,60,51,52,52
Schlumberger Limited,0.11%,SLB,69,66,72,61,26,75,49,NA,67,35,66,23,26,50,20,15,56,67,56,38,37,37,40,57,55,63,59,39
Truist Financial Corporation,0.11%,TFC,28,24,35,67,20,34,47,NA,25,64,42,63,17,21,66,20,24,19,67,47,83,85,23,91,53,31,44,62
"Fortinet, Inc.",0.13%,FTNT,49,57,60,37,82,32,54,NA,58,68,65,70,69,55,72,64,64,60,45,71,62,67,59,67,44,14,NA,NA
Hilton Worldwide Holdings Inc.,0.11%,HLT,53,55,64,45,51,50,59,NA,56,67,16,12,53,60,28,57,46,48,78,50,64,50,NA,NA,NA,NA,NA,NA
Norfolk Southern Corp.,0.11%,NSC,38,42,56,55,60,29,36,NA,43,55,59,55,53,54,47,57,52,41,49,52,57,64,42,63,56,54,63,57
Paccar Inc,0.11%,PCAR,47,49,59,16,63,43,52,NA,49,49,24,54,32,45,55,51,59,34,57,31,38,62,66,35,53,57,39,32
"Roper Technologies, Inc.",0.11%,ROP,64,60,68,36,57,52,63,NA,61,24,62,51,39,55,58,52,54,50,58,55,55,59,45,66,58,47,70,58
"Airbnb, Inc. Class A",0.15%,ABNB,60,43,52,46,74,8,55,NA,44,74,34,6,15,28,14,NA,NA,NA,NA,NA,NA,NA,NA,NA,NA,NA,NA,NA
"The Travelers Companies, Inc.",0.11%,TRV,64,68,72,60,51,38,73,NA,68,65,62,69,64,58,51,63,44,45,55,62,37,38,62,42,56,63,52,77
Sempra,0.11%,SRE,50,62,41,23,63,36,40,NA,63,30,63,44,45,47,66,38,61,52,37,50,30,56,54,23,55,47,14,25
"United Rentals, Inc.",0.10%,URI,54,55,50,55,65,72,43,NA,55,68,67,68,69,73,59,71,73,64,70,62,63,32,34,36,50,64,50,40
Bank of New York Mellon Corporation,0.10%,BK,14,49,22,70,23,5,83,NA,49,91,25,68,18,69,41,74,47,67,15,24,28,56,36,51,68,70,19,63
Johnson Controls International Plc,0.10%,JCI,24,24,62,61,32,12,70,25,43,39,59,34,16,55,12,30,21,44,65,41,14,44,11,57,58,55,22,57
Nxp Semiconductors N.v.,0.10%,NXPI,50,44,54,43,58,60,55,NA,45,69,61,73,54,79,49,45,35,83,71,52,17,38,34,18,NA,NA,NA,NA
Fair Isaac Corporation,0.10%,FICO,53,52,57,66,45,42,59,54,40,67,47,62,51,43,65,63,43,73,53,51,71,46,62,60,54,59,60,65
"Digital Realty Trust, Inc.",0.11%,DLR,53,49,71,61,44,62,24,NA,51,55,30,61,57,63,59,59,63,53,73,76,54,61,63,68,50,59,75,62
Aflac Inc.,0.11%,AFL,28,41,42,18,49,48,64,NA,42,43,46,56,53,58,58,62,71,59,64,83,80,74,76,72,69,67,68,75
Royal Caribbean Group,0.11%,RCL,66,69,44,51,80,67,38,NA,70,27,22,6,56,51,67,58,57,55,56,48,47,58,42,40,55,35,55,57
"Simon Property Group, Inc.",0.11%,SPG,61,63,56,71,63,61,56,NA,64,70,72,59,65,57,66,65,59,57,59,63,60,62,71,72,65,60,62,64
"Ameriprise Financial, Inc.",0.10%,AMP,73,56,74,65,69,83,56,NA,57,70,41,80,38,67,43,49,61,68,32,43,59,70,20,47,48,27,53,42
"W.W. Grainger, Inc.",0.10%,GWW,52,50,53,32,62,54,43,NA,50,49,27,51,40,42,57,50,48,36,47,42,42,33,62,48,39,40,43,40
"Autozone, Inc.",0.10%,AZO,43,41,59,50,43,48,56,44,43,54,67,66,51,66,53,50,55,46,59,47,58,63,54,59,56,67,46,43
Phillips 66,0.10%,PSX,36,31,45,66,13,47,60,NA,31,58,76,9,29,61,36,28,44,11,58,32,56,57,33,NA,NA,NA,NA,NA
Public Storage,0.11%,PSA,60,60,59,67,62,59,55,NA,61,56,58,58,56,48,55,57,53,57,54,54,53,52,55,49,70,65,51,57
"Kinder Morgan, Inc.",0.11%,KMI,74,75,53,72,60,80,57,NA,76,54,75,71,54,61,56,58,70,59,65,63,66,46,58,30,NA,NA,NA,NA
Marathon Petroleum Corporation,0.09%,MPC,48,50,50,67,62,26,59,NA,52,66,68,9,74,51,70,51,58,37,43,62,61,48,58,25,NA,NA,NA,NA
The Allstate Corporation,0.10%,ALL,60,23,68,66,64,45,28,NA,24,32,32,50,42,63,53,59,56,31,67,58,44,54,64,26,46,39,59,47
"American Electric Power Company, Inc.",0.09%,AEP,68,45,86,52,50,49,56,NA,46,61,41,44,42,55,46,52,54,59,53,56,65,50,45,52,44,60,42,63
Realty Income Corporation,0.09%,O,75,76,60,73,77,70,66,NA,76,81,70,68,68,61,70,72,71,73,76,64,65,59,54,60,69,26,26,57
"L3harris Technologies, Inc.",0.09%,LHX,45,42,52,65,14,72,45,NA,43,51,45,74,18,56,49,31,71,64,57,71,73,53,63,79,55,41,40,52
Vistra Corp.,0.09%,VST,76,88,56,78,22,31,70,NA,88,29,4,80,84,33,53,12,23,40,NA,NA,NA,NA,NA,NA,NA,NA,NA,NA
Copart Inc,0.10%,CPRT,42,41,46,61,39,49,36,41,46,54,43,58,50,44,65,55,47,60,30,48,56,44,52,51,53,50,54,55
Cummins Inc.,0.09%,CMI,35,73,51,12,26,30,74,NA,73,29,33,45,63,42,63,45,49,49,54,27,59,28,62,55,33,53,60,68
D.R. Horton Inc.,0.10%,DHI,24,22,68,51,20,17,67,24,59,36,19,49,42,32,18,30,50,29,6,15,9,52,25,44,46,10,18,14
"Dominion Energy, Inc.",0.09%,D,62,65,54,32,62,47,69,NA,65,48,28,53,55,47,48,46,63,50,40,62,58,25,62,60,7,65,44,53
"Quanta Services, Inc.",0.09%,PWR,60,55,63,50,40,73,52,NA,55,62,19,71,48,23,27,34,67,14,42,13,28,25,57,42,51,60,38,35
Newmont Corporation,0.09%,NEM,30,9,61,64,65,22,68,NA,10,32,59,75,59,53,32,59,81,51,16,35,68,57,75,61,28,45,50,77
"American International Group, Inc.",0.09%,AIG,49,61,34,46,39,50,66,NA,61,40,60,46,9,28,27,11,27,22,52,51,27,63,57,7,67,22,40,50
"Fidelity National Information Services, Inc.",0.09%,FIS,67,41,18,50,70,78,40,NA,42,36,65,75,64,58,44,74,49,56,52,57,65,70,71,74,28,70,34,45
Fastenal Co,0.09%,FAST,48,53,44,34,54,46,51,NA,54,47,27,55,48,40,45,37,45,45,35,49,36,28,54,48,54,27,47,24
"Metlife, Inc.",0.11%,MET,67,61,73,67,58,71,61,NA,62,66,56,52,65,53,54,62,57,62,52,72,64,64,21,80,20,42,58,64
Paychex Inc,0.09%,PAYX,48,51,67,31,76,40,67,NA,52,55,54,52,55,53,62,53,60,57,57,52,51,52,49,53,54,55,58,51
Ross Stores Inc,0.09%,ROST,48,51,49,25,70,32,57,55,32,35,53,48,56,43,58,43,59,40,48,48,36,71,68,37,68,61,47,38
Te Connectivity Ltd,0.08%,TEL,50,49,63,62,59,39,67,51,61,44,53,25,47,39,59,43,37,46,53,60,51,59,42,27,23,57,51,50
"Msci, Inc.",0.08%,MSCI,53,48,62,57,58,58,46,NA,49,60,53,55,55,62,47,72,48,41,48,75,62,61,46,78,61,53,38,27
Howmet Aerospace Inc.,0.08%,HWM,44,42,32,60,37,69,31,NA,43,59,60,20,39,10,14,9,25,50,10,5,46,47,17,NA,15,15,14,16
Discover Financial Services,0.08%,DFS,74,83,29,60,60,75,76,NA,84,78,56,66,75,65,78,75,67,68,66,55,63,77,71,94,82,71,76,60
Kenvue Inc.,0.08%,KVUE,54,63,24,67,36,66,44,NA,64,58,18,45,54,NA,NA,NA,NA,NA,NA,NA,NA,NA,NA,NA,NA,NA,NA,NA
Crown Castle Inc.,0.08%,CCI,61,60,52,66,59,69,45,NA,60,59,52,63,60,61,64,61,64,73,72,64,60,34,38,43,37,36,46,22
Pg&e Corporation,0.08%,PCG,72,54,86,29,68,25,54,NA,55,61,32,44,28,15,65,58,52,52,41,64,56,52,54,55,50,60,61,43
Kimberly-Clark Corp.,0.08%,KMB,61,67,50,68,38,69,47,NA,67,51,42,66,39,54,47,68,44,50,44,69,36,43,67,55,45,60,48,61
"Prudential Financial, Inc.",0.08%,PRU,62,62,70,10,78,28,43,NA,62,22,47,24,55,75,54,66,57,76,20,74,76,59,43,46,61,48,34,75
"Ametek, Inc.",0.08%,AME,58,57,55,43,54,57,53,NA,58,40,35,55,52,45,49,58,41,50,46,57,52,54,64,40,51,57,43,47
Valero Energy Corporation,0.08%,VLO,70,61,51,63,64,32,61,NA,61,36,7,31,9,37,54,53,61,34,56,69,62,71,9,12,37,51,69,66
"Axon Enterprise, Inc.",0.08%,AXON,15,19,33,52,14,58,36,NA,20,50,28,8,45,55,43,21,68,53,59,65,38,6,24,37,46,38,12,64
Ford Motor Company,0.08%,F,73,73,62,69,25,11,58,NA,73,9,33,47,70,54,56,73,63,71,46,42,37,48,82,10,45,24,61,71
Baker Hughes Company,0.08%,BKR,54,58,62,19,57,59,44,NA,59,19,40,25,68,73,32,13,22,NA,NA,NA,NA,NA,NA,NA,NA,NA,NA,NA
Public Service Enterprise Group Incorporated,0.08%,PEG,49,58,43,28,48,42,57,NA,59,40,15,45,57,41,48,48,63,52,58,46,76,46,35,62,44,72,30,51
Old Dominion Freight Line,0.08%,ODFL,43,39,51,43,62,52,52,NA,41,60,50,47,55,60,36,52,62,47,46,53,60,44,39,61,46,55,55,50
"Cencora, Inc.",0.09%,COR,55,55,49,81,14,42,78,56,70,58,60,30,74,47,47,56,75,70,40,63,51,60,50,53,71,42,74,63
Republic Services Inc.,0.12%,RSG,56,59,51,62,58,52,52,NA,59,65,58,63,58,60,52,64,63,58,58,54,69,57,71,53,71,49,72,66
Targa Resources Corp.,0.08%,TRGP,60,67,36,56,66,71,35,NA,67,64,74,63,55,49,50,14,74,65,39,52,67,28,64,66,NA,NA,NA,NA
Ingersoll Rand Inc.,0.08%,IR,57,61,54,55,29,69,59,NA,61,55,22,42,45,72,55,19,31,21,46,NA,NA,NA,NA,NA,NA,NA,NA,NA
"Gartner, Inc.",0.07%,IT,46,43,66,61,47,36,48,NA,44,49,67,76,58,62,39,56,54,59,55,57,62,63,54,68,70,67,9,36
Lennar Corporation Class A,0.08%,LEN,53,61,53,21,29,74,50,NA,62,56,34,72,30,50,55,46,32,18,8,10,18,45,24,48,26,45,39,25
"Cbre Group, Inc.",0.07%,CBRE,24,11,62,56,8,64,60,NA,10,35,53,68,37,49,46,21,33,35,71,20,30,71,73,10,68,39,68,68
"Delta Air Lines, Inc.",0.08%,DAL,38,43,25,60,80,17,20,NA,44,57,57,6,64,61,39,58,77,63,54,50,66,82,34,10,52,48,36,8
Otis Worldwide Corporation,0.07%,OTIS,37,42,42,45,34,66,30,NA,43,47,55,54,48,54,63,NA,NA,NA,NA,NA,NA,NA,NA,NA,NA,NA,NA,NA
"Verisk Analytics, Inc.",0.07%,VRSK,46,54,58,35,76,53,53,NA,55,48,55,55,57,60,61,39,56,45,53,63,54,53,72,49,51,NA,NA,NA
"Corteva, Inc.",0.07%,CTVA,70,62,13,48,13,49,6,NA,62,16,61,70,30,37,6,60,NA,NA,NA,NA,NA,NA,NA,NA,NA,NA,NA,NA
Cognizant Technology Solutions,0.07%,CTSH,33,37,65,40,26,48,68,NA,38,52,37,71,48,47,64,33,61,39,39,50,41,41,56,53,47,50,45,50
Edwards Lifesciences Corp,0.07%,EW,24,26,37,54,27,26,55,NA,27,32,51,43,49,39,64,53,32,56,51,49,47,47,39,34,55,71,48,73
Dell Technologies Inc.,0.18%,DELL,58,76,51,30,53,54,78,79,30,59,70,64,33,47,35,28,32,NA,NA,NA,NA,NA,NA,NA,NA,NA,NA,NA
The Kroger Co.,0.08%,KR,62,71,40,64,77,18,17,73,41,60,70,62,49,32,39,57,60,61,50,46,61,48,53,53,50,53,25,39
Monster Beverage Corporation,0.09%,MNST,56,50,62,44,51,41,50,NA,51,28,32,51,38,50,57,57,22,58,45,34,53,52,38,69,54,50,57,56
Hess Corporation,0.08%,HES,57,58,62,79,47,65,52,NA,59,70,79,23,18,38,31,6,4,36,16,47,48,55,42,61,46,60,35,55
Agilent Technologies Inc.,0.07%,A,55,58,55,34,61,50,61,NA,59,38,54,38,35,61,48,63,30,32,49,48,63,48,12,44,62,22,63,63
Ge Healthcare Technologies Inc.,0.07%,GEHC,40,42,65,14,39,70,66,NA,43,54,35,39,40,NA,NA,NA,NA,NA,NA,NA,NA,NA,NA,NA,NA,NA,NA,NA
Vulcan Materials Company,0.07%,VMC,53,53,73,34,41,51,61,NA,53,55,39,56,54,52,35,54,64,24,60,32,14,10,61,22,54,51,38,63
Charter Comm Inc Del Cl a,0.20%,CHTR,59,64,70,71,68,68,60,NA,65,70,70,75,62,54,65,68,28,29,36,40,40,55,68,32,15,22,10,5
"Yum! Brands, Inc.",0.07%,YUM,49,47,59,45,57,48,56,NA,48,45,54,51,50,42,35,31,58,55,48,54,57,65,45,51,65,58,63,51
Exelon Corporation,0.07%,EXC,45,42,53,56,43,48,49,NA,44,62,38,40,41,58,43,58,66,40,62,64,49,59,65,86,55,83,42,80
Sysco Corporation,0.07%,SYY,51,49,18,75,44,63,27,53,61,38,58,44,49,38,59,59,50,42,44,44,34,19,47,52,50,38,38,31
Electronic Arts Inc,0.08%,EA,66,68,43,21,63,80,21,73,49,61,58,54,47,59,59,55,62,72,52,41,32,29,11,19,40,48,40,40
"Xcel Energy, Inc.",0.08%,XEL,60,61,60,54,57,42,69,NA,61,63,32,44,51,45,51,52,57,49,57,42,58,44,57,54,44,69,57,36
Nucor Corporation,0.06%,NUE,45,51,52,68,28,49,68,NA,52,74,65,61,65,59,23,50,77,55,33,50,40,41,14,63,48,60,78,60
Corning Incorporated,0.07%,GLW,46,40,32,68,22,28,56,NA,40,48,67,55,37,61,18,39,53,79,46,60,34,61,39,44,40,32,65,44
Martin Marietta Materials,0.07%,MLM,41,52,68,19,24,61,48,NA,53,37,48,53,59,42,32,54,60,57,59,42,48,45,54,49,52,46,55,48
Arch Capital Group Ltd,0.07%,ACGL,65,67,69,47,60,39,78,NA,68,71,67,73,64,70,50,72,56,62,45,59,59,46,52,61,63,74,61,69
Iqvia Holdings Inc.,0.06%,IQV,52,42,61,50,54,57,57,NA,44,50,67,67,57,59,39,73,47,45,58,65,20,45,NA,NA,NA,NA,NA,NA
Microchip Technology Inc,0.06%,MCHP,51,53,16,50,57,67,39,55,70,78,71,69,74,72,77,64,64,71,63,37,61,69,44,57,48,67,60,69
Keurig Dr Pepper Inc.,0.08%,KDP,23,19,40,59,25,26,46,NA,19,58,52,54,68,66,56,53,55,67,69,40,44,88,67,48,50,51,52,53
"Constellation Brands, Inc.",0.08%,STZ,54,48,37,47,43,45,58,51,30,63,54,71,45,36,48,51,49,56,40,70,58,56,41,53,23,55,33,58
Hp Inc.,0.06%,HPQ,48,40,74,56,25,73,57,NA,41,50,57,54,56,48,60,43,45,67,64,46,58,48,56,72,44,69,76,41
Lululemon Athletica Inc.,0.07%,LULU,67,61,61,23,84,45,59,64,31,61,48,38,60,56,50,36,48,39,49,45,61,70,48,56,73,15,29,23
Resmed Inc.,0.06%,RMD,64,65,43,59,70,50,49,69,47,26,45,59,34,54,36,67,42,42,48,65,51,29,59,54,33,46,34,48
Idexx Laboratories Inc,0.06%,IDXX,52,51,42,49,50,45,50,NA,51,30,42,51,43,36,49,59,33,36,41,44,48,40,51,46,52,40,59,36
M&t Bank Corp.,0.07%,MTB,39,54,22,51,57,50,67,NA,55,82,75,30,59,43,82,35,73,53,55,28,67,79,63,82,85,56,30,37
"General Mills, Inc.",0.06%,GIS,58,53,38,49,60,71,25,56,30,54,44,67,54,57,46,53,58,42,62,65,29,55,51,47,51,58,55,40
Wabtec Inc.,0.06%,WAB,55,48,66,28,47,72,65,NA,49,51,59,43,70,40,16,48,43,61,28,35,57,46,48,51,46,71,58,36
"Extra Space Storage, Inc.",0.06%,EXR,67,60,60,69,74,52,64,NA,61,70,52,62,61,61,57,68,59,70,64,70,62,63,57,65,62,74,39,21
"Dupont De Nemours, Inc.",0.06%,DD,73,74,66,17,52,39,49,NA,74,17,33,52,12,20,74,34,56,48,67,59,37,62,35,67,54,44,58,29
"The Hartford Financial Services Group, Inc.",0.06%,HIG,62,57,67,55,55,57,79,NA,58,64,57,64,64,64,33,51,64,67,46,37,50,62,26,27,66,75,67,39
Iron Mountain Inc.,0.06%,IRM,60,57,28,65,43,70,43,NA,58,55,40,66,57,65,68,56,66,41,63,47,50,35,64,63,62,60,50,64
Occidental Petroleum Corporation,0.08%,OXY,23,64,18,62,58,72,69,NA,65,78,89,32,24,74,72,19,17,58,67,52,70,74,45,69,51,71,66,68
"Consolidated Edison, Inc.",0.06%,ED,36,19,25,65,35,64,18,NA,20,61,53,41,56,37,48,54,60,57,45,47,67,46,65,18,45,55,21,44
Humana Inc.,0.06%,HUM,9,41,69,62,45,30,37,NA,42,63,15,57,71,26,70,64,15,36,39,49,46,68,59,46,43,77,61,28
"Diamondback Energy, Inc.",0.09%,FANG,55,59,57,67,73,59,51,NA,60,80,81,28,74,57,63,19,25,59,65,67,40,42,32,NA,NA,NA,NA,NA
"Equifax, Incorporated",0.06%,EFX,63,58,68,45,56,51,62,NA,58,28,61,64,6,42,53,57,66,61,60,66,61,42,56,61,66,62,60,56
"Avalonbay Communities, Inc.",0.06%,AVB,58,60,63,50,74,46,69,NA,61,60,41,51,54,47,57,48,57,54,69,53,41,42,50,34,46,45,35,37
"Nasdaq, Inc.",0.08%,NDAQ,48,47,30,53,72,57,32,NA,48,67,31,58,42,61,59,68,54,64,47,55,68,36,70,61,20,59,52,68
Vici Properties Inc.,0.06%,VICI,51,50,46,52,60,53,47,NA,51,77,46,60,62,63,71,22,46,47,NA,NA,NA,NA,NA,NA,NA,NA,NA,NA
Garmin Ltd,0.07%,GRMN,51,54,41,32,64,55,54,NA,55,33,34,59,31,61,41,69,26,41,40,46,58,49,70,67,55,52,49,47
Dow Inc.,0.06%,DOW,42,50,45,46,27,31,66,NA,50,64,53,69,53,47,6,19,NA,NA,NA,NA,NA,NA,NA,NA,NA,NA,NA,NA
Edison International,0.06%,EIX,53,51,84,21,59,39,77,NA,51,63,12,50,16,8,57,45,68,48,48,23,25,55,64,42,52,78,65,24
Entergy Corporation,0.06%,ETR,63,59,61,62,49,39,68,NA,60,54,42,47,58,39,46,12,15,77,58,49,44,77,50,69,46,78,34,74
Willis Towers Watson Public Limited Companys,0.06%,WTW,41,53,36,70,24,56,56,NA,54,22,50,68,27,59,36,68,20,38,52,36,47,49,57,32,49,35,25,48
Centene Corporation,0.05%,CNC,24,66,8,67,10,33,42,NA,66,70,48,73,33,23,43,75,44,78,66,59,65,32,65,66,58,44,32,64
Fifth Third Bancorp,0.06%,FITB,56,60,80,51,30,77,53,NA,60,88,64,21,38,73,39,53,67,47,85,66,57,67,83,48,24,72,81,60
"Monolithic Power Systems, Inc.",0.05%,MPWR,64,59,58,36,71,45,57,NA,60,30,46,54,59,39,55,60,42,55,61,26,43,54,35,67,67,20,67,34
"Rockwell Automation, Inc.",0.06%,ROK,23,26,38,50,49,19,78,26,49,29,39,43,52,66,49,43,64,49,59,46,50,35,51,57,37,29,50,57
"Wec Energy Group, Inc.",0.06%,WEC,62,61,49,66,72,43,50,NA,61,46,40,47,46,53,46,69,51,53,60,64,51,51,37,49,32,54,43,39
Costar Group Inc,0.05%,CSGP,39,28,47,32,49,48,13,NA,29,41,41,50,55,52,54,60,11,57,54,62,29,43,45,47,65,58,47,42
Ebay Inc,0.05%,EBAY,45,45,65,46,75,21,43,NA,46,39,75,44,70,40,41,43,64,45,72,63,53,56,55,70,74,69,72,56
Tractor Supply Co,0.05%,TSCO,31,33,22,57,43,56,20,NA,35,48,30,70,56,42,46,57,34,42,24,54,36,37,50,71,61,24,41,35
Xylem Inc,0.05%,XYL,47,42,40,51,25,54,62,NA,43,48,26,54,67,26,63,52,51,49,29,39,51,43,47,NA,NA,NA,NA,NA
Ansys Inc,0.05%,ANSS,48,46,55,24,66,54,60,NA,47,49,37,45,39,46,62,48,50,61,51,49,68,37,46,72,63,74,66,59
"Raymond James Financial, Inc.",0.06%,RJF,44,42,24,35,55,65,68,41,25,18,80,82,25,72,73,13,71,31,68,32,82,7,72,20,74,16,79,11
On Semiconductor Corp,0.05%,ON,41,30,52,39,54,55,46,NA,31,71,70,63,38,63,66,66,51,68,54,9,52,70,48,44,50,68,81,28
"Cardinal Health, Inc.",0.05%,CAH,47,75,14,85,20,77,51,77,61,49,72,34,55,73,19,65,56,70,69,30,34,68,48,49,20,51,63,64
"United Airlines Holdings, Inc.",0.05%,UAL,49,49,36,63,47,10,16,NA,49,72,27,6,62,72,29,61,61,62,52,5,71,75,48,7,71,44,62,14
"Global Payments, Inc.",0.05%,GPN,66,57,84,68,50,64,35,NA,58,62,68,70,65,75,30,63,66,64,23,51,15,80,73,86,69,46,61,80
Take-Two Interactive Software Inc,0.06%,TTWO,4,4,24,10,50,14,30,3,8,18,60,50,78,52,71,38,20,86,36,8,77,16,72,12,20,41,15,29
"Ppg Industries, Inc.",0.05%,PPG,57,65,65,48,19,60,66,NA,65,21,26,58,64,31,46,37,54,23,31,62,48,51,62,73,37,59,63,45
State Street Corporation,0.05%,STT,27,17,32,8,6,79,38,NA,17,90,13,48,57,85,87,62,19,41,18,35,76,43,22,23,88,38,94,28
The Kraft Heinz Company,0.07%,KHC,70,57,32,64,43,62,53,NA,57,26,66,78,68,42,21,56,57,45,29,58,59,22,NA,NA,NA,NA,NA,NA
Hewlett Packard Enterprise Company,0.05%,HPE,58,54,57,73,16,77,72,NA,55,62,70,19,73,57,35,62,30,58,72,45,NA,NA,NA,NA,NA,NA,NA,NA
"Keysight Technologies, Inc.",0.05%,KEYS,47,58,51,24,61,64,31,NA,59,40,58,56,67,63,42,52,34,55,45,50,41,NA,NA,NA,NA,NA,NA,NA
"Nvr, Inc.",0.05%,NVR,34,38,51,43,35,45,73,NA,39,64,52,47,50,48,51,55,35,21,34,56,10,15,31,58,54,61,55,42
"Dexcom, Inc.",0.05%,DXCM,40,41,38,50,56,30,54,NA,42,54,39,47,60,22,28,22,29,29,27,11,22,11,16,15,21,7,7,8
Dover Corporation,0.05%,DOV,51,56,56,37,31,63,59,NA,57,29,36,58,55,43,37,51,45,42,43,64,49,56,52,67,48,66,53,47
"Pultegroup, Inc.",0.05%,PHM,54,53,45,51,45,36,39,NA,53,33,32,64,35,67,62,39,11,17,47,73,5,25,40,35,47,9,40,13
"Leidos Holdings, Inc.",0.04%,LDOS,47,61,67,59,26,35,44,NA,61,48,41,66,58,56,50,56,53,46,19,31,58,50,52,57,27,63,36,18
Deckers Outdoor Corp,0.05%,DECK,54,61,24,47,24,87,22,65,53,22,70,42,58,74,71,26,27,70,61,23,32,75,36,51,67,61,40,49
"Ventas, Inc.",0.05%,VTR,30,33,72,69,38,30,38,NA,34,38,53,66,63,56,47,59,73,67,72,70,63,49,57,54,55,49,58,36
Fortive Corporation,0.05%,FTV,54,49,64,51,44,58,57,NA,50,65,38,44,48,41,47,57,52,41,51,40,NA,NA,NA,NA,NA,NA,NA,NA
Halliburton Company,0.05%,HAL,66,60,47,66,37,75,40,NA,61,53,47,29,16,58,35,5,11,33,56,39,53,34,46,53,35,75,24,33
"Brown & Brown, Inc.",0.06%,BRO,44,49,62,67,30,48,53,NA,50,51,63,56,65,64,57,51,64,60,75,41,46,67,47,75,40,49,62,48
Mettler-Toledo International,0.05%,MTD,52,49,49,53,50,57,39,NA,50,42,50,51,42,41,53,45,45,53,40,47,38,44,46,47,51,48,55,56
Cdw Corporation,0.04%,CDW,50,50,51,19,58,56,56,NA,51,55,19,58,46,51,59,60,19,58,62,71,47,54,17,36,34,59,52,30
Broadridge Financial Solutions Inc,0.05%,BR,53,56,15,80,54,62,13,59,55,25,37,42,38,58,55,49,61,66,42,71,30,76,53,83,31,68,NA,NA
"Church & Dwight Co., Inc.",0.05%,CHD,53,47,31,38,57,39,49,NA,47,49,43,52,55,46,45,56,58,48,40,58,47,54,57,63,56,43,50,67
The Hershey Company,0.06%,HSY,52,44,70,39,51,69,48,NA,46,55,55,46,57,58,63,38,71,26,48,65,26,48,76,41,69,64,31,56
T Rowe Price Group Inc,0.05%,TROW,43,32,44,61,78,25,50,NA,32,59,67,58,41,65,46,29,65,51,60,44,59,53,39,59,56,53,63,52
"Tyler Technologies, Inc.",0.05%,TYL,45,43,71,27,40,51,65,NA,45,53,45,59,44,54,41,64,31,69,49,52,66,40,46,68,63,59,53,51
Eqt Corp,0.05%,EQT,54,62,35,37,83,53,41,NA,63,88,41,28,21,30,45,9,42,62,62,48,54,57,65,57,35,86,18,37
"American Water Works Company, Inc",0.05%,AWK,60,60,61,37,52,51,57,NA,61,38,35,52,50,46,59,58,57,64,46,61,51,60,32,24,27,20,29,34
Synchrony Financial,0.05%,SYF,75,83,76,81,80,67,70,NA,83,73,67,63,70,72,83,78,81,68,50,73,55,NA,NA,NA,NA,NA,NA,NA
"Corpay, Inc.",0.05%,CPAY,79,83,26,75,58,90,27,NA,84,37,53,74,61,55,39,54,72,67,44,NA,NA,NA,NA,NA,NA,NA,NA,NA
Godaddy Inc,0.05%,GDDY,33,44,20,57,58,50,69,NA,44,72,57,28,70,56,67,45,43,38,30,11,16,NA,NA,NA,NA,NA,NA,NA
Smurfit Westrock Plc,0.05%,SW,51,63,20,25,25,71,54,NA,63,63,35,58,NA,NA,NA,NA,NA,NA,NA,NA,NA,NA,NA,NA,NA,NA,NA,NA
Veralto Corporation,0.05%,VLTO,42,47,40,56,39,53,39,NA,48,46,40,45,NA,NA,NA,NA,NA,NA,NA,NA,NA,NA,NA,NA,NA,NA,NA,NA
Huntington Bancshares Inc,0.05%,HBAN,31,48,19,35,42,64,71,NA,49,83,66,49,44,51,73,65,63,48,56,52,81,50,45,47,5,27,69,43
Equity Residential,0.05%,EQR,57,60,72,59,67,41,67,NA,61,69,37,48,54,57,66,33,52,70,29,57,33,53,44,49,33,37,30,40
"Netapp, Inc",0.04%,NTAP,67,71,45,70,79,32,76,77,43,53,66,49,45,70,58,57,60,62,56,63,65,60,56,71,70,58,66,62
Biogen Inc.,0.04%,BIIB,54,41,68,50,71,18,29,NA,42,24,64,48,65,71,59,65,58,53,51,54,53,69,40,79,59,59,69,70
Archer Daniels Midland Company,0.05%,ADM,58,48,23,26,72,31,73,NA,49,25,75,32,9,4,52,19,27,55,72,66,6,31,74,8,9,20,69,7
Hubbell Incorporated,0.04%,HUBB,51,51,41,55,32,64,33,NA,52,44,39,60,56,59,44,54,34,44,42,43,51,34,68,54,71,24,36,31
Carnival Corporation,0.06%,CCL,73,45,48,68,34,24,72,NA,46,25,21,6,44,50,59,64,74,60,42,43,46,50,46,42,53,53,50,55
Dte Energy Company,0.05%,DTE,59,59,43,42,63,54,38,NA,59,33,42,62,44,51,43,53,50,40,50,62,62,64,73,67,29,61,38,46
Ppl Corporation,0.05%,PPL,50,48,58,66,50,19,68,NA,49,44,50,55,35,48,45,52,50,56,49,50,51,52,63,51,35,64,58,63
Ameren Corporation,0.04%,AEE,44,52,26,49,52,45,60,NA,53,60,41,43,52,49,52,58,65,47,56,28,64,64,64,63,41,56,52,54
Devon Energy Corporation,0.05%,DVN,59,58,32,62,81,65,70,NA,59,79,83,24,16,27,63,18,24,58,28,20,43,45,7,42,57,57,70,75
Regions Financial Corp.,0.04%,RF,45,46,77,26,40,64,72,NA,47,67,66,61,66,54,70,71,52,55,83,59,39,46,39,27,77,81,80,53
"West Pharmaceutical Services, Inc.",0.04%,WST,44,42,46,47,40,52,50,NA,43,54,41,51,53,38,49,40,51,29,48,58,36,45,44,44,42,66,61,48
Sba Communications Corp,0.04%,SBAC,71,72,48,77,67,71,60,NA,72,71,64,67,69,62,69,66,39,46,42,44,37,27,44,50,44,42,46,42
Cincinnati Financial Corp,0.04%,CINF,47,47,61,65,51,55,30,NA,48,33,58,58,48,58,42,60,67,59,61,65,27,46,50,40,52,40,50,51
International Flavors & Fragrances Inc.,0.04%,IFF,32,38,14,48,35,39,68,NA,38,11,62,52,54,34,33,54,34,56,47,55,22,43,57,39,54,55,27,52
"Ptc, Inc",0.04%,PTC,59,58,31,54,73,69,25,61,64,57,45,43,26,61,40,25,46,72,52,47,21,74,44,82,60,31,54,74
"Expedia Group, Inc.",0.04%,EXPE,58,57,21,64,47,31,18,NA,57,64,74,14,76,60,66,63,43,80,47,79,65,64,69,37,66,57,71,75
Teledyne Technologies Incorporated,0.04%,TDY,51,45,37,51,66,27,51,NA,46,21,55,54,37,46,55,61,31,55,31,31,48,34,53,33,69,29,53,63
Weyerhaeuser Company,0.04%,WY,37,38,43,71,37,31,55,NA,38,61,69,63,13,40,64,24,50,38,60,54,19,63,36,13,14,50,48,60
Atmos Energy Corporation,0.04%,ATO,57,77,45,61,43,42,40,NA,77,51,15,50,41,54,54,49,61,62,50,54,38,51,78,37,69,34,58,69
Waters Corp,0.04%,WAT,45,35,64,25,73,58,56,NA,36,38,40,63,45,35,66,53,48,46,43,38,48,49,50,63,61,45,62,54
"Zimmer Biomet Holdings, Inc.",0.04%,ZBH,58,53,55,55,41,64,49,NA,54,57,67,24,41,36,47,81,56,54,41,58,55,63,57,53,55,57,49,61
Lyondellbasell Industries N.v. Class A,0.05%,LYB,42,54,31,64,14,61,63,NA,54,54,71,50,48,48,46,56,54,65,44,70,57,49,9,19,46,NA,NA,NA
Western Digital Corp.,0.04%,WDC,28,21,21,59,39,28,6,21,3,47,64,17,22,74,81,61,51,58,69,80,54,68,63,74,55,31,76,33
Steris Plc,0.04%,STE,62,59,43,56,36,61,23,62,55,47,47,44,53,42,65,45,53,41,57,46,33,63,58,64,28,61,60,35
Eversource Energy,0.04%,ES,29,16,55,53,31,28,34,NA,17,53,46,35,53,37,44,65,38,46,59,53,42,54,61,62,17,18,9,41
Kellanova,0.05%,K,42,48,58,43,61,44,72,NA,50,53,38,67,26,35,48,53,52,55,42,56,56,26,57,40,49,57,40,47
Packaging Corp of America,0.04%,PKG,40,49,50,39,57,53,49,NA,50,61,43,47,54,64,47,57,57,57,61,65,42,44,48,58,64,57,60,47
Northern Trust Corp,0.04%,NTRS,62,68,38,77,5,77,38,NA,68,78,35,52,76,52,66,53,80,51,39,36,72,31,50,44,58,26,37,53
Seagate Technology Holdings Plcs,0.04%,STX,35,48,27,55,62,35,10,49,17,53,46,58,41,63,72,58,61,55,58,70,47,69,14,81,24,50,77,28
"Builders Firstsource, Inc.",0.04%,BLDR,48,46,70,55,44,56,63,NA,47,72,59,25,74,60,58,43,47,49,33,18,7,4,30,8,24,54,69,70
Firstenergy Corp.,0.04%,FE,41,23,40,71,17,62,55,NA,24,53,65,29,65,22,40,27,69,48,52,41,52,71,56,56,33,43,69,58
Steel Dynamics Inc,0.04%,STLD,31,48,59,29,33,52,66,NA,50,71,60,34,58,63,36,54,46,73,28,52,65,17,13,71,34,61,67,60
"Cboe Global Markets, Inc.",0.04%,CBOE,82,64,89,70,45,47,86,NA,65,67,35,84,62,55,49,46,45,59,53,53,70,59,39,56,NA,NA,NA,NA
"Citizens Financial Group, Inc.",0.04%,CFG,40,43,26,61,41,55,77,NA,44,83,66,20,43,45,62,63,51,49,42,60,68,NA,NA,NA,NA,NA,NA,NA
"Warner Bros. Discovery, Inc. Series a",0.04%,WBD,44,47,37,42,29,46,49,NA,47,56,72,67,78,84,56,62,55,54,58,52,62,45,48,78,11,11,40,37
Zebra Technologies Corporation,0.04%,ZBRA,43,12,56,68,46,73,38,NA,13,35,47,66,40,71,72,48,11,69,52,69,25,52,45,20,60,34,30,37
"First Solar, Inc.",0.04%,FSLR,27,23,26,32,42,69,48,NA,23,34,33,12,29,3,47,33,12,46,63,48,9,38,55,62,58,6,28,14
"The Cooper Companies, Inc.",0.04%,COO,37,40,58,33,45,49,40,NA,41,48,44,38,47,67,66,71,50,60,65,50,66,69,73,33,11,46,73,56
Cms Energy Corporation,0.04%,CMS,74,63,30,48,80,67,24,NA,64,15,52,32,45,40,49,48,54,46,52,54,61,55,62,61,6,17,21,66
Labcorp Holdings Inc.,0.04%,LH,46,44,35,73,17,46,34,NA,45,48,65,66,59,45,57,63,69,46,49,53,53,55,61,64,60,59,58,49
Clorox Company,0.04%,CLX,47,43,49,63,42,62,19,44,72,39,50,66,42,44,50,38,60,47,56,35,36,53,51,59,64,40,41,60
Omnicom Group Inc.,0.03%,OMC,57,54,68,32,14,84,59,NA,54,29,56,57,56,44,63,55,75,41,67,56,43,50,67,52,53,74,38,59
"Darden Restaurants, Inc.",0.04%,DRI,53,54,37,48,74,53,33,59,58,55,66,18,65,53,61,50,82,25,59,38,48,62,54,63,57,69,60,54
International Paper Co.,0.04%,IP,60,53,69,33,58,32,51,NA,54,59,51,61,69,69,24,55,58,68,60,65,70,45,86,51,56,24,29,34
"Centerpoint Energy, Inc.",0.04%,CNP,60,66,24,51,45,60,43,NA,66,58,14,25,38,65,26,64,32,43,49,65,56,44,80,50,39,64,13,15
Southwest Airlines Co.,0.04%,LUV,7,38,47,25,10,11,34,NA,39,57,73,7,54,69,42,74,56,62,67,72,49,71,65,11,73,36,69,35
"Essex Property Trust, Inc",0.04%,ESS,57,62,70,55,70,57,54,NA,63,72,59,50,64,57,59,61,68,73,60,64,65,53,55,54,50,58,45,44
"Nrg Energy, Inc.",0.03%,NRG,46,10,23,64,46,26,52,NA,11,17,21,77,47,64,20,53,18,71,22,39,40,61,77,52,83,50,16,78
"Mccormick & Company, Incorporated Non-Vtg Cs",0.04%,MKC,54,65,33,32,31,74,39,NA,66,25,27,48,48,29,58,50,53,40,35,48,28,34,57,54,28,46,52,61
Live Nation Entertainment Inc.,0.05%,LYV,40,46,15,38,50,41,13,NA,47,65,40,6,35,37,24,44,24,10,41,46,11,34,30,8,27,18,5,47
Insulet Corporation,0.03%,PODD,37,31,44,32,60,26,33,NA,31,57,6,41,58,36,29,31,5,29,28,10,21,22,27,10,8,16,7,13
Invitation Homes Inc.,0.04%,INVH,65,64,64,75,73,28,73,NA,65,69,66,62,67,45,32,43,46,24,NA,NA,NA,NA,NA,NA,NA,NA,NA,NA
"Molina Healthcare, Inc.",0.03%,MOH,36,63,76,12,51,10,74,NA,64,25,65,76,48,13,39,53,65,77,44,73,69,58,75,23,71,58,62,60
Snap-on Incorporated,0.03%,SNA,62,61,49,48,67,54,50,NA,62,37,49,71,42,57,50,52,51,39,48,55,26,19,69,38,47,47,68,39
Coterra Energy Inc.,0.03%,CTRA,60,62,74,50,77,61,61,NA,63,82,74,55,80,60,64,7,5,66,67,60,55,50,58,69,67,41,69,65
"Mid-America Apartment Communities, Inc.",0.03%,MAA,33,59,18,75,59,48,66,NA,59,58,45,55,52,56,64,59,56,70,66,69,62,52,59,68,64,57,64,57
"Principal Financial Group, Inc.",0.04%,PFG,36,73,37,72,48,37,52,NA,73,54,55,56,66,70,64,61,78,76,50,70,60,70,64,61,74,61,65,53
Hologic Inc,0.03%,HOLX,63,62,58,67,70,39,52,68,51,67,75,58,21,49,23,67,81,63,42,22,61,25,51,53,67,25,56,62
Jacobs Solutions Inc.,0.03%,J,61,57,74,11,72,37,62,NA,58,20,38,66,5,39,47,71,42,69,43,38,29,15,58,31,49,46,45,18
Factset Research Systems,0.03%,FDS,51,49,47,66,56,49,50,53,55,51,55,56,52,56,50,46,58,50,60,54,45,53,66,47,63,66,60,45
Ball Corporation,0.03%,BALL,44,69,11,50,19,65,66,NA,70,11,49,47,55,54,77,18,57,68,52,55,70,31,45,55,72,29,58,62
W.R. Berkley Corporation,0.04%,WRB,64,60,74,52,64,42,69,NA,60,69,65,69,61,29,40,49,64,41,62,51,65,53,32,69,65,66,73,74
"Ulta Beauty, Inc.",0.03%,ULTA,45,40,42,22,84,18,23,44,54,55,52,59,57,48,58,35,53,56,40,56,51,75,55,38,57,43,29,12
Trimble Inc.,0.03%,TRMB,35,60,47,14,73,37,46,NA,60,24,48,56,50,54,52,62,53,51,56,58,55,23,56,44,59,55,49,49
Las Vegas Sands Corp.,0.06%,LVS,79,80,56,64,61,72,57,NA,80,7,27,10,37,65,69,75,55,69,73,62,61,65,35,13,64,18,67,48
Keycorp,0.03%,KEY,11,51,27,4,45,79,56,NA,51,86,34,41,68,69,60,77,48,52,68,56,60,79,48,29,26,41,78,68
Quest Diagnostics Inc.,0.03%,DGX,44,41,49,61,31,74,25,NA,43,54,53,68,51,51,57,63,39,65,27,72,46,58,47,65,60,63,56,59
"Teradyne, Inc.",0.03%,TER,40,39,39,59,22,65,48,NA,40,33,54,58,55,40,75,44,56,78,41,74,36,78,15,44,30,79,7,57
Masco Corporation,0.03%,MAS,64,69,67,67,22,66,64,NA,69,43,54,53,38,63,49,53,62,35,71,25,9,19,31,27,63,54,48,50
"Best Buy Company, Inc.",0.04%,BBY,48,32,73,17,81,19,65,33,35,47,77,58,61,49,75,42,67,48,21,49,20,57,45,54,42,42,66,62
Pentair Plc,0.03%,PNR,56,50,47,83,19,34,34,NA,51,26,43,65,29,37,35,63,46,70,65,7,66,45,61,33,64,43,43,45
Baxter International Inc.,0.03%,BAX,53,41,5,10,45,61,21,NA,41,10,47,37,47,42,57,38,29,47,56,60,49,64,60,56,57,72,63,61
Idex Corporation,0.03%,IEX,53,49,59,36,51,51,50,NA,50,40,41,52,49,44,50,57,48,44,60,73,42,32,49,63,53,47,48,57
"Alexandria Real Estate Equities, Inc.",0.03%,ARE,72,77,71,72,67,47,56,NA,77,74,54,50,70,42,57,33,53,56,48,62,50,46,41,47,61,49,63,31
Genuine Parts Company,0.03%,GPC,41,34,62,33,49,32,65,NA,36,50,38,79,34,55,36,40,67,27,55,61,32,39,67,38,55,32,29,51
Kimco Realty Corp.,0.03%,KIM,70,65,65,70,42,42,54,NA,66,50,37,46,55,54,52,63,33,59,69,57,50,64,22,54,53,39,43,43
"Expeditors International of Washington, Inc.",0.03%,EXPD,26,39,28,26,66,36,40,NA,39,73,42,33,56,39,32,40,58,31,37,28,40,39,35,54,32,48,49,42
"Tyson Foods, Inc.",0.04%,TSN,48,48,44,71,8,74,8,NA,6,26,45,68,31,42,44,54,70,28,53,58,33,64,47,37,69,5,57,56
Dollar General Corp.,0.03%,DG,64,41,65,42,68,56,43,43,19,36,62,42,51,38,51,40,43,37,35,49,42,51,61,32,41,57,27,53
"Textron, Inc.",0.03%,TXT,30,37,27,62,11,68,29,NA,38,53,68,46,39,51,67,45,57,80,47,58,62,58,43,39,37,45,64,56
Avery Dennison Corp.,0.03%,AVY,39,39,54,46,33,55,66,NA,40,45,56,46,67,22,57,64,63,50,29,66,48,44,42,63,45,52,49,61
Gen Digital Inc.,0.03%,GEN,88,89,40,49,91,77,22,91,43,67,72,27,78,48,31,25,57,49,55,63,67,65,39,72,67,76,77,72
Nisource Inc.,0.03%,NI,57,59,51,53,53,48,47,NA,59,52,49,19,69,7,46,40,60,43,51,63,52,37,84,44,40,79,50,76
Marathon Oil Corporation,0.03%,MRO,68,68,78,77,66,76,66,NA,68,78,81,12,39,61,30,8,3,40,64,44,70,55,39,51,60,54,65,71
"Everest Group, Ltd.",0.03%,EG,71,65,77,61,66,57,65,NA,65,63,73,75,73,45,52,58,55,60,64,46,22,58,57,26,58,40,24,60
Jb Hunt Transport Services Inc,0.03%,JBHT,46,43,49,45,72,27,37,NA,44,53,39,45,40,50,37,46,58,46,41,40,62,58,42,66,46,49,33,48
Align Technology Inc,0.03%,ALGN,42,55,64,58,32,21,54,NA,56,35,58,30,60,52,64,46,54,63,70,57,52,69,34,32,65,6,39,62
"Healthpeak Properties, Inc.",0.03%,DOC,84,82,67,71,68,88,52,NA,82,62,57,69,57,58,73,73,73,44,17,35,28,NA,NA,NA,NA,NA,NA,NA
Domino's Pizza Inc.,0.03%,DPZ,47,46,51,44,49,45,51,NA,47,37,47,50,53,40,51,44,64,37,47,60,57,64,64,57,57,50,58,58
Viatris Inc.,0.03%,VTRS,31,64,79,32,77,23,73,NA,65,60,51,24,62,70,64,67,78,33,58,61,37,73,70,52,18,79,33,36
Verisign Inc,0.03%,VRSN,43,48,57,34,74,48,63,NA,49,60,49,47,54,47,67,66,72,70,54,80,73,30,52,44,20,43,55,48
Jabil Inc.,0.03%,JBL,43,43,66,73,27,47,69,47,54,54,52,59,65,35,71,39,75,26,75,34,70,35,43,62,33,41,62,63
Alliant Energy Corporation,0.03%,LNT,68,46,68,48,58,42,49,NA,47,27,34,28,42,21,54,48,48,59,39,56,40,78,83,25,55,25,35,54
"Cf Industries Holding, Inc.",0.03%,CF,55,55,85,60,73,44,68,NA,56,74,88,66,73,66,80,14,41,34,38,68,77,81,67,56,82,72,22,83
Loews Corporation,0.03%,L,40,69,38,54,66,25,58,NA,70,68,59,30,32,76,67,49,71,61,39,53,81,16,74,34,73,29,70,60
The Estee Lauder Companies Inc. Class A,0.04%,EL,66,61,32,39,47,77,5,65,30,41,57,56,43,64,48,47,64,53,40,45,43,62,54,49,44,72,32,58
Amcor Plcs,0.03%,AMCR,46,52,16,79,31,69,10,58,36,58,50,69,44,32,42,13,40,26,31,25,34,16,16,19,35,36,12,18
"Revvity, Inc.",0.02%,RVTY,47,16,45,52,61,70,33,NA,16,35,65,64,49,34,40,58,43,62,27,40,67,36,36,59,58,24,66,58
Aptiv Plc,0.02%,APTV,43,43,24,48,31,41,47,NA,43,41,32,34,45,49,31,63,38,65,58,54,53,67,NA,NA,NA,NA,NA,NA
"Evergy, Inc.",0.03%,EVRG,59,54,84,41,52,48,78,NA,55,61,37,70,29,67,59,58,49,60,56,59,40,62,62,47,37,37,64,74
"Moderna, Inc.",0.03%,MRNA,15,4,8,14,11,60,6,NA,4,43,76,39,6,11,13,16,NA,NA,NA,NA,NA,NA,NA,NA,NA,NA,NA,NA
Pool Corporation,0.02%,POOL,58,65,76,20,59,41,68,NA,66,48,23,46,50,18,35,41,43,41,25,57,24,42,70,62,39,44,22,25
"Rollins, Inc.",0.04%,ROL,44,42,43,43,53,52,35,NA,44,51,36,59,50,45,44,50,42,53,46,39,54,47,52,48,46,54,50,45
Nordson Corp,0.03%,NDSN,54,55,55,36,65,48,52,NA,56,43,47,66,33,59,44,55,39,46,39,52,61,35,51,43,45,54,59,62
"F5, Inc.",0.03%,FFIV,61,56,71,45,73,50,52,60,67,42,55,60,61,59,68,70,76,66,62,67,68,65,58,67,66,61,56,46
Skyworks Solutions Inc,0.02%,SWKS,63,59,74,56,57,82,58,61,73,50,60,49,67,48,72,59,57,71,73,37,68,45,63,67,54,7,35,62
"Stanley Black & Decker, Inc.",0.02%,SWK,41,40,45,46,5,49,70,NA,41,11,14,62,54,42,37,63,44,66,39,32,38,61,64,58,67,63,49,40
"Epam Systems, Inc.",0.02%,EPAM,39,43,69,19,55,19,64,NA,43,31,35,59,29,49,56,61,22,57,38,30,68,32,60,NA,NA,NA,NA,NA
Akamai Technologies Inc,0.02%,AKAM,60,55,45,67,64,64,52,NA,55,64,66,62,59,70,54,68,65,61,55,66,60,51,71,77,68,63,51,65
"Udr, Inc.",0.03%,UDR,67,56,67,71,67,68,51,NA,57,65,52,53,62,53,54,59,42,64,55,44,57,23,37,12,34,42,41,50
"Conagra Brands, Inc.",0.02%,CAG,76,74,31,33,74,47,51,77,33,38,36,71,55,30,51,23,26,63,62,48,49,71,32,16,33,49,67,19
Incyte Genomics Inc,0.03%,INCY,33,24,74,13,59,42,31,NA,24,68,53,9,63,59,6,66,61,29,28,47,5,42,31,10,10,25,20,13
Camden Property Trust,0.02%,CPT,65,59,47,71,53,38,64,NA,60,51,52,56,58,57,51,37,47,41,44,46,57,61,36,57,42,53,57,73
Albemarle Corporation,0.02%,ALB,5,9,12,24,54,5,50,NA,10,56,31,51,46,40,38,56,23,66,37,49,54,34,56,63,29,77,40,67
Henry (Jack) & Associates,0.02%,JKHY,55,58,38,74,55,33,48,63,28,51,41,60,48,42,47,48,61,62,62,60,57,55,67,61,59,75,46,56
"C.H. Robinson Worldwide, Inc.",0.02%,CHRW,16,46,33,58,15,25,52,NA,47,74,14,28,51,55,22,29,62,49,22,33,38,26,31,66,30,55,47,41
Juniper Networks Inc,0.02%,JNPR,59,73,62,7,45,16,61,NA,73,12,59,65,37,43,71,69,59,32,59,39,60,39,52,58,51,39,63,67
"Host Hotels & Resorts, Inc.",0.02%,HST,59,56,59,62,65,53,49,NA,58,79,35,8,46,43,58,59,56,52,63,59,29,19,18,64,58,53,64,21
"Dayforce, Inc.",0.02%,DAY,60,58,51,39,29,55,11,NA,58,29,29,36,38,33,54,9,19,NA,NA,NA,NA,NA,NA,NA,NA,NA,NA,NA
Allegion Public Limited Company,0.02%,ALLE,53,50,59,59,31,65,41,NA,51,42,40,53,45,52,43,69,50,51,50,44,34,NA,NA,NA,NA,NA,NA,NA
Bunge Global Sa,0.02%,BG,66,65,75,4,63,61,78,NA,66,8,23,9,25,3,41,73,12,36,73,5,71,4,6,78,9,6,12,60
"Universal Health Services, Inc. Class B",0.02%,UHS,61,55,30,68,57,67,16,NA,55,46,17,77,56,50,46,54,39,53,55,48,65,46,56,64,58,12,57,54
Dollar Tree Inc.,0.03%,DLTR,31,29,32,42,41,53,12,28,28,21,64,52,39,24,68,41,54,51,34,55,38,65,54,51,59,67,49,37
Norwegian Cruise Line Holdings Ltd.s,0.02%,NCLH,71,64,27,65,82,21,21,NA,64,26,12,6,43,67,60,58,64,54,58,52,44,65,42,17,11,26,40,12
The J.M. Smucker Company,0.02%,SJM,50,50,25,55,71,30,26,56,36,47,63,58,52,45,48,75,43,50,56,60,21,60,64,31,62,46,54,23
Regency Centers Corporation,0.02%,REG,61,58,69,62,64,47,65,NA,59,66,69,36,64,70,66,51,50,57,51,75,67,51,28,45,35,36,44,32
Carmax Inc.,0.02%,KMX,39,10,74,4,66,53,36,10,68,5,39,11,33,28,7,32,7,24,5,7,6,14,59,17,26,38,12,41
Eastman Chemical Company,0.02%,EMN,54,56,59,69,17,46,62,NA,57,32,62,62,58,49,58,52,68,59,52,70,36,39,70,46,59,40,65,70
"Bxp, Inc.",0.02%,BXP,37,75,17,78,61,74,35,NA,76,72,67,64,63,62,47,61,53,43,48,57,63,41,57,56,35,35,39,38
"Tapestry, Inc.",0.02%,TPR,62,61,27,61,30,81,25,66,51,42,73,20,34,57,55,40,58,47,62,57,47,62,48,62,58,56,61,69
Bio-Techne Corp.,0.02%,TECH,54,51,43,49,60,60,32,53,29,43,62,35,47,43,46,46,45,50,41,46,50,45,47,58,48,56,54,53
Generac Holdings Inc,0.02%,GNRC,74,68,70,31,52,76,62,NA,68,15,26,57,51,39,57,74,56,52,57,77,58,73,80,30,41,NA,NA,NA
"Super Micro Computer, Inc.",0.02%,SMCI,10,11,32,12,14,66,17,9,53,9,46,11,76,58,8,61,13,11,12,34,36,11,45,40,47,40,27,27
"Lamb Weston Holdings, Inc.",0.02%,LW,34,29,49,71,24,25,39,30,40,41,46,45,61,36,49,48,42,56,NA,NA,NA,NA,NA,NA,NA,NA,NA,NA
"Charles River Laboratories International, Inc.",0.02%,CRL,58,44,67,62,49,49,61,NA,45,39,60,51,57,63,57,59,62,65,51,59,63,18,46,37,61,19,60,65
"The Interpublic Group of Companies, Inc.",0.02%,IPG,45,26,67,42,11,77,56,NA,26,23,65,75,77,25,68,28,48,51,64,40,18,75,52,79,61,35,6,20
"Paycom Software, Inc.",0.02%,PAYC,52,54,42,56,61,58,40,NA,54,53,58,49,52,57,62,70,64,47,60,29,43,NA,NA,NA,NA,NA,NA,NA
News Corporation Class A,0.03%,NWSA,50,51,12,44,73,69,8,53,51,65,68,41,64,39,20,69,26,64,12,24,50,46,NA,NA,NA,NA,NA,NA
"Assurant, Inc.",0.02%,AIZ,71,65,53,76,26,59,62,NA,66,48,40,60,74,61,57,19,29,24,69,44,64,63,24,58,69,50,68,61
"Catalent, Inc.",0.02%,CTLT,16,14,11,75,13,33,4,14,6,26,18,56,28,54,64,30,27,60,41,21,20,NA,NA,NA,NA,NA,NA,NA
Molson Coors Beverage Company Class B,0.02%,TAP,55,67,40,76,18,51,52,NA,67,43,51,41,63,64,64,49,42,68,66,64,52,37,57,31,28,71,44,57
Erie Indemnity Co,0.03%,ERIE,35,31,51,42,38,56,23,NA,31,39,36,24,35,44,34,47,38,21,86,25,48,84,57,48,50,60,52,43
Pinnacle West Capital Corporation,0.02%,PNW,48,45,61,26,58,23,47,NA,46,62,36,48,38,54,53,49,54,54,52,63,70,43,73,63,61,29,53,61
Lkq Corporation,0.02%,LKQ,51,50,68,36,59,28,52,NA,50,43,42,70,65,54,23,47,48,21,50,25,37,26,44,53,24,42,41,34
Marketaxess Holdings Inc.,0.02%,MKTX,54,50,57,76,32,72,45,NA,51,51,36,61,54,56,60,34,52,62,48,64,51,73,73,63,73,50,46,53
Fox Corporation Class A,0.04%,FOXA,43,46,30,60,79,6,14,49,47,48,56,63,71,28,62,33,NA,NA,NA,NA,NA,NA,NA,NA,NA,NA,NA,NA
Solventum Corporation,0.02%,SOLV,66,72,28,60,66,71,64,NA,72,49,62,59,NA,NA,NA,NA,NA,NA,NA,NA,NA,NA,NA,NA,NA,NA,NA,NA
Aes Corporation,0.02%,AES,54,51,56,44,27,18,64,NA,51,38,20,71,56,43,22,41,63,41,68,32,27,51,55,48,54,73,80,66
Globe Life Inc.,0.02%,GL,53,51,55,54,57,58,46,NA,52,60,56,64,61,55,52,75,74,51,69,64,52,63,75,59,62,65,70,58
Teleflex Incorporated,0.02%,TFX,69,53,73,33,60,52,63,NA,53,25,58,40,33,47,54,66,45,58,51,41,15,42,49,40,66,63,72,66
A.O. Smith Corporation,0.02%,AOS,55,58,67,25,41,62,53,NA,59,39,52,63,45,51,30,57,52,34,58,43,11,19,77,31,68,46,78,51
The Mosaic Company,0.02%,MOS,55,49,50,52,11,44,20,NA,49,66,57,59,6,59,12,46,54,75,40,28,51,53,49,32,65,58,17,55
Hormel Foods Corporation,0.03%,HRL,42,34,35,30,65,46,51,NA,36,42,28,44,25,43,45,38,58,46,46,37,34,36,63,31,36,31,61,43
Campbell Soup Company,0.02%,CPB,53,52,29,34,78,30,41,56,45,61,35,63,60,61,52,72,66,32,48,52,54,41,63,47,29,65,60,36
"Caesars Entertainment, Inc.",0.01%,CZR,43,69,17,54,24,50,49,NA,70,24,41,15,66,80,60,79,54,39,22,20,14,20,26,7,64,62,37,81
Henry Schein Inc,0.02%,HSIC,42,25,37,64,69,8,45,NA,27,36,46,44,40,48,39,44,38,37,63,31,60,37,46,65,42,39,61,44
Federal Realty Investment Trust,0.02%,FRT,56,58,56,57,72,44,56,NA,59,58,62,53,44,54,51,56,52,57,52,61,48,57,66,59,50,54,57,65
"Enphase Energy, Inc.",0.01%,ENPH,50,46,63,61,28,27,36,NA,47,65,61,60,55,31,19,6,6,30,27,8,27,15,19,NA,NA,NA,NA,NA
Celanese Corporation,0.01%,CE,44,43,23,60,23,53,33,NA,44,48,59,25,51,66,32,48,49,50,34,40,47,25,41,63,39,60,82,10
Ralph Lauren Corporation,0.02%,RL,69,68,24,65,38,80,20,74,21,61,16,57,47,58,28,64,40,33,51,51,30,61,64,53,73,55,64,28
Mgm Resorts International,0.02%,MGM,76,72,70,57,67,62,68,NA,73,67,48,10,51,42,50,52,17,17,44,42,57,15,27,23,25,48,68,65
"Hasbro, Inc.",0.02%,HAS,45,41,54,52,62,43,47,NA,42,33,47,73,37,46,51,63,52,44,32,65,41,43,28,62,77,42,75,48
"Match Group, Inc",0.01%,MTCH,73,69,61,39,74,58,68,NA,69,48,55,44,54,73,60,27,55,44,58,57,61,57,31,24,33,69,29,64
Invesco Ltd,0.01%,IVZ,47,47,58,75,12,40,54,NA,47,31,40,61,69,35,66,20,42,59,31,38,62,30,28,37,65,42,75,21
Apa Corporation,0.02%,APA,60,48,47,69,55,66,51,NA,48,78,88,12,7,63,39,12,4,6,57,47,78,70,22,73,69,54,67,67
"Huntington Ingalls Industries, Inc.",0.01%,HII,41,52,68,27,10,69,69,NA,52,47,36,62,44,43,49,51,69,78,17,47,42,52,NA,NA,NA,NA,NA,NA
Wynn Resorts Ltd,0.02%,WYNN,75,75,33,67,69,61,26,NA,76,29,26,7,44,36,78,63,42,37,76,61,78,75,60,45,66,30,31,19
Borgwarner Inc.,0.01%,BWA,52,52,53,66,13,79,51,NA,52,60,54,62,44,43,65,67,45,40,26,62,50,50,51,16,65,59,46,65
"Mohawk Industries, Inc.",0.02%,MHK,63,45,59,51,49,38,43,NA,45,39,33,67,59,36,29,55,49,39,27,64,31,29,37,25,51,65,59,21
Brown-Forman Corporation Class B,0.03%,BF-B,34,32,26,48,63,44,23,32,24,49,40,38,50,32,50,36,37,48,38,40,39,51,45,61,40,40,54,48
Fmc Corporation,0.01%,FMC,32,20,46,53,41,52,11,NA,20,28,50,52,46,29,14,72,13,39,26,31,38,58,42,50,55,58,52,45
Davita Inc.,0.02%,DVA,73,75,71,83,18,62,74,NA,75,59,61,65,73,54,63,71,62,48,74,49,73,64,55,49,44,55,62,68
Paramount Global Class B,0.01%,PARA,44,29,63,13,31,62,61,NA,29,9,19,59,27,54,47,57,45,26,37,46,47,71,47,33,62,36,37,30
"Walgreens Boots Alliance, Inc",0.01%,WBA,4,4,45,57,6,29,43,3,6,27,53,60,38,55,49,65,52,45,45,62,41,48,59,49,30,53,22,33
"Franklin Resources, Inc.",0.02%,BEN,47,47,35,72,49,9,64,50,36,70,46,61,20,81,35,46,56,49,61,32,44,61,29,46,58,54,54,64
"Qorvo, Inc.",0.01%,QRVO,36,26,31,40,56,45,39,28,51,43,61,63,54,33,22,47,47,59,12,NA,NA,NA,NA,NA,NA,NA,NA,NA
Fox Corporation Class B,0.04%,FOX,42,46,28,60,79,6,14,49,47,48,56,63,71,28,62,33,NA,NA,NA,NA,NA,NA,NA,NA,NA,NA,NA,NA
,,,,,,,,,,,,,,,,,,,,,,,,,,,,,,
,,,TTM,Fiscal Year,Latest Qtr,Previous Qtr,2 QTR ago,3 Qtr Ago,4 QTR Ago,2024,2023,2022,2021,2020,2019,2018,2017,2016,2015,2014,2013,2012,2011,2010,2009,2008,2007,2006,2005,2004
S&P Weighted Index- Cash Flow Momentum Score,,,49.994,50.46,50.943,50.953,49.871,49.669,51.613,17.618,48.662,52.458,52.232,52.2,50.957,52.126,52.136,52.807,53.001,49.249,50.306,50.757,53.07,49.409,46.912,53.314,48.835,45.743,46.486,42.995